info: runtime max_nonlinear_iterations=200 is the hard ceiling for all process solvers
info: loaded runtime surface gas and microbial oxygen parameters
info: loaded runtime layer-resolved soil nitrogen parameters
info: startup phase complete: phase=run_plan elapsed_ms=229
info: structured output tree ready: root='D:\ecosys-modernization\audit\runs\issue-108-ca-probe-deck\runottawa_output_files' resume=false
warning(output_editor): soil editor slot 34 selects layer 15, but this run has 12 layers in that block; the column is not emitted
warning(output_editor): plant editor slot 8 is selected but fouts.f/foutp.f name no variable there; the column is not emitted
warning(output_editor): soil editor slot 20 selects layer 14, but this run has 12 layers in that block; the column is not emitted
warning(output_editor): soil editor slot 21 selects layer 15, but this run has 12 layers in that block; the column is not emitted
warning(output_editor): soil editor slot 22 selects layer 16, but this run has 12 layers in that block; the column is not emitted
warning(output_editor): soil editor slot 23 selects layer 17, but this run has 12 layers in that block; the column is not emitted
warning(output_editor): soil editor slot 24 selects layer 18, but this run has 12 layers in that block; the column is not emitted
warning(output_editor): soil editor slot 25 selects layer 19, but this run has 12 layers in that block; the column is not emitted
warning(output_editor): soil editor slot 26 selects layer 20, but this run has 12 layers in that block; the column is not emitted
warning(output_editor): soil editor slot 40 selects layer 13, but this run has 12 layers in that block; the column is not emitted
warning(output_editor): soil editor slot 41 selects layer 14, but this run has 12 layers in that block; the column is not emitted
warning(output_editor): soil editor slot 42 selects layer 15, but this run has 12 layers in that block; the column is not emitted
warning(output_editor): soil editor slot 43 selects layer 16, but this run has 12 layers in that block; the column is not emitted
warning(output_editor): soil editor slot 44 selects layer 17, but this run has 12 layers in that block; the column is not emitted
warning(output_editor): soil editor slot 45 selects layer 18, but this run has 12 layers in that block; the column is not emitted
warning(output_editor): soil editor slot 46 selects layer 19, but this run has 12 layers in that block; the column is not emitted
warning(output_editor): soil editor slot 47 selects layer 20, but this run has 12 layers in that block; the column is not emitted
warning(output_editor): soil editor slot 29 selects layer 16, but this run has 12 layers in that block; the column is not emitted
warning(output_editor): soil editor slot 19 selects layer 13, but this run has 12 layers in that block; the column is not emitted
warning(output_editor): soil editor slot 33 selects layer 13, but this run has 12 layers in that block; the column is not emitted
warning(output_editor): soil editor slot 32 selects layer 13, but this run has 12 layers in that block; the column is not emitted
warning(output_editor): soil editor slot 33 selects layer 13, but this run has 12 layers in that block; the column is not emitted
warning(output_editor): soil editor slot 34 selects layer 14, but this run has 12 layers in that block; the column is not emitted
warning(output_editor): soil editor slot 35 selects layer 14, but this run has 12 layers in that block; the column is not emitted
warning(output_editor): soil editor slot 34 selects layer 15, but this run has 12 layers in that block; the column is not emitted
warning(output_editor): plant editor slot 8 is selected but fouts.f/foutp.f name no variable there; the column is not emitted
warning(output_editor): soil editor slot 20 selects layer 14, but this run has 12 layers in that block; the column is not emitted
warning(output_editor): soil editor slot 21 selects layer 15, but this run has 12 layers in that block; the column is not emitted
warning(output_editor): soil editor slot 22 selects layer 16, but this run has 12 layers in that block; the column is not emitted
warning(output_editor): soil editor slot 23 selects layer 17, but this run has 12 layers in that block; the column is not emitted
warning(output_editor): soil editor slot 24 selects layer 18, but this run has 12 layers in that block; the column is not emitted
warning(output_editor): soil editor slot 25 selects layer 19, but this run has 12 layers in that block; the column is not emitted
warning(output_editor): soil editor slot 26 selects layer 20, but this run has 12 layers in that block; the column is not emitted
warning(output_editor): soil editor slot 40 selects layer 13, but this run has 12 layers in that block; the column is not emitted
warning(output_editor): soil editor slot 41 selects layer 14, but this run has 12 layers in that block; the column is not emitted
warning(output_editor): soil editor slot 42 selects layer 15, but this run has 12 layers in that block; the column is not emitted
warning(output_editor): soil editor slot 43 selects layer 16, but this run has 12 layers in that block; the column is not emitted
warning(output_editor): soil editor slot 44 selects layer 17, but this run has 12 layers in that block; the column is not emitted
warning(output_editor): soil editor slot 45 selects layer 18, but this run has 12 layers in that block; the column is not emitted
warning(output_editor): soil editor slot 46 selects layer 19, but this run has 12 layers in that block; the column is not emitted
warning(output_editor): soil editor slot 47 selects layer 20, but this run has 12 layers in that block; the column is not emitted
warning(output_editor): soil editor slot 29 selects layer 16, but this run has 12 layers in that block; the column is not emitted
warning(output_editor): soil editor slot 19 selects layer 13, but this run has 12 layers in that block; the column is not emitted
warning(output_editor): soil editor slot 33 selects layer 13, but this run has 12 layers in that block; the column is not emitted
warning(output_editor): soil editor slot 32 selects layer 13, but this run has 12 layers in that block; the column is not emitted
warning(output_editor): soil editor slot 33 selects layer 13, but this run has 12 layers in that block; the column is not emitted
warning(output_editor): soil editor slot 34 selects layer 14, but this run has 12 layers in that block; the column is not emitted
warning(output_editor): soil editor slot 35 selects layer 14, but this run has 12 layers in that block; the column is not emitted
warning(output_editor): soil editor slot 34 selects layer 15, but this run has 12 layers in that block; the column is not emitted
warning(output_editor): plant editor slot 8 is selected but fouts.f/foutp.f name no variable there; the column is not emitted
warning(output_editor): soil editor slot 20 selects layer 14, but this run has 12 layers in that block; the column is not emitted
warning(output_editor): soil editor slot 21 selects layer 15, but this run has 12 layers in that block; the column is not emitted
warning(output_editor): soil editor slot 22 selects layer 16, but this run has 12 layers in that block; the column is not emitted
warning(output_editor): soil editor slot 23 selects layer 17, but this run has 12 layers in that block; the column is not emitted
warning(output_editor): soil editor slot 24 selects layer 18, but this run has 12 layers in that block; the column is not emitted
warning(output_editor): soil editor slot 25 selects layer 19, but this run has 12 layers in that block; the column is not emitted
warning(output_editor): soil editor slot 26 selects layer 20, but this run has 12 layers in that block; the column is not emitted
warning(output_editor): soil editor slot 40 selects layer 13, but this run has 12 layers in that block; the column is not emitted
warning(output_editor): soil editor slot 41 selects layer 14, but this run has 12 layers in that block; the column is not emitted
warning(output_editor): soil editor slot 42 selects layer 15, but this run has 12 layers in that block; the column is not emitted
warning(output_editor): soil editor slot 43 selects layer 16, but this run has 12 layers in that block; the column is not emitted
warning(output_editor): soil editor slot 44 selects layer 17, but this run has 12 layers in that block; the column is not emitted
warning(output_editor): soil editor slot 45 selects layer 18, but this run has 12 layers in that block; the column is not emitted
warning(output_editor): soil editor slot 46 selects layer 19, but this run has 12 layers in that block; the column is not emitted
warning(output_editor): soil editor slot 47 selects layer 20, but this run has 12 layers in that block; the column is not emitted
warning(output_editor): soil editor slot 29 selects layer 16, but this run has 12 layers in that block; the column is not emitted
warning(output_editor): soil editor slot 19 selects layer 13, but this run has 12 layers in that block; the column is not emitted
warning(output_editor): soil editor slot 33 selects layer 13, but this run has 12 layers in that block; the column is not emitted
warning(output_editor): soil editor slot 32 selects layer 13, but this run has 12 layers in that block; the column is not emitted
warning(output_editor): soil editor slot 33 selects layer 13, but this run has 12 layers in that block; the column is not emitted
warning(output_editor): soil editor slot 34 selects layer 14, but this run has 12 layers in that block; the column is not emitted
warning(output_editor): soil editor slot 35 selects layer 14, but this run has 12 layers in that block; the column is not emitted
warning(output_editor): soil editor slot 34 selects layer 15, but this run has 12 layers in that block; the column is not emitted
warning(output_editor): plant editor slot 8 is selected but fouts.f/foutp.f name no variable there; the column is not emitted
warning(output_editor): soil editor slot 20 selects layer 14, but this run has 12 layers in that block; the column is not emitted
warning(output_editor): soil editor slot 21 selects layer 15, but this run has 12 layers in that block; the column is not emitted
warning(output_editor): soil editor slot 22 selects layer 16, but this run has 12 layers in that block; the column is not emitted
warning(output_editor): soil editor slot 23 selects layer 17, but this run has 12 layers in that block; the column is not emitted
warning(output_editor): soil editor slot 24 selects layer 18, but this run has 12 layers in that block; the column is not emitted
warning(output_editor): soil editor slot 25 selects layer 19, but this run has 12 layers in that block; the column is not emitted
warning(output_editor): soil editor slot 26 selects layer 20, but this run has 12 layers in that block; the column is not emitted
warning(output_editor): soil editor slot 40 selects layer 13, but this run has 12 layers in that block; the column is not emitted
warning(output_editor): soil editor slot 41 selects layer 14, but this run has 12 layers in that block; the column is not emitted
warning(output_editor): soil editor slot 42 selects layer 15, but this run has 12 layers in that block; the column is not emitted
warning(output_editor): soil editor slot 43 selects layer 16, but this run has 12 layers in that block; the column is not emitted
warning(output_editor): soil editor slot 44 selects layer 17, but this run has 12 layers in that block; the column is not emitted
warning(output_editor): soil editor slot 45 selects layer 18, but this run has 12 layers in that block; the column is not emitted
warning(output_editor): soil editor slot 46 selects layer 19, but this run has 12 layers in that block; the column is not emitted
warning(output_editor): soil editor slot 47 selects layer 20, but this run has 12 layers in that block; the column is not emitted
warning(output_editor): soil editor slot 19 selects layer 13, but this run has 12 layers in that block; the column is not emitted
warning(output_editor): soil editor slot 33 selects layer 13, but this run has 12 layers in that block; the column is not emitted
warning(output_editor): soil editor slot 32 selects layer 13, but this run has 12 layers in that block; the column is not emitted
warning(output_editor): soil editor slot 33 selects layer 13, but this run has 12 layers in that block; the column is not emitted
warning(output_editor): soil editor slot 34 selects layer 14, but this run has 12 layers in that block; the column is not emitted
warning(output_editor): soil editor slot 35 selects layer 14, but this run has 12 layers in that block; the column is not emitted
warning(output_editor): soil editor slot 34 selects layer 15, but this run has 12 layers in that block; the column is not emitted
warning(output_editor): plant editor slot 8 is selected but fouts.f/foutp.f name no variable there; the column is not emitted
warning(output_editor): soil editor slot 20 selects layer 14, but this run has 12 layers in that block; the column is not emitted
warning(output_editor): soil editor slot 21 selects layer 15, but this run has 12 layers in that block; the column is not emitted
warning(output_editor): soil editor slot 22 selects layer 16, but this run has 12 layers in that block; the column is not emitted
warning(output_editor): soil editor slot 23 selects layer 17, but this run has 12 layers in that block; the column is not emitted
warning(output_editor): soil editor slot 24 selects layer 18, but this run has 12 layers in that block; the column is not emitted
warning(output_editor): soil editor slot 25 selects layer 19, but this run has 12 layers in that block; the column is not emitted
warning(output_editor): soil editor slot 26 selects layer 20, but this run has 12 layers in that block; the column is not emitted
warning(output_editor): soil editor slot 40 selects layer 13, but this run has 12 layers in that block; the column is not emitted
warning(output_editor): soil editor slot 41 selects layer 14, but this run has 12 layers in that block; the column is not emitted
warning(output_editor): soil editor slot 42 selects layer 15, but this run has 12 layers in that block; the column is not emitted
warning(output_editor): soil editor slot 43 selects layer 16, but this run has 12 layers in that block; the column is not emitted
warning(output_editor): soil editor slot 44 selects layer 17, but this run has 12 layers in that block; the column is not emitted
warning(output_editor): soil editor slot 45 selects layer 18, but this run has 12 layers in that block; the column is not emitted
warning(output_editor): soil editor slot 46 selects layer 19, but this run has 12 layers in that block; the column is not emitted
warning(output_editor): soil editor slot 47 selects layer 20, but this run has 12 layers in that block; the column is not emitted
warning(output_editor): soil editor slot 29 selects layer 16, but this run has 12 layers in that block; the column is not emitted
warning(output_editor): soil editor slot 19 selects layer 13, but this run has 12 layers in that block; the column is not emitted
warning(output_editor): soil editor slot 33 selects layer 13, but this run has 12 layers in that block; the column is not emitted
warning(output_editor): soil editor slot 32 selects layer 13, but this run has 12 layers in that block; the column is not emitted
warning(output_editor): soil editor slot 33 selects layer 13, but this run has 12 layers in that block; the column is not emitted
warning(output_editor): soil editor slot 34 selects layer 14, but this run has 12 layers in that block; the column is not emitted
warning(output_editor): soil editor slot 35 selects layer 14, but this run has 12 layers in that block; the column is not emitted
warning(output_editor): soil editor slot 34 selects layer 15, but this run has 12 layers in that block; the column is not emitted
warning(output_editor): plant editor slot 8 is selected but fouts.f/foutp.f name no variable there; the column is not emitted
warning(output_editor): soil editor slot 20 selects layer 14, but this run has 12 layers in that block; the column is not emitted
warning(output_editor): soil editor slot 21 selects layer 15, but this run has 12 layers in that block; the column is not emitted
warning(output_editor): soil editor slot 22 selects layer 16, but this run has 12 layers in that block; the column is not emitted
warning(output_editor): soil editor slot 23 selects layer 17, but this run has 12 layers in that block; the column is not emitted
warning(output_editor): soil editor slot 24 selects layer 18, but this run has 12 layers in that block; the column is not emitted
warning(output_editor): soil editor slot 25 selects layer 19, but this run has 12 layers in that block; the column is not emitted
warning(output_editor): soil editor slot 26 selects layer 20, but this run has 12 layers in that block; the column is not emitted
warning(output_editor): soil editor slot 40 selects layer 13, but this run has 12 layers in that block; the column is not emitted
warning(output_editor): soil editor slot 41 selects layer 14, but this run has 12 layers in that block; the column is not emitted
warning(output_editor): soil editor slot 42 selects layer 15, but this run has 12 layers in that block; the column is not emitted
warning(output_editor): soil editor slot 43 selects layer 16, but this run has 12 layers in that block; the column is not emitted
warning(output_editor): soil editor slot 44 selects layer 17, but this run has 12 layers in that block; the column is not emitted
warning(output_editor): soil editor slot 45 selects layer 18, but this run has 12 layers in that block; the column is not emitted
warning(output_editor): soil editor slot 46 selects layer 19, but this run has 12 layers in that block; the column is not emitted
warning(output_editor): soil editor slot 47 selects layer 20, but this run has 12 layers in that block; the column is not emitted
warning(output_editor): soil editor slot 29 selects layer 16, but this run has 12 layers in that block; the column is not emitted
warning(output_editor): soil editor slot 19 selects layer 13, but this run has 12 layers in that block; the column is not emitted
warning(output_editor): soil editor slot 33 selects layer 13, but this run has 12 layers in that block; the column is not emitted
warning(output_editor): soil editor slot 32 selects layer 13, but this run has 12 layers in that block; the column is not emitted
warning(output_editor): soil editor slot 33 selects layer 13, but this run has 12 layers in that block; the column is not emitted
warning(output_editor): soil editor slot 34 selects layer 14, but this run has 12 layers in that block; the column is not emitted
warning(output_editor): soil editor slot 35 selects layer 14, but this run has 12 layers in that block; the column is not emitted
info: startup phase complete: phase=output_plan elapsed_ms=362
error: TEMP_DIAGNOSTIC n_ledger[init]: cells.len=1
info: startup phase complete: phase=domain_science elapsed_ms=362
info: startup phase complete: phase=soil_process_transport elapsed_ms=363
info: STARTE chemistry beginning: cell_count=1 layer_count=12 max_iterations=200
info: STARTE chemistry layer solved: cell=0 layer=0 elapsed_ms=2 iterations=4 newton_steps=2 anderson_steps=0 converged=true max_scaled_residual=2.153877758411444e-3
info: STARTE chemistry layer evaluations: cell=0 layer=0 full_network_evaluations=8 reaction_span_evaluations=2
info: STARTE chemistry layer strategy calls: cell=0 layer=0 full_network_newton=0 retained_complementarity=0 analytic_coordinate_newton=0 phosphate_extent=0 global_inventory_boundary_recovery=0 active_boundary_surface_recovery=0 active_row_newton=0 ternary_correction_face=0 current_sign_coordinate_anderson=0
info: STARTE chemistry strategy evaluations: cell=0 layer=0 strategy=full_network_newton full_network_evaluations=0 reaction_span_evaluations=0
info: STARTE chemistry strategy evaluations: cell=0 layer=0 strategy=retained_complementarity full_network_evaluations=0 reaction_span_evaluations=0
info: STARTE chemistry strategy evaluations: cell=0 layer=0 strategy=analytic_coordinate_newton full_network_evaluations=0 reaction_span_evaluations=0
info: STARTE chemistry strategy evaluations: cell=0 layer=0 strategy=phosphate_extent full_network_evaluations=0 reaction_span_evaluations=0
info: STARTE chemistry strategy evaluations: cell=0 layer=0 strategy=global_inventory_boundary_recovery full_network_evaluations=0 reaction_span_evaluations=0
info: STARTE chemistry strategy evaluations: cell=0 layer=0 strategy=active_boundary_surface_recovery full_network_evaluations=0 reaction_span_evaluations=0
info: STARTE chemistry strategy evaluations: cell=0 layer=0 strategy=active_row_newton full_network_evaluations=0 reaction_span_evaluations=0
info: STARTE chemistry strategy evaluations: cell=0 layer=0 strategy=ternary_correction_face full_network_evaluations=0 reaction_span_evaluations=0
info: STARTE chemistry strategy evaluations: cell=0 layer=0 strategy=current_sign_coordinate_anderson full_network_evaluations=0 reaction_span_evaluations=0
info: STARTE chemistry layer admissibility backtracks: cell=0 layer=0 calls=0 total_attempts=0 max_attempts=0
info: STARTE reaction-span bounds site: cell=0 layer=0 site=active_boundary_surface calls=0 full_network_evaluations=0 reaction_span_evaluations=0
info: STARTE reaction-span bounds site: cell=0 layer=0 site=active_row_newton calls=0 full_network_evaluations=0 reaction_span_evaluations=0
info: STARTE reaction-span bounds site: cell=0 layer=0 site=analytic_coordinate_newton calls=0 full_network_evaluations=0 reaction_span_evaluations=0
info: STARTE reaction-span bounds site: cell=0 layer=0 site=current_sign_coordinate_anderson calls=0 full_network_evaluations=0 reaction_span_evaluations=0
info: STARTE reaction-span bounds site: cell=0 layer=0 site=full_network_axes calls=0 full_network_evaluations=0 reaction_span_evaluations=0
info: STARTE chemistry layer solved: cell=0 layer=4 elapsed_ms=2 iterations=4 newton_steps=2 anderson_steps=0 converged=true max_scaled_residual=2.153877758411444e-3
info: STARTE chemistry layer evaluations: cell=0 layer=4 full_network_evaluations=8 reaction_span_evaluations=2
info: STARTE chemistry layer strategy calls: cell=0 layer=4 full_network_newton=0 retained_complementarity=0 analytic_coordinate_newton=0 phosphate_extent=0 global_inventory_boundary_recovery=0 active_boundary_surface_recovery=0 active_row_newton=0 ternary_correction_face=0 current_sign_coordinate_anderson=0
info: STARTE chemistry strategy evaluations: cell=0 layer=4 strategy=full_network_newton full_network_evaluations=0 reaction_span_evaluations=0
info: STARTE chemistry strategy evaluations: cell=0 layer=4 strategy=retained_complementarity full_network_evaluations=0 reaction_span_evaluations=0
info: STARTE chemistry strategy evaluations: cell=0 layer=4 strategy=analytic_coordinate_newton full_network_evaluations=0 reaction_span_evaluations=0
info: STARTE chemistry strategy evaluations: cell=0 layer=4 strategy=phosphate_extent full_network_evaluations=0 reaction_span_evaluations=0
info: STARTE chemistry strategy evaluations: cell=0 layer=4 strategy=global_inventory_boundary_recovery full_network_evaluations=0 reaction_span_evaluations=0
info: STARTE chemistry strategy evaluations: cell=0 layer=4 strategy=active_boundary_surface_recovery full_network_evaluations=0 reaction_span_evaluations=0
info: STARTE chemistry strategy evaluations: cell=0 layer=4 strategy=active_row_newton full_network_evaluations=0 reaction_span_evaluations=0
info: STARTE chemistry strategy evaluations: cell=0 layer=4 strategy=ternary_correction_face full_network_evaluations=0 reaction_span_evaluations=0
info: STARTE chemistry strategy evaluations: cell=0 layer=4 strategy=current_sign_coordinate_anderson full_network_evaluations=0 reaction_span_evaluations=0
info: STARTE chemistry layer admissibility backtracks: cell=0 layer=4 calls=0 total_attempts=0 max_attempts=0
info: STARTE reaction-span bounds site: cell=0 layer=4 site=active_boundary_surface calls=0 full_network_evaluations=0 reaction_span_evaluations=0
info: STARTE reaction-span bounds site: cell=0 layer=4 site=active_row_newton calls=0 full_network_evaluations=0 reaction_span_evaluations=0
info: STARTE reaction-span bounds site: cell=0 layer=4 site=analytic_coordinate_newton calls=0 full_network_evaluations=0 reaction_span_evaluations=0
info: STARTE reaction-span bounds site: cell=0 layer=4 site=current_sign_coordinate_anderson calls=0 full_network_evaluations=0 reaction_span_evaluations=0
info: STARTE reaction-span bounds site: cell=0 layer=4 site=full_network_axes calls=0 full_network_evaluations=0 reaction_span_evaluations=0
info: STARTE chemistry layer solved: cell=0 layer=8 elapsed_ms=1 iterations=4 newton_steps=2 anderson_steps=0 converged=true max_scaled_residual=2.138644891497445e-5
info: STARTE chemistry layer evaluations: cell=0 layer=8 full_network_evaluations=8 reaction_span_evaluations=2
info: STARTE chemistry layer strategy calls: cell=0 layer=8 full_network_newton=0 retained_complementarity=0 analytic_coordinate_newton=0 phosphate_extent=0 global_inventory_boundary_recovery=0 active_boundary_surface_recovery=0 active_row_newton=0 ternary_correction_face=0 current_sign_coordinate_anderson=0
info: STARTE chemistry strategy evaluations: cell=0 layer=8 strategy=full_network_newton full_network_evaluations=0 reaction_span_evaluations=0
info: STARTE chemistry strategy evaluations: cell=0 layer=8 strategy=retained_complementarity full_network_evaluations=0 reaction_span_evaluations=0
info: STARTE chemistry strategy evaluations: cell=0 layer=8 strategy=analytic_coordinate_newton full_network_evaluations=0 reaction_span_evaluations=0
info: STARTE chemistry strategy evaluations: cell=0 layer=8 strategy=phosphate_extent full_network_evaluations=0 reaction_span_evaluations=0
info: STARTE chemistry strategy evaluations: cell=0 layer=8 strategy=global_inventory_boundary_recovery full_network_evaluations=0 reaction_span_evaluations=0
info: STARTE chemistry strategy evaluations: cell=0 layer=8 strategy=active_boundary_surface_recovery full_network_evaluations=0 reaction_span_evaluations=0
info: STARTE chemistry strategy evaluations: cell=0 layer=8 strategy=active_row_newton full_network_evaluations=0 reaction_span_evaluations=0
info: STARTE chemistry strategy evaluations: cell=0 layer=8 strategy=ternary_correction_face full_network_evaluations=0 reaction_span_evaluations=0
info: STARTE chemistry strategy evaluations: cell=0 layer=8 strategy=current_sign_coordinate_anderson full_network_evaluations=0 reaction_span_evaluations=0
info: STARTE chemistry layer admissibility backtracks: cell=0 layer=8 calls=0 total_attempts=0 max_attempts=0
info: STARTE reaction-span bounds site: cell=0 layer=8 site=active_boundary_surface calls=0 full_network_evaluations=0 reaction_span_evaluations=0
info: STARTE reaction-span bounds site: cell=0 layer=8 site=active_row_newton calls=0 full_network_evaluations=0 reaction_span_evaluations=0
info: STARTE reaction-span bounds site: cell=0 layer=8 site=analytic_coordinate_newton calls=0 full_network_evaluations=0 reaction_span_evaluations=0
info: STARTE reaction-span bounds site: cell=0 layer=8 site=current_sign_coordinate_anderson calls=0 full_network_evaluations=0 reaction_span_evaluations=0
info: STARTE reaction-span bounds site: cell=0 layer=8 site=full_network_axes calls=0 full_network_evaluations=0 reaction_span_evaluations=0
info: STARTE chemistry layer solved: cell=0 layer=1 elapsed_ms=2 iterations=4 newton_steps=2 anderson_steps=0 converged=true max_scaled_residual=2.153877758411444e-3
info: STARTE chemistry layer evaluations: cell=0 layer=1 full_network_evaluations=8 reaction_span_evaluations=2
info: STARTE chemistry layer strategy calls: cell=0 layer=1 full_network_newton=0 retained_complementarity=0 analytic_coordinate_newton=0 phosphate_extent=0 global_inventory_boundary_recovery=0 active_boundary_surface_recovery=0 active_row_newton=0 ternary_correction_face=0 current_sign_coordinate_anderson=0
info: STARTE chemistry strategy evaluations: cell=0 layer=1 strategy=full_network_newton full_network_evaluations=0 reaction_span_evaluations=0
info: STARTE chemistry strategy evaluations: cell=0 layer=1 strategy=retained_complementarity full_network_evaluations=0 reaction_span_evaluations=0
info: STARTE chemistry strategy evaluations: cell=0 layer=1 strategy=analytic_coordinate_newton full_network_evaluations=0 reaction_span_evaluations=0
info: STARTE chemistry strategy evaluations: cell=0 layer=1 strategy=phosphate_extent full_network_evaluations=0 reaction_span_evaluations=0
info: STARTE chemistry strategy evaluations: cell=0 layer=1 strategy=global_inventory_boundary_recovery full_network_evaluations=0 reaction_span_evaluations=0
info: STARTE chemistry strategy evaluations: cell=0 layer=1 strategy=active_boundary_surface_recovery full_network_evaluations=0 reaction_span_evaluations=0
info: STARTE chemistry strategy evaluations: cell=0 layer=1 strategy=active_row_newton full_network_evaluations=0 reaction_span_evaluations=0
info: STARTE chemistry strategy evaluations: cell=0 layer=1 strategy=ternary_correction_face full_network_evaluations=0 reaction_span_evaluations=0
info: STARTE chemistry strategy evaluations: cell=0 layer=1 strategy=current_sign_coordinate_anderson full_network_evaluations=0 reaction_span_evaluations=0
info: STARTE chemistry layer admissibility backtracks: cell=0 layer=1 calls=0 total_attempts=0 max_attempts=0
info: STARTE reaction-span bounds site: cell=0 layer=1 site=active_boundary_surface calls=0 full_network_evaluations=0 reaction_span_evaluations=0
info: STARTE reaction-span bounds site: cell=0 layer=1 site=active_row_newton calls=0 full_network_evaluations=0 reaction_span_evaluations=0
info: STARTE reaction-span bounds site: cell=0 layer=1 site=analytic_coordinate_newton calls=0 full_network_evaluations=0 reaction_span_evaluations=0
info: STARTE reaction-span bounds site: cell=0 layer=1 site=current_sign_coordinate_anderson calls=0 full_network_evaluations=0 reaction_span_evaluations=0
info: STARTE reaction-span bounds site: cell=0 layer=1 site=full_network_axes calls=0 full_network_evaluations=0 reaction_span_evaluations=0
info: STARTE chemistry layer solved: cell=0 layer=5 elapsed_ms=3 iterations=4 newton_steps=2 anderson_steps=0 converged=true max_scaled_residual=2.153877758411444e-3
info: STARTE chemistry layer evaluations: cell=0 layer=5 full_network_evaluations=8 reaction_span_evaluations=2
info: STARTE chemistry layer strategy calls: cell=0 layer=5 full_network_newton=0 retained_complementarity=0 analytic_coordinate_newton=0 phosphate_extent=0 global_inventory_boundary_recovery=0 active_boundary_surface_recovery=0 active_row_newton=0 ternary_correction_face=0 current_sign_coordinate_anderson=0
info: STARTE chemistry strategy evaluations: cell=0 layer=5 strategy=full_network_newton full_network_evaluations=0 reaction_span_evaluations=0
info: STARTE chemistry strategy evaluations: cell=0 layer=5 strategy=retained_complementarity full_network_evaluations=0 reaction_span_evaluations=0
info: STARTE chemistry strategy evaluations: cell=0 layer=5 strategy=analytic_coordinate_newton full_network_evaluations=0 reaction_span_evaluations=0
info: STARTE chemistry strategy evaluations: cell=0 layer=5 strategy=phosphate_extent full_network_evaluations=0 reaction_span_evaluations=0
info: STARTE chemistry strategy evaluations: cell=0 layer=5 strategy=global_inventory_boundary_recovery full_network_evaluations=0 reaction_span_evaluations=0
info: STARTE chemistry strategy evaluations: cell=0 layer=5 strategy=active_boundary_surface_recovery full_network_evaluations=0 reaction_span_evaluations=0
info: STARTE chemistry strategy evaluations: cell=0 layer=5 strategy=active_row_newton full_network_evaluations=0 reaction_span_evaluations=0
info: STARTE chemistry strategy evaluations: cell=0 layer=5 strategy=ternary_correction_face full_network_evaluations=0 reaction_span_evaluations=0
info: STARTE chemistry strategy evaluations: cell=0 layer=5 strategy=current_sign_coordinate_anderson full_network_evaluations=0 reaction_span_evaluations=0
info: STARTE chemistry layer admissibility backtracks: cell=0 layer=5 calls=0 total_attempts=0 max_attempts=0
info: STARTE reaction-span bounds site: cell=0 layer=5 site=active_boundary_surface calls=0 full_network_evaluations=0 reaction_span_evaluations=0
info: STARTE reaction-span bounds site: cell=0 layer=5 site=active_row_newton calls=0 full_network_evaluations=0 reaction_span_evaluations=0
info: STARTE reaction-span bounds site: cell=0 layer=5 site=analytic_coordinate_newton calls=0 full_network_evaluations=0 reaction_span_evaluations=0
info: STARTE reaction-span bounds site: cell=0 layer=5 site=current_sign_coordinate_anderson calls=0 full_network_evaluations=0 reaction_span_evaluations=0
info: STARTE reaction-span bounds site: cell=0 layer=5 site=full_network_axes calls=0 full_network_evaluations=0 reaction_span_evaluations=0
info: STARTE chemistry layer solved: cell=0 layer=9 elapsed_ms=2 iterations=4 newton_steps=2 anderson_steps=0 converged=true max_scaled_residual=1.4580457102516408e-2
info: STARTE chemistry layer evaluations: cell=0 layer=9 full_network_evaluations=8 reaction_span_evaluations=2
info: STARTE chemistry layer strategy calls: cell=0 layer=9 full_network_newton=0 retained_complementarity=0 analytic_coordinate_newton=0 phosphate_extent=0 global_inventory_boundary_recovery=0 active_boundary_surface_recovery=0 active_row_newton=0 ternary_correction_face=0 current_sign_coordinate_anderson=0
info: STARTE chemistry strategy evaluations: cell=0 layer=9 strategy=full_network_newton full_network_evaluations=0 reaction_span_evaluations=0
info: STARTE chemistry strategy evaluations: cell=0 layer=9 strategy=retained_complementarity full_network_evaluations=0 reaction_span_evaluations=0
info: STARTE chemistry strategy evaluations: cell=0 layer=9 strategy=analytic_coordinate_newton full_network_evaluations=0 reaction_span_evaluations=0
info: STARTE chemistry strategy evaluations: cell=0 layer=9 strategy=phosphate_extent full_network_evaluations=0 reaction_span_evaluations=0
info: STARTE chemistry strategy evaluations: cell=0 layer=9 strategy=global_inventory_boundary_recovery full_network_evaluations=0 reaction_span_evaluations=0
info: STARTE chemistry strategy evaluations: cell=0 layer=9 strategy=active_boundary_surface_recovery full_network_evaluations=0 reaction_span_evaluations=0
info: STARTE chemistry strategy evaluations: cell=0 layer=9 strategy=active_row_newton full_network_evaluations=0 reaction_span_evaluations=0
info: STARTE chemistry strategy evaluations: cell=0 layer=9 strategy=ternary_correction_face full_network_evaluations=0 reaction_span_evaluations=0
info: STARTE chemistry strategy evaluations: cell=0 layer=9 strategy=current_sign_coordinate_anderson full_network_evaluations=0 reaction_span_evaluations=0
info: STARTE chemistry layer admissibility backtracks: cell=0 layer=9 calls=0 total_attempts=0 max_attempts=0
info: STARTE reaction-span bounds site: cell=0 layer=9 site=active_boundary_surface calls=0 full_network_evaluations=0 reaction_span_evaluations=0
info: STARTE reaction-span bounds site: cell=0 layer=9 site=active_row_newton calls=0 full_network_evaluations=0 reaction_span_evaluations=0
info: STARTE reaction-span bounds site: cell=0 layer=9 site=analytic_coordinate_newton calls=0 full_network_evaluations=0 reaction_span_evaluations=0
info: STARTE reaction-span bounds site: cell=0 layer=9 site=current_sign_coordinate_anderson calls=0 full_network_evaluations=0 reaction_span_evaluations=0
info: STARTE reaction-span bounds site: cell=0 layer=9 site=full_network_axes calls=0 full_network_evaluations=0 reaction_span_evaluations=0
info: STARTE chemistry layer solved: cell=0 layer=2 elapsed_ms=2 iterations=4 newton_steps=2 anderson_steps=0 converged=true max_scaled_residual=2.153877758411444e-3
info: STARTE chemistry layer evaluations: cell=0 layer=2 full_network_evaluations=8 reaction_span_evaluations=2
info: STARTE chemistry layer strategy calls: cell=0 layer=2 full_network_newton=0 retained_complementarity=0 analytic_coordinate_newton=0 phosphate_extent=0 global_inventory_boundary_recovery=0 active_boundary_surface_recovery=0 active_row_newton=0 ternary_correction_face=0 current_sign_coordinate_anderson=0
info: STARTE chemistry strategy evaluations: cell=0 layer=2 strategy=full_network_newton full_network_evaluations=0 reaction_span_evaluations=0
info: STARTE chemistry strategy evaluations: cell=0 layer=2 strategy=retained_complementarity full_network_evaluations=0 reaction_span_evaluations=0
info: STARTE chemistry strategy evaluations: cell=0 layer=2 strategy=analytic_coordinate_newton full_network_evaluations=0 reaction_span_evaluations=0
info: STARTE chemistry strategy evaluations: cell=0 layer=2 strategy=phosphate_extent full_network_evaluations=0 reaction_span_evaluations=0
info: STARTE chemistry strategy evaluations: cell=0 layer=2 strategy=global_inventory_boundary_recovery full_network_evaluations=0 reaction_span_evaluations=0
info: STARTE chemistry strategy evaluations: cell=0 layer=2 strategy=active_boundary_surface_recovery full_network_evaluations=0 reaction_span_evaluations=0
info: STARTE chemistry strategy evaluations: cell=0 layer=2 strategy=active_row_newton full_network_evaluations=0 reaction_span_evaluations=0
info: STARTE chemistry strategy evaluations: cell=0 layer=2 strategy=ternary_correction_face full_network_evaluations=0 reaction_span_evaluations=0
info: STARTE chemistry strategy evaluations: cell=0 layer=2 strategy=current_sign_coordinate_anderson full_network_evaluations=0 reaction_span_evaluations=0
info: STARTE chemistry layer admissibility backtracks: cell=0 layer=2 calls=0 total_attempts=0 max_attempts=0
info: STARTE reaction-span bounds site: cell=0 layer=2 site=active_boundary_surface calls=0 full_network_evaluations=0 reaction_span_evaluations=0
info: STARTE reaction-span bounds site: cell=0 layer=2 site=active_row_newton calls=0 full_network_evaluations=0 reaction_span_evaluations=0
info: STARTE reaction-span bounds site: cell=0 layer=2 site=analytic_coordinate_newton calls=0 full_network_evaluations=0 reaction_span_evaluations=0
info: STARTE reaction-span bounds site: cell=0 layer=2 site=current_sign_coordinate_anderson calls=0 full_network_evaluations=0 reaction_span_evaluations=0
info: STARTE reaction-span bounds site: cell=0 layer=2 site=full_network_axes calls=0 full_network_evaluations=0 reaction_span_evaluations=0
info: STARTE chemistry layer solved: cell=0 layer=6 elapsed_ms=1 iterations=4 newton_steps=2 anderson_steps=0 converged=true max_scaled_residual=8.613320528251214e-6
info: STARTE chemistry layer evaluations: cell=0 layer=6 full_network_evaluations=8 reaction_span_evaluations=2
info: STARTE chemistry layer strategy calls: cell=0 layer=6 full_network_newton=0 retained_complementarity=0 analytic_coordinate_newton=0 phosphate_extent=0 global_inventory_boundary_recovery=0 active_boundary_surface_recovery=0 active_row_newton=0 ternary_correction_face=0 current_sign_coordinate_anderson=0
info: STARTE chemistry strategy evaluations: cell=0 layer=6 strategy=full_network_newton full_network_evaluations=0 reaction_span_evaluations=0
info: STARTE chemistry strategy evaluations: cell=0 layer=6 strategy=retained_complementarity full_network_evaluations=0 reaction_span_evaluations=0
info: STARTE chemistry strategy evaluations: cell=0 layer=6 strategy=analytic_coordinate_newton full_network_evaluations=0 reaction_span_evaluations=0
info: STARTE chemistry strategy evaluations: cell=0 layer=6 strategy=phosphate_extent full_network_evaluations=0 reaction_span_evaluations=0
info: STARTE chemistry strategy evaluations: cell=0 layer=6 strategy=global_inventory_boundary_recovery full_network_evaluations=0 reaction_span_evaluations=0
info: STARTE chemistry strategy evaluations: cell=0 layer=6 strategy=active_boundary_surface_recovery full_network_evaluations=0 reaction_span_evaluations=0
info: STARTE chemistry strategy evaluations: cell=0 layer=6 strategy=active_row_newton full_network_evaluations=0 reaction_span_evaluations=0
info: STARTE chemistry strategy evaluations: cell=0 layer=6 strategy=ternary_correction_face full_network_evaluations=0 reaction_span_evaluations=0
info: STARTE chemistry strategy evaluations: cell=0 layer=6 strategy=current_sign_coordinate_anderson full_network_evaluations=0 reaction_span_evaluations=0
info: STARTE chemistry layer admissibility backtracks: cell=0 layer=6 calls=0 total_attempts=0 max_attempts=0
info: STARTE reaction-span bounds site: cell=0 layer=6 site=active_boundary_surface calls=0 full_network_evaluations=0 reaction_span_evaluations=0
info: STARTE reaction-span bounds site: cell=0 layer=6 site=active_row_newton calls=0 full_network_evaluations=0 reaction_span_evaluations=0
info: STARTE reaction-span bounds site: cell=0 layer=6 site=analytic_coordinate_newton calls=0 full_network_evaluations=0 reaction_span_evaluations=0
info: STARTE reaction-span bounds site: cell=0 layer=6 site=current_sign_coordinate_anderson calls=0 full_network_evaluations=0 reaction_span_evaluations=0
info: STARTE reaction-span bounds site: cell=0 layer=6 site=full_network_axes calls=0 full_network_evaluations=0 reaction_span_evaluations=0
info: STARTE chemistry layer solved: cell=0 layer=10 elapsed_ms=1 iterations=4 newton_steps=2 anderson_steps=0 converged=true max_scaled_residual=4.396893230464708e-4
info: STARTE chemistry layer evaluations: cell=0 layer=10 full_network_evaluations=8 reaction_span_evaluations=2
info: STARTE chemistry layer strategy calls: cell=0 layer=10 full_network_newton=0 retained_complementarity=0 analytic_coordinate_newton=0 phosphate_extent=0 global_inventory_boundary_recovery=0 active_boundary_surface_recovery=0 active_row_newton=0 ternary_correction_face=0 current_sign_coordinate_anderson=0
info: STARTE chemistry strategy evaluations: cell=0 layer=10 strategy=full_network_newton full_network_evaluations=0 reaction_span_evaluations=0
info: STARTE chemistry strategy evaluations: cell=0 layer=10 strategy=retained_complementarity full_network_evaluations=0 reaction_span_evaluations=0
info: STARTE chemistry strategy evaluations: cell=0 layer=10 strategy=analytic_coordinate_newton full_network_evaluations=0 reaction_span_evaluations=0
info: STARTE chemistry strategy evaluations: cell=0 layer=10 strategy=phosphate_extent full_network_evaluations=0 reaction_span_evaluations=0
info: STARTE chemistry strategy evaluations: cell=0 layer=10 strategy=global_inventory_boundary_recovery full_network_evaluations=0 reaction_span_evaluations=0
info: STARTE chemistry strategy evaluations: cell=0 layer=10 strategy=active_boundary_surface_recovery full_network_evaluations=0 reaction_span_evaluations=0
info: STARTE chemistry strategy evaluations: cell=0 layer=10 strategy=active_row_newton full_network_evaluations=0 reaction_span_evaluations=0
info: STARTE chemistry strategy evaluations: cell=0 layer=10 strategy=ternary_correction_face full_network_evaluations=0 reaction_span_evaluations=0
info: STARTE chemistry strategy evaluations: cell=0 layer=10 strategy=current_sign_coordinate_anderson full_network_evaluations=0 reaction_span_evaluations=0
info: STARTE chemistry layer admissibility backtracks: cell=0 layer=10 calls=0 total_attempts=0 max_attempts=0
info: STARTE reaction-span bounds site: cell=0 layer=10 site=active_boundary_surface calls=0 full_network_evaluations=0 reaction_span_evaluations=0
info: STARTE reaction-span bounds site: cell=0 layer=10 site=active_row_newton calls=0 full_network_evaluations=0 reaction_span_evaluations=0
info: STARTE reaction-span bounds site: cell=0 layer=10 site=analytic_coordinate_newton calls=0 full_network_evaluations=0 reaction_span_evaluations=0
info: STARTE reaction-span bounds site: cell=0 layer=10 site=current_sign_coordinate_anderson calls=0 full_network_evaluations=0 reaction_span_evaluations=0
info: STARTE reaction-span bounds site: cell=0 layer=10 site=full_network_axes calls=0 full_network_evaluations=0 reaction_span_evaluations=0
info: STARTE chemistry layer solved: cell=0 layer=3 elapsed_ms=2 iterations=4 newton_steps=2 anderson_steps=0 converged=true max_scaled_residual=3.306644705694066e-4
info: STARTE chemistry layer evaluations: cell=0 layer=3 full_network_evaluations=8 reaction_span_evaluations=2
info: STARTE chemistry layer strategy calls: cell=0 layer=3 full_network_newton=0 retained_complementarity=0 analytic_coordinate_newton=0 phosphate_extent=0 global_inventory_boundary_recovery=0 active_boundary_surface_recovery=0 active_row_newton=0 ternary_correction_face=0 current_sign_coordinate_anderson=0
info: STARTE chemistry strategy evaluations: cell=0 layer=3 strategy=full_network_newton full_network_evaluations=0 reaction_span_evaluations=0
info: STARTE chemistry strategy evaluations: cell=0 layer=3 strategy=retained_complementarity full_network_evaluations=0 reaction_span_evaluations=0
info: STARTE chemistry strategy evaluations: cell=0 layer=3 strategy=analytic_coordinate_newton full_network_evaluations=0 reaction_span_evaluations=0
info: STARTE chemistry strategy evaluations: cell=0 layer=3 strategy=phosphate_extent full_network_evaluations=0 reaction_span_evaluations=0
info: STARTE chemistry strategy evaluations: cell=0 layer=3 strategy=global_inventory_boundary_recovery full_network_evaluations=0 reaction_span_evaluations=0
info: STARTE chemistry strategy evaluations: cell=0 layer=3 strategy=active_boundary_surface_recovery full_network_evaluations=0 reaction_span_evaluations=0
info: STARTE chemistry strategy evaluations: cell=0 layer=3 strategy=active_row_newton full_network_evaluations=0 reaction_span_evaluations=0
info: STARTE chemistry strategy evaluations: cell=0 layer=3 strategy=ternary_correction_face full_network_evaluations=0 reaction_span_evaluations=0
info: STARTE chemistry strategy evaluations: cell=0 layer=3 strategy=current_sign_coordinate_anderson full_network_evaluations=0 reaction_span_evaluations=0
info: STARTE chemistry layer admissibility backtracks: cell=0 layer=3 calls=0 total_attempts=0 max_attempts=0
info: STARTE reaction-span bounds site: cell=0 layer=3 site=active_boundary_surface calls=0 full_network_evaluations=0 reaction_span_evaluations=0
info: STARTE reaction-span bounds site: cell=0 layer=3 site=active_row_newton calls=0 full_network_evaluations=0 reaction_span_evaluations=0
info: STARTE reaction-span bounds site: cell=0 layer=3 site=analytic_coordinate_newton calls=0 full_network_evaluations=0 reaction_span_evaluations=0
info: STARTE reaction-span bounds site: cell=0 layer=3 site=current_sign_coordinate_anderson calls=0 full_network_evaluations=0 reaction_span_evaluations=0
info: STARTE reaction-span bounds site: cell=0 layer=3 site=full_network_axes calls=0 full_network_evaluations=0 reaction_span_evaluations=0
info: STARTE chemistry layer solved: cell=0 layer=7 elapsed_ms=1 iterations=4 newton_steps=2 anderson_steps=0 converged=true max_scaled_residual=1.2469860448537536e-6
info: STARTE chemistry layer evaluations: cell=0 layer=7 full_network_evaluations=8 reaction_span_evaluations=2
info: STARTE chemistry layer strategy calls: cell=0 layer=7 full_network_newton=0 retained_complementarity=0 analytic_coordinate_newton=0 phosphate_extent=0 global_inventory_boundary_recovery=0 active_boundary_surface_recovery=0 active_row_newton=0 ternary_correction_face=0 current_sign_coordinate_anderson=0
info: STARTE chemistry strategy evaluations: cell=0 layer=7 strategy=full_network_newton full_network_evaluations=0 reaction_span_evaluations=0
info: STARTE chemistry strategy evaluations: cell=0 layer=7 strategy=retained_complementarity full_network_evaluations=0 reaction_span_evaluations=0
info: STARTE chemistry strategy evaluations: cell=0 layer=7 strategy=analytic_coordinate_newton full_network_evaluations=0 reaction_span_evaluations=0
info: STARTE chemistry strategy evaluations: cell=0 layer=7 strategy=phosphate_extent full_network_evaluations=0 reaction_span_evaluations=0
info: STARTE chemistry strategy evaluations: cell=0 layer=7 strategy=global_inventory_boundary_recovery full_network_evaluations=0 reaction_span_evaluations=0
info: STARTE chemistry strategy evaluations: cell=0 layer=7 strategy=active_boundary_surface_recovery full_network_evaluations=0 reaction_span_evaluations=0
info: STARTE chemistry strategy evaluations: cell=0 layer=7 strategy=active_row_newton full_network_evaluations=0 reaction_span_evaluations=0
info: STARTE chemistry strategy evaluations: cell=0 layer=7 strategy=ternary_correction_face full_network_evaluations=0 reaction_span_evaluations=0
info: STARTE chemistry strategy evaluations: cell=0 layer=7 strategy=current_sign_coordinate_anderson full_network_evaluations=0 reaction_span_evaluations=0
info: STARTE chemistry layer admissibility backtracks: cell=0 layer=7 calls=0 total_attempts=0 max_attempts=0
info: STARTE reaction-span bounds site: cell=0 layer=7 site=active_boundary_surface calls=0 full_network_evaluations=0 reaction_span_evaluations=0
info: STARTE reaction-span bounds site: cell=0 layer=7 site=active_row_newton calls=0 full_network_evaluations=0 reaction_span_evaluations=0
info: STARTE reaction-span bounds site: cell=0 layer=7 site=analytic_coordinate_newton calls=0 full_network_evaluations=0 reaction_span_evaluations=0
info: STARTE reaction-span bounds site: cell=0 layer=7 site=current_sign_coordinate_anderson calls=0 full_network_evaluations=0 reaction_span_evaluations=0
info: STARTE reaction-span bounds site: cell=0 layer=7 site=full_network_axes calls=0 full_network_evaluations=0 reaction_span_evaluations=0
info: STARTE chemistry layer solved: cell=0 layer=11 elapsed_ms=1 iterations=4 newton_steps=2 anderson_steps=0 converged=true max_scaled_residual=9.57766212994546e-6
info: STARTE chemistry layer evaluations: cell=0 layer=11 full_network_evaluations=8 reaction_span_evaluations=2
info: STARTE chemistry layer strategy calls: cell=0 layer=11 full_network_newton=0 retained_complementarity=0 analytic_coordinate_newton=0 phosphate_extent=0 global_inventory_boundary_recovery=0 active_boundary_surface_recovery=0 active_row_newton=0 ternary_correction_face=0 current_sign_coordinate_anderson=0
info: STARTE chemistry strategy evaluations: cell=0 layer=11 strategy=full_network_newton full_network_evaluations=0 reaction_span_evaluations=0
info: STARTE chemistry strategy evaluations: cell=0 layer=11 strategy=retained_complementarity full_network_evaluations=0 reaction_span_evaluations=0
info: STARTE chemistry strategy evaluations: cell=0 layer=11 strategy=analytic_coordinate_newton full_network_evaluations=0 reaction_span_evaluations=0
info: STARTE chemistry strategy evaluations: cell=0 layer=11 strategy=phosphate_extent full_network_evaluations=0 reaction_span_evaluations=0
info: STARTE chemistry strategy evaluations: cell=0 layer=11 strategy=global_inventory_boundary_recovery full_network_evaluations=0 reaction_span_evaluations=0
info: STARTE chemistry strategy evaluations: cell=0 layer=11 strategy=active_boundary_surface_recovery full_network_evaluations=0 reaction_span_evaluations=0
info: STARTE chemistry strategy evaluations: cell=0 layer=11 strategy=active_row_newton full_network_evaluations=0 reaction_span_evaluations=0
info: STARTE chemistry strategy evaluations: cell=0 layer=11 strategy=ternary_correction_face full_network_evaluations=0 reaction_span_evaluations=0
info: STARTE chemistry strategy evaluations: cell=0 layer=11 strategy=current_sign_coordinate_anderson full_network_evaluations=0 reaction_span_evaluations=0
info: STARTE chemistry layer admissibility backtracks: cell=0 layer=11 calls=0 total_attempts=0 max_attempts=0
info: STARTE reaction-span bounds site: cell=0 layer=11 site=active_boundary_surface calls=0 full_network_evaluations=0 reaction_span_evaluations=0
info: STARTE reaction-span bounds site: cell=0 layer=11 site=active_row_newton calls=0 full_network_evaluations=0 reaction_span_evaluations=0
info: STARTE reaction-span bounds site: cell=0 layer=11 site=analytic_coordinate_newton calls=0 full_network_evaluations=0 reaction_span_evaluations=0
info: STARTE reaction-span bounds site: cell=0 layer=11 site=current_sign_coordinate_anderson calls=0 full_network_evaluations=0 reaction_span_evaluations=0
info: STARTE reaction-span bounds site: cell=0 layer=11 site=full_network_axes calls=0 full_network_evaluations=0 reaction_span_evaluations=0
info: startup phase complete: phase=startup_soil_chemistry_starte elapsed_ms=374
info: startup phase complete: phase=pre_timeline elapsed_ms=376
error: TEMP_DIAGNOSTIC n_ledger[init]: cells.len=1
info: THERMAL_PAIRED hour=1 dt_hours=2.5e-1 air_temperature_k=2.648299446517077e2 litter_temperature_k=2.653781407526723e2 soil_temperature_k=2.7860444584154743e2 litter_heat_megajoules=-2.7960209726734568e-2 soil_heat_megajoules=-1.87373492116236e-1 snow_heat_megajoules=-0e0 air_heat_megajoules=2.153337018429709e-1
info: THERMAL_PAIRED hour=1 dt_hours=2.5e-1 air_temperature_k=2.613035009056212e2 litter_temperature_k=2.615100029091482e2 soil_temperature_k=2.725789094467874e2 litter_heat_megajoules=-2.1051570897737428e-2 soil_heat_megajoules=-1.8615458961206818e-1 snow_heat_megajoules=-0e0 air_heat_megajoules=2.0720616050980561e-1
info: THERMAL_PAIRED hour=1 dt_hours=2.5e-1 air_temperature_k=2.602659403147679e2 litter_temperature_k=2.604557628444136e2 soil_temperature_k=2.719126561404106e2 litter_heat_megajoules=-1.9351168961155903e-2 soil_heat_megajoules=-1.8227423842459653e-1 snow_heat_megajoules=-0e0 air_heat_megajoules=2.0162540738575194e-1
info: THERMAL_PAIRED hour=1 dt_hours=2.5e-1 air_temperature_k=2.5776463746522217e2 litter_temperature_k=2.5788712004387736e2 soil_temperature_k=2.6621632202626824e2 litter_heat_megajoules=-1.248919542664636e-2 soil_heat_megajoules=-1.2903347866294615e-1 snow_heat_megajoules=-0e0 air_heat_megajoules=1.4152267408959243e-1
info: TEMP_SOLUTE_CAPTURE path=ecosys-ng-solute-diagnostic-hour1-layer0-before.bin
info: TEMP_SOLUTE_CAPTURE path=ecosys-ng-solute-diagnostic-hour1-layer0-after.bin
info: hourly chemistry layer profile: cell=0 layer=0 packed_cell_index=0 elapsed_ms=285 iterations=5 newton_steps=3 anderson_steps=0 max_scaled_residual=1.770194824415173e-3 full_network_evaluations=6439 reaction_span_evaluations=123629 admissibility_calls=381 admissibility_attempts=770 admissibility_max_attempts=54
info: hourly chemistry strategy profile: cell=0 layer=0 strategy=full_network_newton calls=18 full_network_evaluations=821 reaction_span_evaluations=98441
info: hourly chemistry strategy profile: cell=0 layer=0 strategy=retained_complementarity calls=2 full_network_evaluations=166 reaction_span_evaluations=166
info: hourly chemistry strategy profile: cell=0 layer=0 strategy=analytic_coordinate_newton calls=2 full_network_evaluations=4992 reaction_span_evaluations=20656
info: hourly chemistry strategy profile: cell=0 layer=0 strategy=phosphate_extent calls=1 full_network_evaluations=12 reaction_span_evaluations=0
info: hourly chemistry strategy profile: cell=0 layer=0 strategy=global_inventory_boundary_recovery calls=1 full_network_evaluations=1 reaction_span_evaluations=60
info: hourly chemistry strategy profile: cell=0 layer=0 strategy=active_boundary_surface_recovery calls=1 full_network_evaluations=336 reaction_span_evaluations=766
info: hourly chemistry strategy profile: cell=0 layer=0 strategy=active_row_newton calls=1 full_network_evaluations=83 reaction_span_evaluations=3530
info: hourly chemistry accepted-candidate profile: cell=0 layer=0 candidate=surface_mineral_newton count=2
info: hourly chemistry accepted-candidate profile: cell=0 layer=0 candidate=coordinate_newton count=1
info: hourly chemistry span profile: cell=0 layer=0 site=active_boundary_surface calls=5 full_network_evaluations=0 reaction_span_evaluations=612
info: hourly chemistry span profile: cell=0 layer=0 site=active_row_newton calls=42 full_network_evaluations=0 reaction_span_evaluations=3448
info: hourly chemistry span profile: cell=0 layer=0 site=analytic_coordinate_newton calls=168 full_network_evaluations=0 reaction_span_evaluations=19790
info: hourly chemistry span profile: cell=0 layer=0 site=full_network_axes calls=900 full_network_evaluations=0 reaction_span_evaluations=97626
info: hourly chemistry layer profile: cell=0 layer=4 packed_cell_index=4 elapsed_ms=1 iterations=4 newton_steps=2 anderson_steps=0 max_scaled_residual=2.844356343406859e-3 full_network_evaluations=8 reaction_span_evaluations=2 admissibility_calls=0 admissibility_attempts=0 admissibility_max_attempts=0
info: hourly chemistry accepted-candidate profile: cell=0 layer=4 candidate=surface_mineral_newton count=2
info: hourly chemistry layer profile: cell=0 layer=8 packed_cell_index=8 elapsed_ms=1 iterations=4 newton_steps=2 anderson_steps=0 max_scaled_residual=6.190890753708855e-6 full_network_evaluations=8 reaction_span_evaluations=2 admissibility_calls=0 admissibility_attempts=0 admissibility_max_attempts=0
info: hourly chemistry accepted-candidate profile: cell=0 layer=8 candidate=surface_mineral_newton count=2
info: TEMP_SOLUTE_CAPTURE path=ecosys-ng-solute-diagnostic-hour1-layer1-before.bin
info: TEMP_SOLUTE_CAPTURE path=ecosys-ng-solute-diagnostic-hour1-layer1-after.bin
info: hourly chemistry layer profile: cell=0 layer=1 packed_cell_index=1 elapsed_ms=33 iterations=4 newton_steps=2 anderson_steps=0 max_scaled_residual=1.5495295497599236e-3 full_network_evaluations=8 reaction_span_evaluations=2 admissibility_calls=0 admissibility_attempts=0 admissibility_max_attempts=0
info: hourly chemistry accepted-candidate profile: cell=0 layer=1 candidate=surface_mineral_newton count=2
info: hourly chemistry layer profile: cell=0 layer=5 packed_cell_index=5 elapsed_ms=1 iterations=4 newton_steps=2 anderson_steps=0 max_scaled_residual=2.0952779734103527e-3 full_network_evaluations=8 reaction_span_evaluations=2 admissibility_calls=0 admissibility_attempts=0 admissibility_max_attempts=0
info: hourly chemistry accepted-candidate profile: cell=0 layer=5 candidate=surface_mineral_newton count=2
info: hourly chemistry layer profile: cell=0 layer=9 packed_cell_index=9 elapsed_ms=1 iterations=4 newton_steps=2 anderson_steps=0 max_scaled_residual=2.2931183609188497e-6 full_network_evaluations=8 reaction_span_evaluations=2 admissibility_calls=0 admissibility_attempts=0 admissibility_max_attempts=0
info: hourly chemistry accepted-candidate profile: cell=0 layer=9 candidate=surface_mineral_newton count=2
info: TEMP_SOLUTE_CAPTURE path=ecosys-ng-solute-diagnostic-hour1-layer2-before.bin
info: TEMP_SOLUTE_CAPTURE path=ecosys-ng-solute-diagnostic-hour1-layer2-after.bin
info: hourly chemistry layer profile: cell=0 layer=2 packed_cell_index=2 elapsed_ms=36 iterations=4 newton_steps=2 anderson_steps=0 max_scaled_residual=1.3008698945316593e-3 full_network_evaluations=8 reaction_span_evaluations=2 admissibility_calls=0 admissibility_attempts=0 admissibility_max_attempts=0
info: hourly chemistry accepted-candidate profile: cell=0 layer=2 candidate=surface_mineral_newton count=2
info: hourly chemistry layer profile: cell=0 layer=6 packed_cell_index=6 elapsed_ms=1 iterations=4 newton_steps=2 anderson_steps=0 max_scaled_residual=4.734951889057099e-6 full_network_evaluations=8 reaction_span_evaluations=2 admissibility_calls=0 admissibility_attempts=0 admissibility_max_attempts=0
info: hourly chemistry accepted-candidate profile: cell=0 layer=6 candidate=surface_mineral_newton count=2
info: hourly chemistry layer profile: cell=0 layer=10 packed_cell_index=10 elapsed_ms=1 iterations=4 newton_steps=2 anderson_steps=0 max_scaled_residual=3.8132019280312144e-4 full_network_evaluations=8 reaction_span_evaluations=2 admissibility_calls=0 admissibility_attempts=0 admissibility_max_attempts=0
info: hourly chemistry accepted-candidate profile: cell=0 layer=10 candidate=surface_mineral_newton count=2
info: hourly chemistry layer profile: cell=0 layer=3 packed_cell_index=3 elapsed_ms=1 iterations=4 newton_steps=2 anderson_steps=0 max_scaled_residual=3.2126034354756235e-3 full_network_evaluations=8 reaction_span_evaluations=2 admissibility_calls=0 admissibility_attempts=0 admissibility_max_attempts=0
info: hourly chemistry accepted-candidate profile: cell=0 layer=3 candidate=surface_mineral_newton count=2
info: hourly chemistry layer profile: cell=0 layer=7 packed_cell_index=7 elapsed_ms=1 iterations=4 newton_steps=2 anderson_steps=0 max_scaled_residual=7.269961644901064e-3 full_network_evaluations=8 reaction_span_evaluations=2 admissibility_calls=0 admissibility_attempts=0 admissibility_max_attempts=0
info: hourly chemistry accepted-candidate profile: cell=0 layer=7 candidate=surface_mineral_newton count=2
info: hourly chemistry layer profile: cell=0 layer=11 packed_cell_index=11 elapsed_ms=1 iterations=4 newton_steps=2 anderson_steps=0 max_scaled_residual=2.0942366506716402e-4 full_network_evaluations=8 reaction_span_evaluations=2 admissibility_calls=0 admissibility_attempts=0 admissibility_max_attempts=0
info: hourly chemistry accepted-candidate profile: cell=0 layer=11 candidate=surface_mineral_newton count=2
error: TEMP_DIAGNOSTIC n_ledger[init]: cells.len=1
error: TEMP_DIAGNOSTIC n_ledger[init]: cells.len=1
info: THERMAL_PAIRED hour=2 dt_hours=2.5e-1 air_temperature_k=2.5370282858408754e2 litter_temperature_k=2.538533168263475e2 soil_temperature_k=2.6176363920072265e2 litter_heat_megajoules=-1.4521445113952645e-2 soil_heat_megajoules=-1.2095558762864417e-1 snow_heat_megajoules=-0e0 air_heat_megajoules=1.3547703274259623e-1
info: THERMAL_PAIRED hour=2 dt_hours=2.5e-1 air_temperature_k=2.5249849096320048e2 litter_temperature_k=2.525964294408985e2 soil_temperature_k=2.5951684103267706e2 litter_heat_megajoules=-9.997743761889643e-3 soil_heat_megajoules=-1.0645668496687444e-1 snow_heat_megajoules=-0e0 air_heat_megajoules=1.1645442872876544e-1
info: THERMAL_PAIRED hour=2 dt_hours=2.5e-1 air_temperature_k=2.5204204519816997e2 litter_temperature_k=2.5212451567896574e2 soil_temperature_k=2.5855898286890897e2 litter_heat_megajoules=-8.42279339663433e-3 soil_heat_megajoules=-9.872770213323039e-2 snow_heat_megajoules=-0e0 air_heat_megajoules=1.0715049552986514e-1
info: THERMAL_PAIRED hour=2 dt_hours=2.5e-1 air_temperature_k=2.518566186500727e2 litter_temperature_k=2.5193286611539574e2 soil_temperature_k=2.5815757989745646e2 litter_heat_megajoules=-7.7902561462379815e-3 soil_heat_megajoules=-9.537558161689758e-2 snow_heat_megajoules=-0e0 air_heat_megajoules=1.031658377631349e-1
info: TEMP_SOLUTE_CAPTURE path=ecosys-ng-solute-diagnostic-hour2-layer0-before.bin
info: TEMP_SOLUTE_CAPTURE path=ecosys-ng-solute-diagnostic-hour2-layer0-after.bin
info: TEMP_SOLUTE_CAPTURE path=ecosys-ng-solute-diagnostic-hour2-layer1-before.bin
info: TEMP_SOLUTE_CAPTURE path=ecosys-ng-solute-diagnostic-hour2-layer1-after.bin
info: TEMP_SOLUTE_CAPTURE path=ecosys-ng-solute-diagnostic-hour2-layer2-before.bin
info: TEMP_SOLUTE_CAPTURE path=ecosys-ng-solute-diagnostic-hour2-layer2-after.bin
error: TEMP_DIAGNOSTIC n_ledger[init]: cells.len=1
error: TEMP_DIAGNOSTIC n_ledger[init]: cells.len=1
info: THERMAL_PAIRED hour=3 dt_hours=2.5e-1 air_temperature_k=2.5138999995748227e2 litter_temperature_k=2.5147063242466254e2 soil_temperature_k=2.5757922650402116e2 litter_heat_megajoules=-8.243219868703891e-3 soil_heat_megajoules=-9.195875925192976e-2 snow_heat_megajoules=-0e0 air_heat_megajoules=1.0020197912063354e-1
info: THERMAL_PAIRED hour=3 dt_hours=2.5e-1 air_temperature_k=2.512663275912134e2 litter_temperature_k=2.5133662061472282e2 soil_temperature_k=2.574557099654645e2 litter_heat_megajoules=-7.188929365062822e-3 soil_heat_megajoules=-9.191969018766723e-2 snow_heat_megajoules=-0e0 air_heat_megajoules=9.910861955272993e-2
info: THERMAL_PAIRED hour=3 dt_hours=2.5e-1 air_temperature_k=2.5116443683850906e2 litter_temperature_k=2.5123136852277182e2 soil_temperature_k=2.5721072744200666e2 litter_heat_megajoules=-6.847767592887665e-3 soil_heat_megajoules=-8.973028501446503e-2 snow_heat_megajoules=-0e0 air_heat_megajoules=9.657805260735294e-2
info: THERMAL_PAIRED hour=3 dt_hours=2.5e-1 air_temperature_k=2.510161811388534e2 litter_temperature_k=2.5107777784307055e2 soil_temperature_k=2.568226352760693e2 litter_heat_megajoules=-6.3043914846733756e-3 soil_heat_megajoules=-8.610370693232314e-2 snow_heat_megajoules=-0e0 air_heat_megajoules=9.240809841699658e-2
error: TEMP_DIAGNOSTIC n_ledger[init]: cells.len=1
error: TEMP_DIAGNOSTIC n_ledger[init]: cells.len=1
info: THERMAL_PAIRED hour=4 dt_hours=2.5e-1 air_temperature_k=2.515223593907667e2 litter_temperature_k=2.5155114651673534e2 soil_temperature_k=2.560903235796728e2 litter_heat_megajoules=-2.948085684513161e-3 soil_heat_megajoules=-6.729667881487628e-2 snow_heat_megajoules=-0e0 air_heat_megajoules=7.024476449938889e-2
info: THERMAL_PAIRED hour=4 dt_hours=2.5e-1 air_temperature_k=2.5160082653290075e2 litter_temperature_k=2.516224935261388e2 soil_temperature_k=2.56110207967425e2 litter_heat_megajoules=-2.219774599606329e-3 soil_heat_megajoules=-6.641038068347287e-2 snow_heat_megajoules=-0e0 air_heat_megajoules=6.86301552830788e-2
info: THERMAL_PAIRED hour=4 dt_hours=2.5e-1 air_temperature_k=2.5156601362300847e2 litter_temperature_k=2.5158691101353773e2 soil_temperature_k=2.5600325614904733e2 litter_heat_megajoules=-2.1417606057261246e-3 soil_heat_megajoules=-6.531074003697113e-2 snow_heat_megajoules=-0e0 air_heat_megajoules=6.745250064269677e-2
info: THERMAL_PAIRED hour=4 dt_hours=2.5e-1 air_temperature_k=2.5147389673958781e2 litter_temperature_k=2.5149302565591324e2 soil_temperature_k=2.558173401087483e2 litter_heat_megajoules=-1.961388589149054e-3 soil_heat_megajoules=-6.389023094657918e-2 snow_heat_megajoules=-0e0 air_heat_megajoules=6.58516195357286e-2
error: TEMP_DIAGNOSTIC n_ledger[init]: cells.len=1
error: TEMP_DIAGNOSTIC n_ledger[init]: cells.len=1
info: THERMAL_PAIRED hour=5 dt_hours=2.5e-1 air_temperature_k=2.5125304822955675e2 litter_temperature_k=2.5127430731404138e2 soil_temperature_k=2.555217129807156e2 litter_heat_megajoules=-2.1812076121151087e-3 soil_heat_megajoules=-6.258457599165838e-2 snow_heat_megajoules=-0e0 air_heat_megajoules=6.476578360377336e-2
info: THERMAL_PAIRED hour=5 dt_hours=2.5e-1 air_temperature_k=2.5115690534847724e2 litter_temperature_k=2.5117428075920003e2 soil_temperature_k=2.5541953075287304e2 litter_heat_megajoules=-1.7835314737917475e-3 soil_heat_megajoules=-6.246461707384458e-2 snow_heat_megajoules=-0e0 air_heat_megajoules=6.424814854763591e-2
info: THERMAL_PAIRED hour=5 dt_hours=2.5e-1 air_temperature_k=2.5110275378379853e2 litter_temperature_k=2.511194432906203e2 soil_temperature_k=2.553405420379194e2 litter_heat_megajoules=-1.7138805294050234e-3 soil_heat_megajoules=-6.206616533387427e-2 snow_heat_megajoules=-0e0 air_heat_megajoules=6.378004586327972e-2
info: THERMAL_PAIRED hour=5 dt_hours=2.5e-1 air_temperature_k=2.5106381636055593e2 litter_temperature_k=2.5107994017810026e2 soil_temperature_k=2.5527843923425712e2 litter_heat_megajoules=-1.656515771082917e-3 soil_heat_megajoules=-6.16933211391947e-2 snow_heat_megajoules=-0e0 air_heat_megajoules=6.334983691027755e-2
error: TEMP_DIAGNOSTIC n_ledger[init]: cells.len=1
error: TEMP_DIAGNOSTIC n_ledger[init]: cells.len=1
info: THERMAL_PAIRED hour=6 dt_hours=2.5e-1 air_temperature_k=2.497756950998507e2 litter_temperature_k=2.4983298540684427e2 soil_temperature_k=2.5488843712028e2 litter_heat_megajoules=-5.889530217077475e-3 soil_heat_megajoules=-7.431575580335181e-2 snow_heat_megajoules=-0e0 air_heat_megajoules=8.020528602042834e-2
info: THERMAL_PAIRED hour=6 dt_hours=2.5e-1 air_temperature_k=2.4942660788409682e2 litter_temperature_k=2.4947065395491057e2 soil_temperature_k=2.5448548434698196e2 litter_heat_megajoules=-4.529969188837739e-3 soil_heat_megajoules=-7.349108775323765e-2 snow_heat_megajoules=-0e0 air_heat_megajoules=7.802105694207563e-2
info: THERMAL_PAIRED hour=6 dt_hours=2.5e-1 air_temperature_k=2.4928232957418007e2 litter_temperature_k=2.4932250092390083e2 soil_temperature_k=2.542306646795164e2 litter_heat_megajoules=-4.1332584439077785e-3 soil_heat_megajoules=-7.183945696027362e-2 snow_heat_megajoules=-0e0 air_heat_megajoules=7.597271540418131e-2
info: THERMAL_PAIRED hour=6 dt_hours=2.5e-1 air_temperature_k=2.4921043207432064e2 litter_temperature_k=2.4924873017030552e2 soil_temperature_k=2.5409155723415836e2 litter_heat_megajoules=-3.941958076226834e-3 soil_heat_megajoules=-7.082451360155685e-2 snow_heat_megajoules=-0e0 air_heat_megajoules=7.476647167778422e-2
error: TEMP_DIAGNOSTIC n_ledger[init]: cells.len=1
error: TEMP_DIAGNOSTIC n_ledger[init]: cells.len=1
info: THERMAL_PAIRED hour=7 dt_hours=2.5e-1 air_temperature_k=2.483920855931794e2 litter_temperature_k=2.484540769392127e2 soil_temperature_k=2.5360497274213398e2 litter_heat_megajoules=-6.384022677418143e-3 soil_heat_megajoules=-7.502794156414763e-2 snow_heat_megajoules=-0e0 air_heat_megajoules=8.141196424156492e-2
info: THERMAL_PAIRED hour=7 dt_hours=2.5e-1 air_temperature_k=2.4822541668356618e2 litter_temperature_k=2.4827518278471166e2 soil_temperature_k=2.534700345925166e2 litter_heat_megajoules=-5.126876649407896e-3 soil_heat_megajoules=-7.545634587769945e-2 snow_heat_megajoules=-0e0 air_heat_megajoules=8.058322252710738e-2
info: THERMAL_PAIRED hour=7 dt_hours=2.5e-1 air_temperature_k=2.481727596293999e2 litter_temperature_k=2.4822072636610025e2 soil_temperature_k=2.5337477859592752e2 litter_heat_megajoules=-4.943279769812031e-3 soil_heat_megajoules=-7.480387481534216e-2 snow_heat_megajoules=-0e0 air_heat_megajoules=7.974715458515418e-2
info: THERMAL_PAIRED hour=7 dt_hours=2.5e-1 air_temperature_k=2.48144220799535e2 litter_temperature_k=2.481911579508589e2 soil_temperature_k=2.5330820792429924e2 litter_heat_megajoules=-4.838748164549102e-3 soil_heat_megajoules=-7.421981937922249e-2 snow_heat_megajoules=-0e0 air_heat_megajoules=7.905856754377097e-2
error: TEMP_DIAGNOSTIC n_ledger[init]: cells.len=1
error: TEMP_DIAGNOSTIC n_ledger[init]: cells.len=1
info: THERMAL_PAIRED hour=8 dt_hours=2.5e-1 air_temperature_k=2.4876153374001004e2 litter_temperature_k=2.4878834527901196e2 soil_temperature_k=2.52816409506301e2 litter_heat_megajoules=-2.7653201954014515e-3 soil_heat_megajoules=-5.778061913086649e-2 snow_heat_megajoules=-0e0 air_heat_megajoules=6.05459393262676e-2
info: THERMAL_PAIRED hour=8 dt_hours=2.5e-1 air_temperature_k=2.4904608940816806e2 litter_temperature_k=2.4907197515119057e2 soil_temperature_k=2.5349756270833035e2 litter_heat_megajoules=-2.67069515658626e-3 soil_heat_megajoules=-6.343489464802435e-2 snow_heat_megajoules=-0e0 air_heat_megajoules=6.610558980461083e-2
info: THERMAL_PAIRED hour=8 dt_hours=2.5e-1 air_temperature_k=2.4918406801445627e2 litter_temperature_k=2.4921452417515272e2 soil_temperature_k=2.5379951750962613e2 litter_heat_megajoules=-3.1432462060693753e-3 soil_heat_megajoules=-6.575050855758723e-2 snow_heat_megajoules=-0e0 air_heat_megajoules=6.889375476365693e-2
info: THERMAL_PAIRED hour=8 dt_hours=2.5e-1 air_temperature_k=2.4923423266977503e2 litter_temperature_k=2.4926614665989385e2 soil_temperature_k=2.53897022271099e2 litter_heat_megajoules=-3.294861806724062e-3 soil_heat_megajoules=-6.639681170460605e-2 snow_heat_megajoules=-0e0 air_heat_megajoules=6.969167351133009e-2
error: TEMP_DIAGNOSTIC n_ledger[init]: cells.len=1
error: TEMP_DIAGNOSTIC n_ledger[init]: cells.len=1
error: TEMP_DIAGNOSTIC n_ledger[init]: cells.len=1
error: TEMP_DIAGNOSTIC n_ledger[init]: cells.len=1
error: TEMP_DIAGNOSTIC n_ledger[init]: cells.len=1
error: TEMP_DIAGNOSTIC n_ledger[init]: cells.len=1
error: TEMP_DIAGNOSTIC n_ledger[init]: cells.len=1
error: TEMP_DIAGNOSTIC n_ledger[init]: cells.len=1
error: TEMP_DIAGNOSTIC n_ledger[init]: cells.len=1
error: TEMP_DIAGNOSTIC n_ledger[init]: cells.len=1
error: TEMP_DIAGNOSTIC n_ledger[init]: cells.len=1
error: TEMP_DIAGNOSTIC n_ledger[init]: cells.len=1
error: TEMP_DIAGNOSTIC n_ledger[init]: cells.len=1
error: TEMP_DIAGNOSTIC n_ledger[init]: cells.len=1
error: TEMP_DIAGNOSTIC n_ledger[init]: cells.len=1
error: TEMP_DIAGNOSTIC n_ledger[init]: cells.len=1
error: TEMP_DIAGNOSTIC n_ledger[init]: cells.len=1
error: TEMP_DIAGNOSTIC n_ledger[init]: cells.len=1
error: TEMP_DIAGNOSTIC n_ledger[init]: cells.len=1
error: TEMP_DIAGNOSTIC n_ledger[init]: cells.len=1
error: TEMP_DIAGNOSTIC n_ledger[init]: cells.len=1
error: TEMP_DIAGNOSTIC n_ledger[init]: cells.len=1
error: TEMP_DIAGNOSTIC n_ledger[init]: cells.len=1
error: TEMP_DIAGNOSTIC n_ledger[init]: cells.len=1
error: TEMP_DIAGNOSTIC n_ledger[init]: cells.len=1
error: TEMP_DIAGNOSTIC n_ledger[init]: cells.len=1
error: TEMP_DIAGNOSTIC n_ledger[init]: cells.len=1
error: TEMP_DIAGNOSTIC n_ledger[init]: cells.len=1
error: TEMP_DIAGNOSTIC n_ledger[init]: cells.len=1
error: TEMP_DIAGNOSTIC n_ledger[init]: cells.len=1
error: TEMP_DIAGNOSTIC n_ledger[init]: cells.len=1
error: TEMP_DIAGNOSTIC n_ledger[init]: cells.len=1
error: TEMP_DIAGNOSTIC n_ledger[init]: cells.len=1
info: daily conservation accepted: day=1 year=1998 hour=24 water=4.094780313329966e-15 heat=2.1297915413612372e-13 oxygen=5.133819757447112e-14 hydrogen=6.56489226340532e-17 carbon=6.941637873103e-12 nitrogen=1.1978018351945019e-14 phosphorus=1.0418825832560306e-12 aluminum=9.79771245772105e-9 iron=9.562590837258795e-6 calcium=9.100095172637863e-10 magnesium=0e0 sodium=0e0 potassium=2.9519672601601528e-3 sulfur=0e0 chloride=0e0 silicon=1.0646387564950857e-5 sand=0e0 silt=1e0 clay=0e0 rock_additive=0e0 cec=0e0 aec=2.612244897959184e-1
info: day advanced: scene_weather_hours=24 final_hour_elapsed_ms=284
error: TEMP_DIAGNOSTIC n_ledger[init]: cells.len=1
error: TEMP_DIAGNOSTIC n_ledger[init]: cells.len=1
error: TEMP_DIAGNOSTIC n_ledger[init]: cells.len=1
error: TEMP_DIAGNOSTIC n_ledger[init]: cells.len=1
error: TEMP_DIAGNOSTIC n_ledger[init]: cells.len=1
error: TEMP_DIAGNOSTIC n_ledger[init]: cells.len=1
error: TEMP_DIAGNOSTIC n_ledger[init]: cells.len=1
error: TEMP_DIAGNOSTIC n_ledger[init]: cells.len=1
error: TEMP_DIAGNOSTIC n_ledger[init]: cells.len=1
error: TEMP_DIAGNOSTIC n_ledger[init]: cells.len=1
error: TEMP_DIAGNOSTIC n_ledger[init]: cells.len=1
error: TEMP_DIAGNOSTIC n_ledger[init]: cells.len=1
error: TEMP_DIAGNOSTIC n_ledger[init]: cells.len=1
error: TEMP_DIAGNOSTIC n_ledger[init]: cells.len=1
error: TEMP_DIAGNOSTIC n_ledger[init]: cells.len=1
error: TEMP_DIAGNOSTIC n_ledger[init]: cells.len=1
error: TEMP_DIAGNOSTIC n_ledger[init]: cells.len=1
error: TEMP_DIAGNOSTIC n_ledger[init]: cells.len=1
error: TEMP_DIAGNOSTIC n_ledger[init]: cells.len=1
error: TEMP_DIAGNOSTIC n_ledger[init]: cells.len=1
error: TEMP_DIAGNOSTIC n_ledger[init]: cells.len=1
error: TEMP_DIAGNOSTIC n_ledger[init]: cells.len=1
error: TEMP_DIAGNOSTIC n_ledger[init]: cells.len=1
error: TEMP_DIAGNOSTIC n_ledger[init]: cells.len=1
error: TEMP_DIAGNOSTIC n_ledger[init]: cells.len=1
error: TEMP_DIAGNOSTIC n_ledger[init]: cells.len=1
error: TEMP_DIAGNOSTIC n_ledger[init]: cells.len=1
error: TEMP_DIAGNOSTIC n_ledger[init]: cells.len=1
error: TEMP_DIAGNOSTIC n_ledger[init]: cells.len=1
error: TEMP_DIAGNOSTIC n_ledger[init]: cells.len=1
error: TEMP_DIAGNOSTIC n_ledger[init]: cells.len=1
error: TEMP_DIAGNOSTIC n_ledger[init]: cells.len=1
error: TEMP_DIAGNOSTIC n_ledger[init]: cells.len=1
error: TEMP_DIAGNOSTIC n_ledger[init]: cells.len=1
error: TEMP_DIAGNOSTIC n_ledger[init]: cells.len=1
error: TEMP_DIAGNOSTIC n_ledger[init]: cells.len=1
error: TEMP_DIAGNOSTIC n_ledger[init]: cells.len=1
error: TEMP_DIAGNOSTIC n_ledger[init]: cells.len=1
error: TEMP_DIAGNOSTIC n_ledger[init]: cells.len=1
error: TEMP_DIAGNOSTIC n_ledger[init]: cells.len=1
error: TEMP_DIAGNOSTIC n_ledger[init]: cells.len=1
error: TEMP_DIAGNOSTIC n_ledger[init]: cells.len=1
error: TEMP_DIAGNOSTIC n_ledger[init]: cells.len=1
error: TEMP_DIAGNOSTIC n_ledger[init]: cells.len=1
error: TEMP_DIAGNOSTIC n_ledger[init]: cells.len=1
error: TEMP_DIAGNOSTIC n_ledger[init]: cells.len=1
error: TEMP_DIAGNOSTIC n_ledger[init]: cells.len=1
error: TEMP_DIAGNOSTIC n_ledger[init]: cells.len=1
info: daily conservation accepted: day=2 year=1998 hour=24 water=9.153475474463305e-15 heat=1.91850114899189e-13 oxygen=7.583574650606194e-14 hydrogen=1.6288811630204713e-16 carbon=6.8210914044723454e-12 nitrogen=3.307446588906005e-15 phosphorus=1.5803662284242691e-12 aluminum=9.889331903020003e-10 iron=1.930403111312049e-6 calcium=1.1026893821037324e-9 magnesium=1e0 sodium=2.688754887179124e-3 potassium=3.5807844591517033e-3 sulfur=0e0 chloride=0e0 silicon=3.2270013929808635e-6 sand=1e0 silt=0e0 clay=0e0 rock_additive=0e0 cec=2.3769730733519034e-1 aec=0e0
info: day advanced: scene_weather_hours=48 final_hour_elapsed_ms=312
info: TEMP_PROFILE outer capture elapsed_ms=8
info: TEMP_PROFILE outer_capture_detail bundle_ns=3503300 carbon_ns=1700 gas_ns=26600 context_stable_ns=4786400 transients_stable_ns=437800
info: TEMP_PROFILE prepared elapsed_ms=10
error: TEMP_DIAGNOSTIC n_ledger[init]: cells.len=1
info: TEMP_PROFILE attempt setup elapsed_ms=2 substeps=4
info: TEMP_PROFILE attempt watsub elapsed_ms=50 substeps=4
info: TEMP_PROFILE watsub_detail elapsed_ns=48395100 prepare_ns=1741600 prepare_snow_ns=1648300 prepare_forcing_ns=71700 post_phase_ns=112400 accept_ns=1945700 accept_carrier_ns=1316500 accept_snow_ns=219700 accept_transport_ns=5800 accept_litter_soil_ns=295600 accept_compaction_ns=91800
info: TEMP_PROFILE watsub_core setup_ns=67000 water_solver_ns=19166500 richards_post_ns=33500 vapor_solver_ns=305600 vapor_post_ns=13800 phase_solver_ns=1521400 phase_post_ns=133300 heat_solver_ns=22459800 final_validation_ns=101400 water_work_iterations=11 water_dense_jacobian_assemblies=2 water_dense_jacobian_reuses=5 water_face_flux_cache_hits=355 water_face_flux_cache_misses=257 vapor_work_iterations=8 phase_work_iterations=20 heat_work_iterations=20
info: TEMP_PROFILE water_jacobian_cache supplied=4 loaded=3 ready_at_publication=4 conservative_map_publications=3 published=4
info: TEMP_PROFILE attempt publish elapsed_ms=52 substeps=4
info: TEMP_PROFILE attempt nitro elapsed_ms=55 substeps=4
info: TEMP_PROFILE attempt biology elapsed_ms=57 substeps=4
info: TEMP_PROFILE attempt solute elapsed_ms=173 substeps=4
info: TEMP_PROFILE attempt replay elapsed_ms=207 substeps=4
info: TEMP_PROFILE replay_detail setup_ns=4000 bind_ns=26600 rebase_ns=1729100 interface_ns=281600 aqueous_ns=4448900 organic_ns=1699700 mineral_ns=764100 dissolved_gas_ns=402200 soil_gas_ns=24137900 restore_ns=8600
info: TEMP_PROFILE replay_iterations aqueous_micro_iterations=8 aqueous_macro_iterations=4 aqueous_micro_newton=4 aqueous_macro_newton=0 soil_gas_iterations=17 soil_gas_newton=13 soil_gas_anderson=0 soil_gas_dense_jacobian_assemblies=0 soil_gas_dense_jacobian_reuses=0 soil_gas_krylov_direction_calls=13 soil_gas_krylov_iterations=170
info: TEMP_PROFILE soil_gas_detail setup_ns=80400 faces_ns=24800 boundaries_ns=14000 solver_ns=23974700 publication_ns=8000 stage_post_ns=29700
info: TEMP_PROFILE attempt complete elapsed_ms=211 substeps=4
error: TEMP_DIAGNOSTIC n_ledger[init]: cells.len=1
info: TEMP_PROFILE science elapsed_ms=240
info: TEMP_PROFILE post_science elapsed_ms=241
info: TEMP_PROFILE accepted elapsed_ms=335
info: TEMP_PROFILE outer capture elapsed_ms=10
info: TEMP_PROFILE outer_capture_detail bundle_ns=3532400 carbon_ns=1800 gas_ns=26000 context_stable_ns=6864200 transients_stable_ns=408900
info: TEMP_PROFILE prepared elapsed_ms=11
error: TEMP_DIAGNOSTIC n_ledger[init]: cells.len=1
info: TEMP_PROFILE attempt setup elapsed_ms=2 substeps=4
info: TEMP_PROFILE attempt watsub elapsed_ms=46 substeps=4
info: TEMP_PROFILE watsub_detail elapsed_ns=44089300 prepare_ns=2477700 prepare_snow_ns=2399800 prepare_forcing_ns=57100 post_phase_ns=64900 accept_ns=1876000 accept_carrier_ns=1277600 accept_snow_ns=197600 accept_transport_ns=5800 accept_litter_soil_ns=288500 accept_compaction_ns=91400
info: TEMP_PROFILE watsub_core setup_ns=57300 water_solver_ns=18173300 richards_post_ns=50600 vapor_solver_ns=224000 vapor_post_ns=12600 phase_solver_ns=1154000 phase_post_ns=79700 heat_solver_ns=19163400 final_validation_ns=53000 water_work_iterations=12 water_dense_jacobian_assemblies=2 water_dense_jacobian_reuses=6 water_face_flux_cache_hits=378 water_face_flux_cache_misses=268 vapor_work_iterations=8 phase_work_iterations=20 heat_work_iterations=20
info: TEMP_PROFILE water_jacobian_cache supplied=4 loaded=3 ready_at_publication=4 conservative_map_publications=3 published=4
info: TEMP_PROFILE attempt publish elapsed_ms=48 substeps=4
info: TEMP_PROFILE attempt nitro elapsed_ms=53 substeps=4
info: TEMP_PROFILE attempt biology elapsed_ms=55 substeps=4
info: TEMP_PROFILE attempt solute elapsed_ms=166 substeps=4
info: TEMP_PROFILE attempt replay elapsed_ms=176 substeps=4
info: TEMP_PROFILE replay_detail setup_ns=1400 bind_ns=7200 rebase_ns=479500 interface_ns=86900 aqueous_ns=1339000 organic_ns=477400 mineral_ns=213400 dissolved_gas_ns=109600 soil_gas_ns=6318000 restore_ns=1700
info: TEMP_PROFILE replay_iterations aqueous_micro_iterations=8 aqueous_macro_iterations=4 aqueous_micro_newton=4 aqueous_macro_newton=0 soil_gas_iterations=17 soil_gas_newton=13 soil_gas_anderson=0 soil_gas_dense_jacobian_assemblies=0 soil_gas_dense_jacobian_reuses=0 soil_gas_krylov_direction_calls=13 soil_gas_krylov_iterations=170
info: TEMP_PROFILE soil_gas_detail setup_ns=21700 faces_ns=6300 boundaries_ns=3900 solver_ns=6276100 publication_ns=1600 stage_post_ns=6900
info: TEMP_PROFILE attempt complete elapsed_ms=177 substeps=4
error: TEMP_DIAGNOSTIC n_ledger[init]: cells.len=1
info: TEMP_PROFILE science elapsed_ms=199
info: TEMP_PROFILE post_science elapsed_ms=199
info: TEMP_PROFILE accepted elapsed_ms=253
info: TEMP_PROFILE outer capture elapsed_ms=5
info: TEMP_PROFILE outer_capture_detail bundle_ns=2194100 carbon_ns=1600 gas_ns=19000 context_stable_ns=3171300 transients_stable_ns=280300
info: TEMP_PROFILE prepared elapsed_ms=6
error: TEMP_DIAGNOSTIC n_ledger[init]: cells.len=1
info: TEMP_PROFILE attempt setup elapsed_ms=4 substeps=4
info: TEMP_PROFILE attempt watsub elapsed_ms=52 substeps=4
info: TEMP_PROFILE watsub_detail elapsed_ns=47394200 prepare_ns=1953100 prepare_snow_ns=1878900 prepare_forcing_ns=54300 post_phase_ns=64600 accept_ns=1908500 accept_carrier_ns=1294200 accept_snow_ns=199100 accept_transport_ns=5200 accept_litter_soil_ns=301800 accept_compaction_ns=93100
info: TEMP_PROFILE watsub_core setup_ns=81100 water_solver_ns=20467700 richards_post_ns=47300 vapor_solver_ns=212300 vapor_post_ns=12200 phase_solver_ns=1160200 phase_post_ns=81000 heat_solver_ns=20487100 final_validation_ns=54700 water_work_iterations=11 water_dense_jacobian_assemblies=2 water_dense_jacobian_reuses=5 water_face_flux_cache_hits=355 water_face_flux_cache_misses=257 vapor_work_iterations=8 phase_work_iterations=20 heat_work_iterations=20
info: TEMP_PROFILE water_jacobian_cache supplied=4 loaded=3 ready_at_publication=4 conservative_map_publications=3 published=4
info: TEMP_PROFILE attempt publish elapsed_ms=54 substeps=4
info: TEMP_PROFILE attempt nitro elapsed_ms=58 substeps=4
info: TEMP_PROFILE attempt biology elapsed_ms=60 substeps=4
info: TEMP_PROFILE attempt solute elapsed_ms=173 substeps=4
info: TEMP_PROFILE attempt replay elapsed_ms=207 substeps=4
info: TEMP_PROFILE replay_detail setup_ns=3100 bind_ns=23200 rebase_ns=2382100 interface_ns=273900 aqueous_ns=4848300 organic_ns=1558000 mineral_ns=647400 dissolved_gas_ns=404400 soil_gas_ns=22950300 restore_ns=11100
info: TEMP_PROFILE replay_iterations aqueous_micro_iterations=8 aqueous_macro_iterations=4 aqueous_micro_newton=4 aqueous_macro_newton=0 soil_gas_iterations=17 soil_gas_newton=13 soil_gas_anderson=0 soil_gas_dense_jacobian_assemblies=0 soil_gas_dense_jacobian_reuses=0 soil_gas_krylov_direction_calls=13 soil_gas_krylov_iterations=169
info: TEMP_PROFILE soil_gas_detail setup_ns=70600 faces_ns=20900 boundaries_ns=13000 solver_ns=22808700 publication_ns=6200 stage_post_ns=24800
info: TEMP_PROFILE attempt complete elapsed_ms=210 substeps=4
error: TEMP_DIAGNOSTIC n_ledger[init]: cells.len=1
info: TEMP_PROFILE science elapsed_ms=231
info: TEMP_PROFILE post_science elapsed_ms=232
info: TEMP_PROFILE accepted elapsed_ms=305
info: TEMP_PROFILE outer capture elapsed_ms=9
info: TEMP_PROFILE outer_capture_detail bundle_ns=3801500 carbon_ns=1600 gas_ns=24100 context_stable_ns=4936100 transients_stable_ns=595500
info: TEMP_PROFILE prepared elapsed_ms=10
error: TEMP_DIAGNOSTIC n_ledger[init]: cells.len=1
info: TEMP_PROFILE attempt setup elapsed_ms=2 substeps=4
info: TEMP_PROFILE attempt watsub elapsed_ms=46 substeps=4
info: TEMP_PROFILE watsub_detail elapsed_ns=44041900 prepare_ns=1735900 prepare_snow_ns=1660200 prepare_forcing_ns=55300 post_phase_ns=83300 accept_ns=1679200 accept_carrier_ns=1135700 accept_snow_ns=178400 accept_transport_ns=4600 accept_litter_soil_ns=262600 accept_compaction_ns=83800
info: TEMP_PROFILE watsub_core setup_ns=68000 water_solver_ns=18066400 richards_post_ns=35700 vapor_solver_ns=207700 vapor_post_ns=11900 phase_solver_ns=1142200 phase_post_ns=98400 heat_solver_ns=19849100 final_validation_ns=53700 water_work_iterations=12 water_dense_jacobian_assemblies=2 water_dense_jacobian_reuses=6 water_face_flux_cache_hits=378 water_face_flux_cache_misses=268 vapor_work_iterations=8 phase_work_iterations=20 heat_work_iterations=20
info: TEMP_PROFILE water_jacobian_cache supplied=4 loaded=3 ready_at_publication=4 conservative_map_publications=3 published=4
info: TEMP_PROFILE attempt publish elapsed_ms=47 substeps=4
info: TEMP_PROFILE attempt nitro elapsed_ms=50 substeps=4
info: TEMP_PROFILE attempt biology elapsed_ms=51 substeps=4
info: TEMP_PROFILE attempt solute elapsed_ms=168 substeps=4
info: TEMP_PROFILE attempt replay elapsed_ms=202 substeps=4
info: TEMP_PROFILE replay_detail setup_ns=3600 bind_ns=29800 rebase_ns=1769200 interface_ns=265800 aqueous_ns=4811200 organic_ns=1767900 mineral_ns=753700 dissolved_gas_ns=399900 soil_gas_ns=23903400 restore_ns=5700
info: TEMP_PROFILE replay_iterations aqueous_micro_iterations=8 aqueous_macro_iterations=4 aqueous_micro_newton=4 aqueous_macro_newton=0 soil_gas_iterations=17 soil_gas_newton=13 soil_gas_anderson=0 soil_gas_dense_jacobian_assemblies=0 soil_gas_dense_jacobian_reuses=0 soil_gas_krylov_direction_calls=13 soil_gas_krylov_iterations=168
info: TEMP_PROFILE soil_gas_detail setup_ns=78700 faces_ns=23800 boundaries_ns=14700 solver_ns=23742400 publication_ns=6600 stage_post_ns=29400
info: TEMP_PROFILE attempt complete elapsed_ms=206 substeps=4
error: TEMP_DIAGNOSTIC n_ledger[init]: cells.len=1
info: TEMP_PROFILE science elapsed_ms=232
info: TEMP_PROFILE post_science elapsed_ms=233
info: TEMP_PROFILE accepted elapsed_ms=304
info: TEMP_PROFILE outer capture elapsed_ms=8
info: TEMP_PROFILE outer_capture_detail bundle_ns=3609600 carbon_ns=1600 gas_ns=23800 context_stable_ns=4684500 transients_stable_ns=395600
info: TEMP_PROFILE prepared elapsed_ms=9
error: TEMP_DIAGNOSTIC n_ledger[init]: cells.len=1
info: TEMP_PROFILE attempt setup elapsed_ms=2 substeps=4
info: TEMP_PROFILE attempt watsub elapsed_ms=46 substeps=4
info: TEMP_PROFILE watsub_detail elapsed_ns=44011600 prepare_ns=1886400 prepare_snow_ns=1815400 prepare_forcing_ns=51000 post_phase_ns=59900 accept_ns=1640100 accept_carrier_ns=1104800 accept_snow_ns=184400 accept_transport_ns=4600 accept_litter_soil_ns=251200 accept_compaction_ns=79000
info: TEMP_PROFILE watsub_core setup_ns=61300 water_solver_ns=17825300 richards_post_ns=43900 vapor_solver_ns=171100 vapor_post_ns=10100 phase_solver_ns=1186800 phase_post_ns=74400 heat_solver_ns=20350400 final_validation_ns=43300 water_work_iterations=11 water_dense_jacobian_assemblies=2 water_dense_jacobian_reuses=5 water_face_flux_cache_hits=355 water_face_flux_cache_misses=257 vapor_work_iterations=8 phase_work_iterations=20 heat_work_iterations=20
info: TEMP_PROFILE water_jacobian_cache supplied=4 loaded=3 ready_at_publication=4 conservative_map_publications=3 published=4
info: TEMP_PROFILE attempt publish elapsed_ms=48 substeps=4
info: TEMP_PROFILE attempt nitro elapsed_ms=54 substeps=4
info: TEMP_PROFILE attempt biology elapsed_ms=56 substeps=4
info: TEMP_PROFILE attempt solute elapsed_ms=174 substeps=4
info: TEMP_PROFILE attempt replay elapsed_ms=214 substeps=4
info: TEMP_PROFILE replay_detail setup_ns=3300 bind_ns=35100 rebase_ns=1826100 interface_ns=340000 aqueous_ns=5484900 organic_ns=1876100 mineral_ns=766300 dissolved_gas_ns=529600 soil_gas_ns=28937700 restore_ns=5800
info: TEMP_PROFILE replay_iterations aqueous_micro_iterations=8 aqueous_macro_iterations=4 aqueous_micro_newton=4 aqueous_macro_newton=0 soil_gas_iterations=17 soil_gas_newton=13 soil_gas_anderson=0 soil_gas_dense_jacobian_assemblies=0 soil_gas_dense_jacobian_reuses=0 soil_gas_krylov_direction_calls=13 soil_gas_krylov_iterations=169
info: TEMP_PROFILE soil_gas_detail setup_ns=77200 faces_ns=24300 boundaries_ns=16000 solver_ns=28765300 publication_ns=8300 stage_post_ns=38400
info: TEMP_PROFILE attempt complete elapsed_ms=218 substeps=4
error: TEMP_DIAGNOSTIC n_ledger[init]: cells.len=1
info: TEMP_PROFILE science elapsed_ms=246
info: TEMP_PROFILE post_science elapsed_ms=247
info: TEMP_PROFILE accepted elapsed_ms=305
info: TEMP_PROFILE outer capture elapsed_ms=12
info: TEMP_PROFILE outer_capture_detail bundle_ns=7461100 carbon_ns=1800 gas_ns=24200 context_stable_ns=4752100 transients_stable_ns=398800
info: TEMP_PROFILE prepared elapsed_ms=13
error: TEMP_DIAGNOSTIC n_ledger[init]: cells.len=1
info: TEMP_PROFILE attempt setup elapsed_ms=2 substeps=4
info: TEMP_PROFILE attempt watsub elapsed_ms=46 substeps=4
info: TEMP_PROFILE watsub_detail elapsed_ns=43953800 prepare_ns=1892700 prepare_snow_ns=1812100 prepare_forcing_ns=60400 post_phase_ns=80600 accept_ns=1908400 accept_carrier_ns=1297300 accept_snow_ns=205200 accept_transport_ns=5100 accept_litter_soil_ns=292100 accept_compaction_ns=93600
info: TEMP_PROFILE watsub_core setup_ns=72700 water_solver_ns=18210500 richards_post_ns=46300 vapor_solver_ns=213100 vapor_post_ns=13500 phase_solver_ns=1143200 phase_post_ns=97000 heat_solver_ns=19418400 final_validation_ns=50200 water_work_iterations=11 water_dense_jacobian_assemblies=2 water_dense_jacobian_reuses=5 water_face_flux_cache_hits=355 water_face_flux_cache_misses=257 vapor_work_iterations=8 phase_work_iterations=20 heat_work_iterations=21
info: TEMP_PROFILE water_jacobian_cache supplied=4 loaded=2 ready_at_publication=4 conservative_map_publications=4 published=4
info: TEMP_PROFILE attempt publish elapsed_ms=48 substeps=4
info: TEMP_PROFILE attempt nitro elapsed_ms=51 substeps=4
info: TEMP_PROFILE attempt biology elapsed_ms=57 substeps=4
info: TEMP_PROFILE attempt solute elapsed_ms=169 substeps=4
info: TEMP_PROFILE attempt replay elapsed_ms=202 substeps=4
info: TEMP_PROFILE replay_detail setup_ns=3200 bind_ns=24500 rebase_ns=1737800 interface_ns=251700 aqueous_ns=4744500 organic_ns=1731900 mineral_ns=719300 dissolved_gas_ns=384100 soil_gas_ns=23167100 restore_ns=4900
info: TEMP_PROFILE replay_iterations aqueous_micro_iterations=8 aqueous_macro_iterations=4 aqueous_micro_newton=4 aqueous_macro_newton=0 soil_gas_iterations=17 soil_gas_newton=13 soil_gas_anderson=0 soil_gas_dense_jacobian_assemblies=0 soil_gas_dense_jacobian_reuses=0 soil_gas_krylov_direction_calls=13 soil_gas_krylov_iterations=167
info: TEMP_PROFILE soil_gas_detail setup_ns=74000 faces_ns=20600 boundaries_ns=12200 solver_ns=23020000 publication_ns=6100 stage_post_ns=28000
info: TEMP_PROFILE attempt complete elapsed_ms=206 substeps=4
error: TEMP_DIAGNOSTIC n_ledger[init]: cells.len=1
info: TEMP_PROFILE science elapsed_ms=235
info: TEMP_PROFILE post_science elapsed_ms=236
info: TEMP_PROFILE accepted elapsed_ms=296
info: TEMP_PROFILE outer capture elapsed_ms=8
info: TEMP_PROFILE outer_capture_detail bundle_ns=3458400 carbon_ns=1700 gas_ns=27200 context_stable_ns=4786900 transients_stable_ns=399300
info: TEMP_PROFILE prepared elapsed_ms=9
error: TEMP_DIAGNOSTIC n_ledger[init]: cells.len=1
info: TEMP_PROFILE attempt setup elapsed_ms=2 substeps=4
info: TEMP_PROFILE attempt watsub elapsed_ms=45 substeps=4
info: TEMP_PROFILE watsub_detail elapsed_ns=43568600 prepare_ns=2396600 prepare_snow_ns=2310500 prepare_forcing_ns=65900 post_phase_ns=55900 accept_ns=1986000 accept_carrier_ns=1370200 accept_snow_ns=200100 accept_transport_ns=5800 accept_litter_soil_ns=298600 accept_compaction_ns=96100
info: TEMP_PROFILE watsub_core setup_ns=63100 water_solver_ns=17511300 richards_post_ns=37100 vapor_solver_ns=179000 vapor_post_ns=10300 phase_solver_ns=1042200 phase_post_ns=69700 heat_solver_ns=19460100 final_validation_ns=50400 water_work_iterations=11 water_dense_jacobian_assemblies=2 water_dense_jacobian_reuses=5 water_face_flux_cache_hits=355 water_face_flux_cache_misses=257 vapor_work_iterations=8 phase_work_iterations=20 heat_work_iterations=22
info: TEMP_PROFILE water_jacobian_cache supplied=4 loaded=3 ready_at_publication=4 conservative_map_publications=3 published=4
info: TEMP_PROFILE attempt publish elapsed_ms=47 substeps=4
info: TEMP_PROFILE attempt nitro elapsed_ms=50 substeps=4
info: TEMP_PROFILE attempt biology elapsed_ms=52 substeps=4
info: TEMP_PROFILE attempt solute elapsed_ms=171 substeps=4
info: TEMP_PROFILE attempt replay elapsed_ms=205 substeps=4
info: TEMP_PROFILE replay_detail setup_ns=3300 bind_ns=28500 rebase_ns=1758700 interface_ns=267400 aqueous_ns=5662100 organic_ns=1705300 mineral_ns=738300 dissolved_gas_ns=426300 soil_gas_ns=23263000 restore_ns=5800
info: TEMP_PROFILE replay_iterations aqueous_micro_iterations=8 aqueous_macro_iterations=4 aqueous_micro_newton=4 aqueous_macro_newton=0 soil_gas_iterations=17 soil_gas_newton=13 soil_gas_anderson=0 soil_gas_dense_jacobian_assemblies=0 soil_gas_dense_jacobian_reuses=0 soil_gas_krylov_direction_calls=13 soil_gas_krylov_iterations=168
info: TEMP_PROFILE soil_gas_detail setup_ns=80000 faces_ns=23000 boundaries_ns=15000 solver_ns=23104000 publication_ns=6300 stage_post_ns=28100
info: TEMP_PROFILE attempt complete elapsed_ms=209 substeps=4
error: TEMP_DIAGNOSTIC n_ledger[init]: cells.len=1
info: TEMP_PROFILE science elapsed_ms=235
info: TEMP_PROFILE post_science elapsed_ms=236
info: TEMP_PROFILE accepted elapsed_ms=279
info: TEMP_PROFILE outer capture elapsed_ms=5
info: TEMP_PROFILE outer_capture_detail bundle_ns=2205600 carbon_ns=1400 gas_ns=18200 context_stable_ns=3229400 transients_stable_ns=295400
info: TEMP_PROFILE prepared elapsed_ms=6
error: TEMP_DIAGNOSTIC n_ledger[init]: cells.len=1
info: TEMP_PROFILE attempt setup elapsed_ms=1 substeps=4
info: TEMP_PROFILE attempt watsub elapsed_ms=45 substeps=4
info: TEMP_PROFILE watsub_detail elapsed_ns=44125800 prepare_ns=1721400 prepare_snow_ns=1641300 prepare_forcing_ns=63000 post_phase_ns=56400 accept_ns=1837500 accept_carrier_ns=1275100 accept_snow_ns=168900 accept_transport_ns=5300 accept_litter_soil_ns=285500 accept_compaction_ns=88000
info: TEMP_PROFILE watsub_core setup_ns=52300 water_solver_ns=17390800 richards_post_ns=37900 vapor_solver_ns=170600 vapor_post_ns=10300 phase_solver_ns=922600 phase_post_ns=69400 heat_solver_ns=21223500 final_validation_ns=49200 water_work_iterations=11 water_dense_jacobian_assemblies=2 water_dense_jacobian_reuses=5 water_face_flux_cache_hits=355 water_face_flux_cache_misses=257 vapor_work_iterations=8 phase_work_iterations=20 heat_work_iterations=24
info: TEMP_PROFILE water_jacobian_cache supplied=4 loaded=2 ready_at_publication=4 conservative_map_publications=4 published=4
info: TEMP_PROFILE attempt publish elapsed_ms=47 substeps=4
info: TEMP_PROFILE attempt nitro elapsed_ms=50 substeps=4
info: TEMP_PROFILE attempt biology elapsed_ms=52 substeps=4
info: TEMP_PROFILE attempt solute elapsed_ms=168 substeps=4
info: TEMP_PROFILE attempt replay elapsed_ms=204 substeps=4
info: TEMP_PROFILE replay_detail setup_ns=3000 bind_ns=31200 rebase_ns=1710600 interface_ns=304300 aqueous_ns=4901900 organic_ns=1700600 mineral_ns=769900 dissolved_gas_ns=401800 soil_gas_ns=25443200 restore_ns=5800
info: TEMP_PROFILE replay_iterations aqueous_micro_iterations=8 aqueous_macro_iterations=4 aqueous_micro_newton=4 aqueous_macro_newton=0 soil_gas_iterations=17 soil_gas_newton=13 soil_gas_anderson=0 soil_gas_dense_jacobian_assemblies=0 soil_gas_dense_jacobian_reuses=0 soil_gas_krylov_direction_calls=13 soil_gas_krylov_iterations=167
info: TEMP_PROFILE soil_gas_detail setup_ns=77600 faces_ns=24200 boundaries_ns=26700 solver_ns=25270000 publication_ns=7100 stage_post_ns=30500
info: TEMP_PROFILE attempt complete elapsed_ms=208 substeps=4
error: TEMP_DIAGNOSTIC n_ledger[init]: cells.len=1
info: TEMP_PROFILE science elapsed_ms=228
info: TEMP_PROFILE post_science elapsed_ms=229
info: TEMP_PROFILE accepted elapsed_ms=278
error: TEMP_DIAGNOSTIC n_ledger[init]: cells.len=1
error: TEMP_DIAGNOSTIC n_ledger[init]: cells.len=1
error: TEMP_DIAGNOSTIC n_ledger[init]: cells.len=1
error: TEMP_DIAGNOSTIC n_ledger[init]: cells.len=1
error: TEMP_DIAGNOSTIC n_ledger[init]: cells.len=1
error: TEMP_DIAGNOSTIC n_ledger[init]: cells.len=1
error: TEMP_DIAGNOSTIC n_ledger[init]: cells.len=1
error: TEMP_DIAGNOSTIC n_ledger[init]: cells.len=1
error: TEMP_DIAGNOSTIC n_ledger[init]: cells.len=1
error: TEMP_DIAGNOSTIC n_ledger[init]: cells.len=1
error: TEMP_DIAGNOSTIC n_ledger[init]: cells.len=1
error: TEMP_DIAGNOSTIC n_ledger[init]: cells.len=1
error: TEMP_DIAGNOSTIC n_ledger[init]: cells.len=1
error: TEMP_DIAGNOSTIC n_ledger[init]: cells.len=1
error: TEMP_DIAGNOSTIC n_ledger[init]: cells.len=1
error: TEMP_DIAGNOSTIC n_ledger[init]: cells.len=1
error: TEMP_DIAGNOSTIC n_ledger[init]: cells.len=1
error: TEMP_DIAGNOSTIC n_ledger[init]: cells.len=1
error: TEMP_DIAGNOSTIC n_ledger[init]: cells.len=1
error: TEMP_DIAGNOSTIC n_ledger[init]: cells.len=1
error: TEMP_DIAGNOSTIC n_ledger[init]: cells.len=1
error: TEMP_DIAGNOSTIC n_ledger[init]: cells.len=1
error: TEMP_DIAGNOSTIC n_ledger[init]: cells.len=1
error: TEMP_DIAGNOSTIC n_ledger[init]: cells.len=1
error: TEMP_DIAGNOSTIC n_ledger[init]: cells.len=1
error: TEMP_DIAGNOSTIC n_ledger[init]: cells.len=1
error: TEMP_DIAGNOSTIC n_ledger[init]: cells.len=1
error: TEMP_DIAGNOSTIC n_ledger[init]: cells.len=1
error: TEMP_DIAGNOSTIC n_ledger[init]: cells.len=1
error: TEMP_DIAGNOSTIC n_ledger[init]: cells.len=1
error: TEMP_DIAGNOSTIC n_ledger[init]: cells.len=1
error: TEMP_DIAGNOSTIC n_ledger[init]: cells.len=1
info: daily conservation accepted: day=3 year=1998 hour=24 water=6.182675650463563e-15 heat=1.906073039608906e-13 oxygen=8.516491646372543e-14 hydrogen=1.771322970093555e-16 carbon=2.2884409639883185e-12 nitrogen=7.570686025028075e-15 phosphorus=2.2021623998406617e-12 aluminum=6.120624084505496e-9 iron=2.9868735231285393e-6 calcium=4.2660494490065593e-10 magnesium=1e0 sodium=2.081199207838782e-3 potassium=2.771665081315301e-3 sulfur=0e0 chloride=0e0 silicon=1.248701659105907e-6 sand=0e0 silt=1e0 clay=0e0 rock_additive=0e0 cec=0e0 aec=1.6920026437541308e-1
info: day advanced: scene_weather_hours=72 final_hour_elapsed_ms=295
error: TEMP_DIAGNOSTIC n_ledger[init]: cells.len=1
error: TEMP_DIAGNOSTIC n_ledger[init]: cells.len=1
error: TEMP_DIAGNOSTIC n_ledger[init]: cells.len=1
error: TEMP_DIAGNOSTIC n_ledger[init]: cells.len=1
error: TEMP_DIAGNOSTIC n_ledger[init]: cells.len=1
error: TEMP_DIAGNOSTIC n_ledger[init]: cells.len=1
error: TEMP_DIAGNOSTIC n_ledger[init]: cells.len=1
error: TEMP_DIAGNOSTIC n_ledger[init]: cells.len=1
error: TEMP_DIAGNOSTIC n_ledger[init]: cells.len=1
error: TEMP_DIAGNOSTIC n_ledger[init]: cells.len=1
error: TEMP_DIAGNOSTIC n_ledger[init]: cells.len=1
error: TEMP_DIAGNOSTIC n_ledger[init]: cells.len=1
error: TEMP_DIAGNOSTIC n_ledger[init]: cells.len=1
error: TEMP_DIAGNOSTIC n_ledger[init]: cells.len=1
error: TEMP_DIAGNOSTIC n_ledger[init]: cells.len=1
error: TEMP_DIAGNOSTIC n_ledger[init]: cells.len=1
error: TEMP_DIAGNOSTIC n_ledger[init]: cells.len=1
error: TEMP_DIAGNOSTIC n_ledger[init]: cells.len=1
error: TEMP_DIAGNOSTIC n_ledger[init]: cells.len=1
error: TEMP_DIAGNOSTIC n_ledger[init]: cells.len=1
error: TEMP_DIAGNOSTIC n_ledger[init]: cells.len=1
error: TEMP_DIAGNOSTIC n_ledger[init]: cells.len=1
error: TEMP_DIAGNOSTIC n_ledger[init]: cells.len=1
error: TEMP_DIAGNOSTIC n_ledger[init]: cells.len=1
error: TEMP_DIAGNOSTIC n_ledger[init]: cells.len=1
error: TEMP_DIAGNOSTIC n_ledger[init]: cells.len=1
error: TEMP_DIAGNOSTIC n_ledger[init]: cells.len=1
error: TEMP_DIAGNOSTIC n_ledger[init]: cells.len=1
error: TEMP_DIAGNOSTIC n_ledger[init]: cells.len=1
error: TEMP_DIAGNOSTIC n_ledger[init]: cells.len=1
error: TEMP_DIAGNOSTIC n_ledger[init]: cells.len=1
error: TEMP_DIAGNOSTIC n_ledger[init]: cells.len=1
error: TEMP_DIAGNOSTIC n_ledger[init]: cells.len=1
error: TEMP_DIAGNOSTIC n_ledger[init]: cells.len=1
error: TEMP_DIAGNOSTIC n_ledger[init]: cells.len=1
error: TEMP_DIAGNOSTIC n_ledger[init]: cells.len=1
error: TEMP_DIAGNOSTIC n_ledger[init]: cells.len=1
error: TEMP_DIAGNOSTIC n_ledger[init]: cells.len=1
error: TEMP_DIAGNOSTIC n_ledger[init]: cells.len=1
error: TEMP_DIAGNOSTIC n_ledger[init]: cells.len=1
error: TEMP_DIAGNOSTIC n_ledger[init]: cells.len=1
error: TEMP_DIAGNOSTIC n_ledger[init]: cells.len=1
error: TEMP_DIAGNOSTIC n_ledger[init]: cells.len=1
error: TEMP_DIAGNOSTIC n_ledger[init]: cells.len=1
error: TEMP_DIAGNOSTIC n_ledger[init]: cells.len=1
error: TEMP_DIAGNOSTIC n_ledger[init]: cells.len=1
error: TEMP_DIAGNOSTIC n_ledger[init]: cells.len=1
error: TEMP_DIAGNOSTIC n_ledger[init]: cells.len=1
info: daily conservation accepted: day=4 year=1998 hour=24 water=7.104539631700647e-15 heat=1.1770422630589348e-13 oxygen=9.41148993344318e-14 hydrogen=1.8403804293267493e-16 carbon=1.6737384349651874e-12 nitrogen=4.291848314972576e-15 phosphorus=2.0908265493255084e-12 aluminum=3.921283974305144e-9 iron=1.2757283109127e-6 calcium=7.288854521207101e-10 magnesium=1e0 sodium=1.7782658134135466e-3 potassium=3.552344714619101e-3 sulfur=0e0 chloride=0e0 silicon=4.267419557122322e-6 sand=1e0 silt=1e0 clay=0e0 rock_additive=0e0 cec=1.2035731076633756e-1 aec=0e0
info: day advanced: scene_weather_hours=96 final_hour_elapsed_ms=278
error: TEMP_DIAGNOSTIC n_ledger[init]: cells.len=1
error: TEMP_DIAGNOSTIC n_ledger[init]: cells.len=1
error: TEMP_DIAGNOSTIC n_ledger[init]: cells.len=1
error: TEMP_DIAGNOSTIC n_ledger[init]: cells.len=1
error: TEMP_DIAGNOSTIC n_ledger[init]: cells.len=1
error: TEMP_DIAGNOSTIC n_ledger[init]: cells.len=1
error: TEMP_DIAGNOSTIC n_ledger[init]: cells.len=1
info: ISSUE079_CREEP_TRACE stage=pre_ingress hour=100 dt_hours=2.5e-1 matrix_rate_m3_per_h=0e0 macro_rate_m3_per_h=0e0 l0=1.7755785640411492e-3 l1=2.8768888034452207e-3 l2=1.1115186952355029e-2 l3=1.45285906247912e-2 l4=1.4550938060892762e-2 l5=1.4696648318364362e-2 l6=2.2919758219956374e-2
info: ISSUE079_CREEP_TRACE stage=post_ingress hour=100 l0=1.7755785640411492e-3 l1=2.8768888034452207e-3 l2=1.1115186952355029e-2 l3=1.45285906247912e-2 l4=1.4550938060892762e-2 l5=1.4696648318364362e-2 l6=2.2919758219956374e-2
info: ISSUE079_CREEP_TRACE stage=pre_ingress hour=100 dt_hours=2.5e-1 matrix_rate_m3_per_h=0e0 macro_rate_m3_per_h=0e0 l0=1.7743656129467931e-3 l1=2.8758576589732175e-3 l2=1.1121893485685912e-2 l3=1.4525590339375978e-2 l4=1.4552748178000861e-2 l5=1.4697764837401532e-2 l6=2.291855700135686e-2
info: ISSUE079_CREEP_TRACE stage=post_ingress hour=100 l0=1.7743656129467931e-3 l1=2.8758576589732175e-3 l2=1.1121893485685912e-2 l3=1.4525590339375978e-2 l4=1.4552748178000861e-2 l5=1.4697764837401532e-2 l6=2.291855700135686e-2
info: ISSUE079_CREEP_TRACE stage=pre_ingress hour=100 dt_hours=2.5e-1 matrix_rate_m3_per_h=0e0 macro_rate_m3_per_h=0e0 l0=1.7730780534291686e-3 l1=2.8748101597841397e-3 l2=1.112859359142154e-2 l3=1.4522657588959039e-2 l4=1.4554480474011457e-2 l5=1.4698880805963826e-2 l6=2.2917365358782273e-2
info: ISSUE079_CREEP_TRACE stage=post_ingress hour=100 l0=1.7730780534291686e-3 l1=2.8748101597841397e-3 l2=1.112859359142154e-2 l3=1.4522657588959039e-2 l4=1.4554480474011457e-2 l5=1.4698880805963826e-2 l6=2.2917365358782273e-2
info: ISSUE079_CREEP_TRACE stage=pre_ingress hour=100 dt_hours=2.5e-1 matrix_rate_m3_per_h=0e0 macro_rate_m3_per_h=0e0 l0=1.7717778156996751e-3 l1=2.87374513434023e-3 l2=1.1135275219044595e-2 l3=1.451979016546437e-2 l4=1.4556138155907316e-2 l5=1.469999517408223e-2 l6=2.291618323995502e-2
info: ISSUE079_CREEP_TRACE stage=post_ingress hour=100 l0=1.7717778156996751e-3 l1=2.87374513434023e-3 l2=1.1135275219044595e-2 l3=1.451979016546437e-2 l4=1.4556138155907316e-2 l5=1.469999517408223e-2 l6=2.291618323995502e-2
error: TEMP_DIAGNOSTIC n_ledger[init]: cells.len=1
error: TEMP_DIAGNOSTIC n_ledger[init]: cells.len=1
info: ISSUE079_CREEP_TRACE stage=pre_ingress hour=101 dt_hours=2.5e-1 matrix_rate_m3_per_h=0e0 macro_rate_m3_per_h=0e0 l0=1.770643069436371e-3 l1=2.8727095316302604e-3 l2=1.114193531465623e-2 l3=1.4516848169603882e-2 l4=1.455751864148845e-2 l5=1.4700685959459359e-2 l6=2.2915114319299282e-2
info: ISSUE079_CREEP_TRACE stage=post_ingress hour=101 l0=1.770643069436371e-3 l1=2.8727095316302604e-3 l2=1.114193531465623e-2 l3=1.4516848169603882e-2 l4=1.455751864148845e-2 l5=1.4700685959459359e-2 l6=2.2915114319299282e-2
info: ISSUE079_CREEP_TRACE stage=pre_ingress hour=101 dt_hours=2.5e-1 matrix_rate_m3_per_h=0e0 macro_rate_m3_per_h=0e0 l0=1.7694089645158538e-3 l1=2.8716261608714043e-3 l2=1.1148551783113804e-2 l3=1.451410514794085e-2 l4=1.4559036195541141e-2 l5=1.4701794048365278e-2 l6=2.291395115859604e-2
info: ISSUE079_CREEP_TRACE stage=post_ingress hour=101 l0=1.7694089645158538e-3 l1=2.8716261608714043e-3 l2=1.1148551783113804e-2 l3=1.451410514794085e-2 l4=1.4559036195541141e-2 l5=1.4701794048365278e-2 l6=2.291395115859604e-2
info: ISSUE079_CREEP_TRACE stage=pre_ingress hour=101 dt_hours=2.5e-1 matrix_rate_m3_per_h=0e0 macro_rate_m3_per_h=0e0 l0=1.7682920618913914e-3 l1=2.870547704561776e-3 l2=1.1155124281061822e-2 l3=1.4511421446504687e-2 l4=1.4560487947994753e-2 l5=1.4702897759190266e-2 l6=2.2912797342130097e-2
info: ISSUE079_CREEP_TRACE stage=post_ingress hour=101 l0=1.7682920618913914e-3 l1=2.870547704561776e-3 l2=1.1155124281061822e-2 l3=1.4511421446504687e-2 l4=1.4560487947994753e-2 l5=1.4702897759190266e-2 l6=2.2912797342130097e-2
info: ISSUE079_CREEP_TRACE stage=pre_ingress hour=101 dt_hours=2.5e-1 matrix_rate_m3_per_h=0e0 macro_rate_m3_per_h=0e0 l0=1.7672839190659552e-3 l1=2.869485355873554e-3 l2=1.1161647868969027e-2 l3=1.450879524232392e-2 l4=1.4561876591963365e-2 l5=1.4703996277785784e-2 l6=2.2911652804008316e-2
info: ISSUE079_CREEP_TRACE stage=post_ingress hour=101 l0=1.7672839190659552e-3 l1=2.869485355873554e-3 l2=1.1161647868969027e-2 l3=1.450879524232392e-2 l4=1.4561876591963365e-2 l5=1.4703996277785784e-2 l6=2.2911652804008316e-2
error: TEMP_DIAGNOSTIC n_ledger[init]: cells.len=1
error: TEMP_DIAGNOSTIC n_ledger[init]: cells.len=1
info: ISSUE079_CREEP_TRACE stage=pre_ingress hour=102 dt_hours=2.5e-1 matrix_rate_m3_per_h=0e0 macro_rate_m3_per_h=0e0 l0=1.766443468697117e-3 l1=2.8684953465423426e-3 l2=1.1168204889633227e-2 l3=1.4506178153290545e-2 l4=1.4563066738998466e-2 l5=1.4704881103500503e-2 l6=2.2910075606975725e-2
info: ISSUE079_CREEP_TRACE stage=post_ingress hour=102 l0=1.766443468697117e-3 l1=2.8684953465423426e-3 l2=1.1168204889633227e-2 l3=1.4506178153290545e-2 l4=1.4563066738998466e-2 l5=1.4704881103500503e-2 l6=2.2910075606975725e-2
info: ISSUE079_CREEP_TRACE stage=pre_ingress hour=102 dt_hours=2.5e-1 matrix_rate_m3_per_h=0e0 macro_rate_m3_per_h=0e0 l0=1.7655430556897066e-3 l1=2.867483711367715e-3 l2=1.1174620516137245e-2 l3=1.450366172425044e-2 l4=1.4564336812142635e-2 l5=1.4705966930046718e-2 l6=2.2908949405738305e-2
info: ISSUE079_CREEP_TRACE stage=post_ingress hour=102 l0=1.7655430556897066e-3 l1=2.867483711367715e-3 l2=1.1174620516137245e-2 l3=1.450366172425044e-2 l4=1.4564336812142635e-2 l5=1.4705966930046718e-2 l6=2.2908949405738305e-2
info: ISSUE079_CREEP_TRACE stage=pre_ingress hour=102 dt_hours=2.5e-1 matrix_rate_m3_per_h=0e0 macro_rate_m3_per_h=0e0 l0=1.7648654407789537e-3 l1=2.8665200984393873e-3 l2=1.1180979471488058e-2 l3=1.4501197779173507e-2 l4=1.4565551180980284e-2 l5=1.470704542815742e-2 l6=2.2907832269224e-2
info: ISSUE079_CREEP_TRACE stage=post_ingress hour=102 l0=1.7648654407789537e-3 l1=2.8665200984393873e-3 l2=1.1180979471488058e-2 l3=1.4501197779173507e-2 l4=1.4565551180980284e-2 l5=1.470704542815742e-2 l6=2.2907832269224e-2
info: ISSUE079_CREEP_TRACE stage=pre_ingress hour=102 dt_hours=2.5e-1 matrix_rate_m3_per_h=0e0 macro_rate_m3_per_h=0e0 l0=1.7645208406532492e-3 l1=2.8656395193279683e-3 l2=1.1187283890256156e-2 l3=1.449878477823255e-2 l4=1.4566712108589145e-2 l5=1.4708115978534466e-2 l6=2.2906724121482765e-2
info: ISSUE079_CREEP_TRACE stage=post_ingress hour=102 l0=1.7645208406532492e-3 l1=2.8656395193279683e-3 l2=1.1187283890256156e-2 l3=1.449878477823255e-2 l4=1.4566712108589145e-2 l5=1.4708115978534466e-2 l6=2.2906724121482765e-2
error: TEMP_DIAGNOSTIC n_ledger[init]: cells.len=1
error: TEMP_DIAGNOSTIC n_ledger[init]: cells.len=1
info: ISSUE079_CREEP_TRACE stage=pre_ingress hour=103 dt_hours=2.5e-1 matrix_rate_m3_per_h=0e0 macro_rate_m3_per_h=0e0 l0=1.7646163541829526e-3 l1=2.864864205091184e-3 l2=1.1193633704917643e-2 l3=1.4496464132300907e-2 l4=1.4567775939246616e-2 l5=1.4709040072498191e-2 l6=2.2905409182189817e-2
info: ISSUE079_CREEP_TRACE stage=post_ingress hour=103 l0=1.7646163541829526e-3 l1=2.864864205091184e-3 l2=1.1193633704917643e-2 l3=1.4496464132300907e-2 l4=1.4567775939246616e-2 l5=1.4709040072498191e-2 l6=2.2905409182189817e-2
info: ISSUE079_CREEP_TRACE stage=pre_ingress hour=103 dt_hours=2.5e-1 matrix_rate_m3_per_h=0e0 macro_rate_m3_per_h=0e0 l0=1.7648825619099272e-3 l1=2.864243740984681e-3 l2=1.1199845605216982e-2 l3=1.4494148574039824e-2 l4=1.4568836395300945e-2 l5=1.4710092965715987e-2 l6=2.2904318801918858e-2
info: ISSUE079_CREEP_TRACE stage=post_ingress hour=103 l0=1.7648825619099272e-3 l1=2.864243740984681e-3 l2=1.1199845605216982e-2 l3=1.4494148574039824e-2 l4=1.4568836395300945e-2 l5=1.4710092965715987e-2 l6=2.2904318801918858e-2
info: ISSUE079_CREEP_TRACE stage=pre_ingress hour=103 dt_hours=2.5e-1 matrix_rate_m3_per_h=0e0 macro_rate_m3_per_h=0e0 l0=1.7655144125355287e-3 l1=2.863791611216349e-3 l2=1.1206023325211013e-2 l3=1.4491879632750898e-2 l4=1.4569849633792424e-2 l5=1.4711136305306302e-2 l6=2.290323717086857e-2
info: ISSUE079_CREEP_TRACE stage=post_ingress hour=103 l0=1.7655144125355287e-3 l1=2.863791611216349e-3 l2=1.1206023325211013e-2 l3=1.4491879632750898e-2 l4=1.4569849633792424e-2 l5=1.4711136305306302e-2 l6=2.290323717086857e-2
info: ISSUE079_CREEP_TRACE stage=pre_ingress hour=103 dt_hours=2.5e-1 matrix_rate_m3_per_h=0e0 macro_rate_m3_per_h=0e0 l0=1.7665406379355417e-3 l1=2.863538786467383e-3 l2=1.1212178359910044e-2 l3=1.4489655941054292e-2 l4=1.4570817554417118e-2 l5=1.4712169632589889e-2 l6=2.2902164206005934e-2
info: ISSUE079_CREEP_TRACE stage=post_ingress hour=103 l0=1.7665406379355417e-3 l1=2.863538786467383e-3 l2=1.1212178359910044e-2 l3=1.4489655941054292e-2 l4=1.4570817554417118e-2 l5=1.4712169632589889e-2 l6=2.2902164206005934e-2
error: TEMP_DIAGNOSTIC n_ledger[init]: cells.len=1
error: TEMP_DIAGNOSTIC n_ledger[init]: cells.len=1
info: ISSUE079_CREEP_TRACE stage=pre_ingress hour=104 dt_hours=2.5e-1 matrix_rate_m3_per_h=0e0 macro_rate_m3_per_h=0e0 l0=1.7680986973838543e-3 l1=2.8634449648957104e-3 l2=1.12183372254823e-2 l3=1.4487543698554636e-2 l4=1.4571786151832892e-2 l5=1.4713151548544544e-2 l6=2.290095840419337e-2
info: ISSUE079_CREEP_TRACE stage=post_ingress hour=104 l0=1.7680986973838543e-3 l1=2.8634449648957104e-3 l2=1.12183372254823e-2 l3=1.4487543698554636e-2 l4=1.4571786151832892e-2 l5=1.4713151548544544e-2 l6=2.290095840419337e-2
info: ISSUE079_CREEP_TRACE stage=pre_ingress hour=104 dt_hours=2.5e-1 matrix_rate_m3_per_h=0e0 macro_rate_m3_per_h=0e0 l0=1.7697465611716055e-3 l1=2.8636589195391434e-3 l2=1.1224488818186185e-2 l3=1.448540648376429e-2 l4=1.4572668855467007e-2 l5=1.4714163486586673e-2 l6=2.2899902553180754e-2
info: ISSUE079_CREEP_TRACE stage=post_ingress hour=104 l0=1.7697465611716055e-3 l1=2.8636589195391434e-3 l2=1.1224488818186185e-2 l3=1.448540648376429e-2 l4=1.4572668855467007e-2 l5=1.4714163486586673e-2 l6=2.2899902553180754e-2
info: ISSUE079_CREEP_TRACE stage=pre_ingress hour=104 dt_hours=2.5e-1 matrix_rate_m3_per_h=0e0 macro_rate_m3_per_h=0e0 l0=1.771718534162702e-3 l1=2.864118838300904e-3 l2=1.1230660307462337e-2 l3=1.4483310551665256e-2 l4=1.4573511461394895e-2 l5=1.4715164242775833e-2 l6=2.2898855110995976e-2
info: ISSUE079_CREEP_TRACE stage=post_ingress hour=104 l0=1.771718534162702e-3 l1=2.864118838300904e-3 l2=1.1230660307462337e-2 l3=1.4483310551665256e-2 l4=1.4573511461394895e-2 l5=1.4715164242775833e-2 l6=2.2898855110995976e-2
info: ISSUE079_CREEP_TRACE stage=pre_ingress hour=104 dt_hours=2.5e-1 matrix_rate_m3_per_h=0e0 macro_rate_m3_per_h=0e0 l0=1.7740130245685424e-3 l1=2.8648370977667056e-3 l2=1.1236867653904888e-2 l3=1.4481254614026745e-2 l4=1.457431556084641e-2 l5=1.4716153489006375e-2 l6=2.2897815989934525e-2
info: ISSUE079_CREEP_TRACE stage=post_ingress hour=104 l0=1.7740130245685424e-3 l1=2.8648370977667056e-3 l2=1.1236867653904888e-2 l3=1.4481254614026745e-2 l4=1.457431556084641e-2 l5=1.4716153489006375e-2 l6=2.2897815989934525e-2
error: TEMP_DIAGNOSTIC n_ledger[init]: cells.len=1
error: TEMP_DIAGNOSTIC n_ledger[init]: cells.len=1
info: ISSUE079_CREEP_TRACE stage=pre_ingress hour=105 dt_hours=2.5e-1 matrix_rate_m3_per_h=0e0 macro_rate_m3_per_h=0e0 l0=1.7769213312292954e-3 l1=2.8656947527011807e-3 l2=1.1243063376188443e-2 l3=1.4479218658625488e-2 l4=1.4575151316472638e-2 l5=1.4717182078170675e-2 l6=2.2896749272379325e-2
info: ISSUE079_CREEP_TRACE stage=post_ingress hour=105 l0=1.7769213312292954e-3 l1=2.8656947527011807e-3 l2=1.1243063376188443e-2 l3=1.4479218658625488e-2 l4=1.4575151316472638e-2 l5=1.4717182078170675e-2 l6=2.2896749272379325e-2
info: ISSUE079_CREEP_TRACE stage=pre_ingress hour=105 dt_hours=2.5e-1 matrix_rate_m3_per_h=0e0 macro_rate_m3_per_h=0e0 l0=1.7796773975845732e-3 l1=2.866952444096144e-3 l2=1.1249394017505961e-2 l3=1.4477238840877482e-2 l4=1.4575882956909956e-2 l5=1.4718147308537028e-2 l6=2.2895726529557063e-2
info: ISSUE079_CREEP_TRACE stage=post_ingress hour=105 l0=1.7796773975845732e-3 l1=2.866952444096144e-3 l2=1.1249394017505961e-2 l3=1.4477238840877482e-2 l4=1.4575882956909956e-2 l5=1.4718147308537028e-2 l6=2.2895726529557063e-2
info: ISSUE079_CREEP_TRACE stage=pre_ingress hour=105 dt_hours=2.5e-1 matrix_rate_m3_per_h=0e0 macro_rate_m3_per_h=0e0 l0=1.78296296671242e-3 l1=2.868498421005534e-3 l2=1.1255810817999649e-2 l3=1.4475295210980725e-2 l4=1.4576580452178925e-2 l5=1.4719100212268034e-2 l6=2.2894711839634336e-2
info: ISSUE079_CREEP_TRACE stage=post_ingress hour=105 l0=1.78296296671242e-3 l1=2.868498421005534e-3 l2=1.1255810817999649e-2 l3=1.4475295210980725e-2 l4=1.4576580452178925e-2 l5=1.4719100212268034e-2 l6=2.2894711839634336e-2
info: ISSUE079_CREEP_TRACE stage=pre_ingress hour=105 dt_hours=2.5e-1 matrix_rate_m3_per_h=0e0 macro_rate_m3_per_h=0e0 l0=1.7868304170200276e-3 l1=2.87036475367528e-3 l2=1.1262333503327502e-2 l3=1.4473386515391233e-2 l4=1.4577245128523647e-2 l5=1.4720040566655983e-2 l6=2.289370511216521e-2
info: ISSUE079_CREEP_TRACE stage=post_ingress hour=105 l0=1.7868304170200276e-3 l1=2.87036475367528e-3 l2=1.1262333503327502e-2 l3=1.4473386515391233e-2 l4=1.4577245128523647e-2 l5=1.4720040566655983e-2 l6=2.289370511216521e-2
error: TEMP_DIAGNOSTIC n_ledger[init]: cells.len=1
error: TEMP_DIAGNOSTIC n_ledger[init]: cells.len=1
info: ISSUE079_CREEP_TRACE stage=pre_ingress hour=106 dt_hours=2.5e-1 matrix_rate_m3_per_h=0e0 macro_rate_m3_per_h=0e0 l0=1.7967258422768152e-3 l1=2.8729815289913196e-3 l2=1.1268870627088e-2 l3=1.4471388624404134e-2 l4=1.4577859725535278e-2 l5=1.4721042776160893e-2 l6=2.2892767806180728e-2
info: ISSUE079_CREEP_TRACE stage=post_ingress hour=106 l0=1.7967258422768152e-3 l1=2.8729815289913196e-3 l2=1.1268870627088e-2 l3=1.4471388624404134e-2 l4=1.4577859725535278e-2 l5=1.4721042776160893e-2 l6=2.2892767806180728e-2
info: ISSUE079_CREEP_TRACE stage=pre_ingress hour=106 dt_hours=2.5e-1 matrix_rate_m3_per_h=0e0 macro_rate_m3_per_h=0e0 l0=1.80892808462994e-3 l1=2.8767639180409116e-3 l2=1.1275790040109347e-2 l3=1.4469545824274696e-2 l4=1.4578462553144631e-2 l5=1.472195734466805e-2 l6=2.2891776720449036e-2
info: ISSUE079_CREEP_TRACE stage=post_ingress hour=106 l0=1.80892808462994e-3 l1=2.8767639180409116e-3 l2=1.1275790040109347e-2 l3=1.4469545824274696e-2 l4=1.4578462553144631e-2 l5=1.472195734466805e-2 l6=2.2891776720449036e-2
info: ISSUE079_CREEP_TRACE stage=pre_ingress hour=106 dt_hours=2.5e-1 matrix_rate_m3_per_h=0e0 macro_rate_m3_per_h=0e0 l0=1.8119580967134495e-3 l1=2.880544715344281e-3 l2=1.1282932248329845e-2 l3=1.4467733938644091e-2 l4=1.4579036178022768e-2 l5=1.4722858830024504e-2 l6=2.28907933233807e-2
info: ISSUE079_CREEP_TRACE stage=post_ingress hour=106 l0=1.8119580967134495e-3 l1=2.880544715344281e-3 l2=1.1282932248329845e-2 l3=1.4467733938644091e-2 l4=1.4579036178022768e-2 l5=1.4722858830024504e-2 l6=2.28907933233807e-2
info: ISSUE079_CREEP_TRACE stage=pre_ingress hour=106 dt_hours=2.5e-1 matrix_rate_m3_per_h=0e0 macro_rate_m3_per_h=0e0 l0=1.8143574679163601e-3 l1=2.8842691732227856e-3 l2=1.129028909389928e-2 l3=1.4465951594527715e-2 l4=1.457958169282363e-2 l5=1.4723747093863305e-2 l6=2.2889817523690976e-2
info: ISSUE079_CREEP_TRACE stage=post_ingress hour=106 l0=1.8143574679163601e-3 l1=2.8842691732227856e-3 l2=1.129028909389928e-2 l3=1.4465951594527715e-2 l4=1.457958169282363e-2 l5=1.4723747093863305e-2 l6=2.2889817523690976e-2
error: TEMP_DIAGNOSTIC n_ledger[init]: cells.len=1
error: TEMP_DIAGNOSTIC n_ledger[init]: cells.len=1
info: ISSUE079_CREEP_TRACE stage=pre_ingress hour=107 dt_hours=2.5e-1 matrix_rate_m3_per_h=0e0 macro_rate_m3_per_h=0e0 l0=1.816955877822478e-3 l1=2.887657098277209e-3 l2=1.1297694359172583e-2 l3=1.4463932869572432e-2 l4=1.4579976644911764e-2 l5=1.4724606693901536e-2 l6=2.2888933665335526e-2
info: ISSUE079_CREEP_TRACE stage=post_ingress hour=107 l0=1.816955877822478e-3 l1=2.887657098277209e-3 l2=1.1297694359172583e-2 l3=1.4463932869572432e-2 l4=1.4579976644911764e-2 l5=1.4724606693901536e-2 l6=2.2888933665335526e-2
info: ISSUE079_CREEP_TRACE stage=pre_ingress hour=107 dt_hours=2.5e-1 matrix_rate_m3_per_h=0e0 macro_rate_m3_per_h=0e0 l0=1.819313529847867e-3 l1=2.8912507211784986e-3 l2=1.1305459561387727e-2 l3=1.446220544629092e-2 l4=1.458046902972469e-2 l5=1.4725468075928193e-2 l6=2.2887972781168754e-2
info: ISSUE079_CREEP_TRACE stage=post_ingress hour=107 l0=1.819313529847867e-3 l1=2.8912507211784986e-3 l2=1.1305459561387727e-2 l3=1.446220544629092e-2 l4=1.458046902972469e-2 l5=1.4725468075928193e-2 l6=2.2887972781168754e-2
info: ISSUE079_CREEP_TRACE stage=pre_ingress hour=107 dt_hours=2.5e-1 matrix_rate_m3_per_h=0e0 macro_rate_m3_per_h=0e0 l0=1.8225279834534068e-3 l1=2.894887045574233e-3 l2=1.1313420828384838e-2 l3=1.4460503765048927e-2 l4=1.4580936263614933e-2 l5=1.4726315924477583e-2 l6=2.28870192184388e-2
info: ISSUE079_CREEP_TRACE stage=post_ingress hour=107 l0=1.8225279834534068e-3 l1=2.894887045574233e-3 l2=1.1313420828384838e-2 l3=1.4460503765048927e-2 l4=1.4580936263614933e-2 l5=1.4726315924477583e-2 l6=2.28870192184388e-2
info: ISSUE079_CREEP_TRACE stage=pre_ingress hour=107 dt_hours=2.5e-1 matrix_rate_m3_per_h=0e0 macro_rate_m3_per_h=0e0 l0=1.8263577489475776e-3 l1=2.8986158442227484e-3 l2=1.1321580827722095e-2 l3=1.4458826651140276e-2 l4=1.4581379241480005e-2 l5=1.4727150165670277e-2 l6=2.288607288543333e-2
info: ISSUE079_CREEP_TRACE stage=post_ingress hour=107 l0=1.8263577489475776e-3 l1=2.8986158442227484e-3 l2=1.1321580827722095e-2 l3=1.4458826651140276e-2 l4=1.4581379241480005e-2 l5=1.4727150165670277e-2 l6=2.288607288543333e-2
error: TEMP_DIAGNOSTIC n_ledger[init]: cells.len=1
error: TEMP_DIAGNOSTIC n_ledger[init]: cells.len=1
info: ISSUE079_CREEP_TRACE stage=pre_ingress hour=108 dt_hours=2.5e-1 matrix_rate_m3_per_h=0e0 macro_rate_m3_per_h=0e0 l0=1.8319351890399565e-3 l1=2.902663650079503e-3 l2=1.1329691755519426e-2 l3=1.445682993552968e-2 l4=1.458153253711241e-2 l5=1.4727849843252032e-2 l6=2.2885122548101034e-2
info: ISSUE079_CREEP_TRACE stage=post_ingress hour=108 l0=1.8319351890399565e-3 l1=2.902663650079503e-3 l2=1.1329691755519426e-2 l3=1.445682993552968e-2 l4=1.458153253711241e-2 l5=1.4727849843252032e-2 l6=2.2885122548101034e-2
info: ISSUE079_CREEP_TRACE stage=pre_ingress hour=108 dt_hours=2.5e-1 matrix_rate_m3_per_h=0e0 macro_rate_m3_per_h=0e0 l0=1.8370554367834674e-3 l1=2.9067435345839377e-3 l2=1.1338279648427716e-2 l3=1.4455198070957187e-2 l4=1.4581929542439599e-2 l5=1.4728656596675443e-2 l6=2.2884190412187564e-2
info: ISSUE079_CREEP_TRACE stage=post_ingress hour=108 l0=1.8370554367834674e-3 l1=2.9067435345839377e-3 l2=1.1338279648427716e-2 l3=1.4455198070957187e-2 l4=1.4581929542439599e-2 l5=1.4728656596675443e-2 l6=2.2884190412187564e-2
info: ISSUE079_CREEP_TRACE stage=pre_ingress hour=108 dt_hours=2.5e-1 matrix_rate_m3_per_h=0e0 macro_rate_m3_per_h=0e0 l0=1.842570817538745e-3 l1=2.911018202815103e-3 l2=1.1347086954722885e-2 l3=1.4453587371137248e-2 l4=1.4582304707796803e-2 l5=1.472944960498841e-2 l6=2.2883265231892408e-2
info: ISSUE079_CREEP_TRACE stage=post_ingress hour=108 l0=1.842570817538745e-3 l1=2.911018202815103e-3 l2=1.1347086954722885e-2 l3=1.4453587371137248e-2 l4=1.4582304707796803e-2 l5=1.472944960498841e-2 l6=2.2883265231892408e-2
info: ISSUE079_CREEP_TRACE stage=pre_ingress hour=108 dt_hours=2.5e-1 matrix_rate_m3_per_h=0e0 macro_rate_m3_per_h=0e0 l0=1.848310820397914e-3 l1=2.9154808554448905e-3 l2=1.1356121660612242e-2 l3=1.4451996736304885e-2 l4=1.458265876289893e-2 l5=1.4730228845051907e-2 l6=2.2882346916636855e-2
info: ISSUE079_CREEP_TRACE stage=post_ingress hour=108 l0=1.848310820397914e-3 l1=2.9154808554448905e-3 l2=1.1356121660612242e-2 l3=1.4451996736304885e-2 l4=1.458265876289893e-2 l5=1.4730228845051907e-2 l6=2.2882346916636855e-2
error: TEMP_DIAGNOSTIC n_ledger[init]: cells.len=1
error: TEMP_DIAGNOSTIC n_ledger[init]: cells.len=1
info: ISSUE079_CREEP_TRACE stage=pre_ingress hour=109 dt_hours=2.5e-1 matrix_rate_m3_per_h=0e0 macro_rate_m3_per_h=0e0 l0=1.8551646629193785e-3 l1=2.9203426906800984e-3 l2=1.1365630447335053e-2 l3=1.4449865854717093e-2 l4=1.4582647150137544e-2 l5=1.4730732295546202e-2 l6=2.288131569683784e-2
info: ISSUE079_CREEP_TRACE stage=post_ingress hour=109 l0=1.8551646629193785e-3 l1=2.9203426906800984e-3 l2=1.1365630447335053e-2 l3=1.4449865854717093e-2 l4=1.4582647150137544e-2 l5=1.4730732295546202e-2 l6=2.288131569683784e-2
info: ISSUE079_CREEP_TRACE stage=pre_ingress hour=109 dt_hours=2.5e-1 matrix_rate_m3_per_h=0e0 macro_rate_m3_per_h=0e0 l0=1.8610216754794077e-3 l1=2.9251603893950097e-3 l2=1.1375148012470306e-2 l3=1.4448311496260075e-2 l4=1.4582961066510738e-2 l5=1.4731483841149423e-2 l6=2.288041084987749e-2
info: ISSUE079_CREEP_TRACE stage=post_ingress hour=109 l0=1.8610216754794077e-3 l1=2.9251603893950097e-3 l2=1.1375148012470306e-2 l3=1.4448311496260075e-2 l4=1.4582961066510738e-2 l5=1.4731483841149423e-2 l6=2.288041084987749e-2
info: ISSUE079_CREEP_TRACE stage=pre_ingress hour=109 dt_hours=2.5e-1 matrix_rate_m3_per_h=0e0 macro_rate_m3_per_h=0e0 l0=1.8669065423102455e-3 l1=2.9301180369389083e-3 l2=1.138490615217057e-2 l3=1.4446773975746284e-2 l4=1.4583255827669978e-2 l5=1.473222161344805e-2 l6=2.2879512597992292e-2
info: ISSUE079_CREEP_TRACE stage=post_ingress hour=109 l0=1.8669065423102455e-3 l1=2.9301180369389083e-3 l2=1.138490615217057e-2 l3=1.4446773975746284e-2 l4=1.4583255827669978e-2 l5=1.473222161344805e-2 l6=2.2879512597992292e-2
info: ISSUE079_CREEP_TRACE stage=pre_ingress hour=109 dt_hours=2.5e-1 matrix_rate_m3_per_h=0e0 macro_rate_m3_per_h=0e0 l0=1.8747934665951133e-3 l1=2.935346809869092e-3 l2=1.1394917280717022e-2 l3=1.4445252257355974e-2 l4=1.4583532022689843e-2 l5=1.4732945627359838e-2 l6=2.2878620852239184e-2
info: ISSUE079_CREEP_TRACE stage=post_ingress hour=109 l0=1.8747934665951133e-3 l1=2.935346809869092e-3 l2=1.1394917280717022e-2 l3=1.4445252257355974e-2 l4=1.4583532022689843e-2 l5=1.4732945627359838e-2 l6=2.2878620852239184e-2
error: TEMP_DIAGNOSTIC n_ledger[init]: cells.len=1
error: TEMP_DIAGNOSTIC n_ledger[init]: cells.len=1
info: ISSUE079_CREEP_TRACE stage=pre_ingress hour=110 dt_hours=2.5e-1 matrix_rate_m3_per_h=0e0 macro_rate_m3_per_h=0e0 l0=1.8791299115402376e-3 l1=2.94043952029714e-3 l2=1.1405472641010585e-2 l3=1.4443671528920498e-2 l4=1.4583226737013667e-2 l5=1.4733320748350475e-2 l6=2.2877474607887645e-2
info: ISSUE079_CREEP_TRACE stage=post_ingress hour=110 l0=1.8791299115402376e-3 l1=2.94043952029714e-3 l2=1.1405472641010585e-2 l3=1.4443671528920498e-2 l4=1.4583226737013667e-2 l5=1.4733320748350475e-2 l6=2.2877474607887645e-2
info: ISSUE079_CREEP_TRACE stage=pre_ingress hour=110 dt_hours=2.5e-1 matrix_rate_m3_per_h=0e0 macro_rate_m3_per_h=0e0 l0=1.8835314653624646e-3 l1=2.945571157645282e-3 l2=1.1415973177998614e-2 l3=1.4442177678173733e-2 l4=1.4583467605661376e-2 l5=1.4734017129683936e-2 l6=2.2876595593711423e-2
info: ISSUE079_CREEP_TRACE stage=post_ingress hour=110 l0=1.8835314653624646e-3 l1=2.945571157645282e-3 l2=1.1415973177998614e-2 l3=1.4442177678173733e-2 l4=1.4583467605661376e-2 l5=1.4734017129683936e-2 l6=2.2876595593711423e-2
info: ISSUE079_CREEP_TRACE stage=pre_ingress hour=110 dt_hours=2.5e-1 matrix_rate_m3_per_h=0e0 macro_rate_m3_per_h=0e0 l0=1.8896582627903075e-3 l1=2.950820000076806e-3 l2=1.142671046302723e-2 l3=1.4440696640405138e-2 l4=1.4583691470906131e-2 l5=1.4734699848480137e-2 l6=2.2875722821387858e-2
info: ISSUE079_CREEP_TRACE stage=post_ingress hour=110 l0=1.8896582627903075e-3 l1=2.950820000076806e-3 l2=1.142671046302723e-2 l3=1.4440696640405138e-2 l4=1.4583691470906131e-2 l5=1.4734699848480137e-2 l6=2.2875722821387858e-2
info: ISSUE079_CREEP_TRACE stage=pre_ingress hour=110 dt_hours=2.5e-1 matrix_rate_m3_per_h=0e0 macro_rate_m3_per_h=0e0 l0=1.895987991115531e-3 l1=2.956182990477653e-3 l2=1.1437687928137914e-2 l3=1.4439227481632646e-2 l4=1.458389880398965e-2 l5=1.4735368947349836e-2 l6=2.287485620406842e-2
info: ISSUE079_CREEP_TRACE stage=post_ingress hour=110 l0=1.895987991115531e-3 l1=2.956182990477653e-3 l2=1.1437687928137914e-2 l3=1.4439227481632646e-2 l4=1.458389880398965e-2 l5=1.4735368947349836e-2 l6=2.287485620406842e-2
error: TEMP_DIAGNOSTIC n_ledger[init]: cells.len=1
error: TEMP_DIAGNOSTIC n_ledger[init]: cells.len=1
info: ISSUE079_CREEP_TRACE stage=pre_ingress hour=111 dt_hours=2.5e-1 matrix_rate_m3_per_h=0e0 macro_rate_m3_per_h=0e0 l0=1.9036891020603125e-3 l1=2.9618334140676613e-3 l2=1.1448924342693652e-2 l3=1.4437759147692355e-2 l4=1.4584016546022448e-2 l5=1.4735477224625707e-2 l6=2.2873669589571745e-2
info: ISSUE079_CREEP_TRACE stage=post_ingress hour=111 l0=1.9036891020603125e-3 l1=2.9618334140676613e-3 l2=1.1448924342693652e-2 l3=1.4437759147692355e-2 l4=1.4584016546022448e-2 l5=1.4735477224625707e-2 l6=2.2873669589571745e-2
info: ISSUE079_CREEP_TRACE stage=pre_ingress hour=111 dt_hours=2.5e-1 matrix_rate_m3_per_h=0e0 macro_rate_m3_per_h=0e0 l0=1.9097420364565013e-3 l1=2.967388614274852e-3 l2=1.1460396059545878e-2 l3=1.4436310276316124e-2 l4=1.4584192294760092e-2 l5=1.4736119053511505e-2 l6=2.2872814945733667e-2
info: ISSUE079_CREEP_TRACE stage=post_ingress hour=111 l0=1.9097420364565013e-3 l1=2.967388614274852e-3 l2=1.1460396059545878e-2 l3=1.4436310276316124e-2 l4=1.4584192294760092e-2 l5=1.4736119053511505e-2 l6=2.2872814945733667e-2
info: ISSUE079_CREEP_TRACE stage=pre_ingress hour=111 dt_hours=2.5e-1 matrix_rate_m3_per_h=0e0 macro_rate_m3_per_h=0e0 l0=1.9156090720503164e-3 l1=2.97299532989729e-3 l2=1.1472103597910939e-2 l3=1.443487057246184e-2 l4=1.4584352752962907e-2 l5=1.4736747428271288e-2 l6=2.2871966200234954e-2
info: ISSUE079_CREEP_TRACE stage=post_ingress hour=111 l0=1.9156090720503164e-3 l1=2.97299532989729e-3 l2=1.1472103597910939e-2 l3=1.443487057246184e-2 l4=1.4584352752962907e-2 l5=1.4736747428271288e-2 l6=2.2871966200234954e-2
info: ISSUE079_CREEP_TRACE stage=pre_ingress hour=111 dt_hours=2.5e-1 matrix_rate_m3_per_h=0e0 macro_rate_m3_per_h=0e0 l0=1.921273939010149e-3 l1=2.978631344116763e-3 l2=1.1484045939944133e-2 l3=1.4433439185480831e-2 l4=1.4584498294131604e-2 l5=1.4737362411262575e-2 l6=2.2871123268839336e-2
info: ISSUE079_CREEP_TRACE stage=post_ingress hour=111 l0=1.921273939010149e-3 l1=2.978631344116763e-3 l2=1.1484045939944133e-2 l3=1.4433439185480831e-2 l4=1.4584498294131604e-2 l5=1.4737362411262575e-2 l6=2.2871123268839336e-2
error: TEMP_DIAGNOSTIC n_ledger[init]: cells.len=1
error: TEMP_DIAGNOSTIC n_ledger[init]: cells.len=1
info: ISSUE079_CREEP_TRACE stage=pre_ingress hour=112 dt_hours=2.5e-1 matrix_rate_m3_per_h=0e0 macro_rate_m3_per_h=0e0 l0=1.9282038724045712e-3 l1=2.9844743122775883e-3 l2=1.149650647538763e-2 l3=1.443164676675468e-2 l4=1.4584619552480678e-2 l5=1.4737925426423555e-2 l6=2.2869754533807313e-2
info: ISSUE079_CREEP_TRACE stage=post_ingress hour=112 l0=1.9282038724045712e-3 l1=2.9844743122775883e-3 l2=1.149650647538763e-2 l3=1.443164676675468e-2 l4=1.4584619552480678e-2 l5=1.4737925426423555e-2 l6=2.2869754533807313e-2
info: ISSUE079_CREEP_TRACE stage=pre_ingress hour=112 dt_hours=2.5e-1 matrix_rate_m3_per_h=0e0 macro_rate_m3_per_h=0e0 l0=1.9334132217957505e-3 l1=2.9901386059798937e-3 l2=1.1508919731118249e-2 l3=1.4430228727652651e-2 l4=1.4584736606100901e-2 l5=1.4738513515484476e-2 l6=2.286892284236529e-2
info: ISSUE079_CREEP_TRACE stage=post_ingress hour=112 l0=1.9334132217957505e-3 l1=2.9901386059798937e-3 l2=1.1508919731118249e-2 l3=1.4430228727652651e-2 l4=1.4584736606100901e-2 l5=1.4738513515484476e-2 l6=2.286892284236529e-2
info: ISSUE079_CREEP_TRACE stage=pre_ingress hour=112 dt_hours=2.5e-1 matrix_rate_m3_per_h=0e0 macro_rate_m3_per_h=0e0 l0=1.938615558809341e-3 l1=2.995799635250371e-3 l2=1.1521551961784986e-2 l3=1.442881658550757e-2 l4=1.4584839708894778e-2 l5=1.4739088431928527e-2 l6=2.2868096716021757e-2
info: ISSUE079_CREEP_TRACE stage=post_ingress hour=112 l0=1.938615558809341e-3 l1=2.995799635250371e-3 l2=1.1521551961784986e-2 l3=1.442881658550757e-2 l4=1.4584839708894778e-2 l5=1.4739088431928527e-2 l6=2.2868096716021757e-2
info: ISSUE079_CREEP_TRACE stage=pre_ingress hour=112 dt_hours=2.5e-1 matrix_rate_m3_per_h=0e0 macro_rate_m3_per_h=0e0 l0=1.9438436467448799e-3 l1=3.0014553507870132e-3 l2=1.153440168093087e-2 l3=1.4427409595735546e-2 l4=1.4584929154432009e-2 l5=1.4739650250953393e-2 l6=2.2867276073287122e-2
info: ISSUE079_CREEP_TRACE stage=post_ingress hour=112 l0=1.9438436467448799e-3 l1=3.0014553507870132e-3 l2=1.153440168093087e-2 l3=1.4427409595735546e-2 l4=1.4584929154432009e-2 l5=1.4739650250953393e-2 l6=2.2867276073287122e-2
error: TEMP_DIAGNOSTIC n_ledger[init]: cells.len=1
error: TEMP_DIAGNOSTIC n_ledger[init]: cells.len=1
info: ISSUE079_CREEP_TRACE stage=pre_ingress hour=113 dt_hours=2.5e-1 matrix_rate_m3_per_h=0e0 macro_rate_m3_per_h=0e0 l0=1.9505911375380916e-3 l1=3.007340334728786e-3 l2=1.1547772284421364e-2 l3=1.4425891943592317e-2 l4=1.4584632829606545e-2 l5=1.4740226343212382e-2 l6=2.2866478370528694e-2
info: ISSUE079_CREEP_TRACE stage=post_ingress hour=113 l0=1.9505911375380916e-3 l1=3.007340334728786e-3 l2=1.1547772284421364e-2 l3=1.4425891943592317e-2 l4=1.4584632829606545e-2 l5=1.4740226343212382e-2 l6=2.2866478370528694e-2
info: ISSUE079_CREEP_TRACE stage=pre_ingress hour=113 dt_hours=2.5e-1 matrix_rate_m3_per_h=0e0 macro_rate_m3_per_h=0e0 l0=1.955677133332464e-3 l1=3.0129934668699375e-3 l2=1.1561057788949333e-2 l3=1.4424492173866875e-2 l4=1.458469618004074e-2 l5=1.4740761933481878e-2 l6=2.2865668173143082e-2
info: ISSUE079_CREEP_TRACE stage=post_ingress hour=113 l0=1.955677133332464e-3 l1=3.0129934668699375e-3 l2=1.1561057788949333e-2 l3=1.4424492173866875e-2 l4=1.458469618004074e-2 l5=1.4740761933481878e-2 l6=2.2865668173143082e-2
info: ISSUE079_CREEP_TRACE stage=pre_ingress hour=113 dt_hours=2.5e-1 matrix_rate_m3_per_h=0e0 macro_rate_m3_per_h=0e0 l0=1.9607162953575057e-3 l1=3.0186333349667333e-3 l2=1.157454389746309e-2 l3=1.4423095447753883e-2 l4=1.4584746620321389e-2 l5=1.4741284676221628e-2 l6=2.286486321962842e-2
info: ISSUE079_CREEP_TRACE stage=post_ingress hour=113 l0=1.9607162953575057e-3 l1=3.0186333349667333e-3 l2=1.157454389746309e-2 l3=1.4423095447753883e-2 l4=1.4584746620321389e-2 l5=1.4741284676221628e-2 l6=2.286486321962842e-2
info: ISSUE079_CREEP_TRACE stage=pre_ingress hour=113 dt_hours=2.5e-1 matrix_rate_m3_per_h=0e0 macro_rate_m3_per_h=0e0 l0=1.9657591473841445e-3 l1=3.0242577725713856e-3 l2=1.1588229693128643e-2 l3=1.4421701121415673e-2 l4=1.4584784379675588e-2 l5=1.4741794654390966e-2 l6=2.2864063431404773e-2
info: ISSUE079_CREEP_TRACE stage=post_ingress hour=113 l0=1.9657591473841445e-3 l1=3.0242577725713856e-3 l2=1.1588229693128643e-2 l3=1.4421701121415673e-2 l4=1.4584784379675588e-2 l5=1.4741794654390966e-2 l6=2.2864063431404773e-2
error: TEMP_DIAGNOSTIC n_ledger[init]: cells.len=1
error: TEMP_DIAGNOSTIC n_ledger[init]: cells.len=1
info: ISSUE079_CREEP_TRACE stage=pre_ingress hour=114 dt_hours=2.5e-1 matrix_rate_m3_per_h=0e0 macro_rate_m3_per_h=0e0 l0=1.972389675737732e-3 l1=3.0301535348362025e-3 l2=1.1602478843832779e-2 l3=1.4420197627867778e-2 l4=1.4584692808502135e-2 l5=1.4741952617522721e-2 l6=2.286335851420776e-2
info: ISSUE079_CREEP_TRACE stage=post_ingress hour=114 l0=1.972389675737732e-3 l1=3.0301535348362025e-3 l2=1.1602478843832779e-2 l3=1.4420197627867778e-2 l4=1.4584692808502135e-2 l5=1.4741952617522721e-2 l6=2.286335851420776e-2
info: ISSUE079_CREEP_TRACE stage=pre_ingress hour=114 dt_hours=2.5e-1 matrix_rate_m3_per_h=0e0 macro_rate_m3_per_h=0e0 l0=1.9773790522740592e-3 l1=3.0357644527977106e-3 l2=1.161656565773101e-2 l3=1.4418805270942683e-2 l4=1.4584706182786211e-2 l5=1.4742437127186914e-2 l6=2.286256850829882e-2
info: ISSUE079_CREEP_TRACE stage=post_ingress hour=114 l0=1.9773790522740592e-3 l1=3.0357644527977106e-3 l2=1.161656565773101e-2 l3=1.4418805270942683e-2 l4=1.4584706182786211e-2 l5=1.4742437127186914e-2 l6=2.286256850829882e-2
info: ISSUE079_CREEP_TRACE stage=pre_ingress hour=114 dt_hours=2.5e-1 matrix_rate_m3_per_h=0e0 macro_rate_m3_per_h=0e0 l0=1.9824362745206273e-3 l1=3.0413653518861885e-3 l2=1.1630835843132136e-2 l3=1.4417413490822463e-2 l4=1.4584707453240378e-2 l5=1.4742909136444264e-2 l6=2.286178343727595e-2
info: ISSUE079_CREEP_TRACE stage=post_ingress hour=114 l0=1.9824362745206273e-3 l1=3.0413653518861885e-3 l2=1.1630835843132136e-2 l3=1.4417413490822463e-2 l4=1.4584707453240378e-2 l5=1.4742909136444264e-2 l6=2.286178343727595e-2
info: ISSUE079_CREEP_TRACE stage=pre_ingress hour=114 dt_hours=2.5e-1 matrix_rate_m3_per_h=0e0 macro_rate_m3_per_h=0e0 l0=1.987568883159569e-3 l1=3.0469575301890735e-3 l2=1.164528977630094e-2 l3=1.4416021735803903e-2 l4=1.4584696797481585e-2 l5=1.4743368732240306e-2 l6=2.2861003225486256e-2
info: ISSUE079_CREEP_TRACE stage=post_ingress hour=114 l0=1.987568883159569e-3 l1=3.0469575301890735e-3 l2=1.164528977630094e-2 l3=1.4416021735803903e-2 l4=1.4584696797481585e-2 l5=1.4743368732240306e-2 l6=2.2861003225486256e-2
error: TEMP_DIAGNOSTIC n_ledger[init]: cells.len=1
error: TEMP_DIAGNOSTIC n_ledger[init]: cells.len=1
info: ISSUE079_CREEP_TRACE stage=pre_ingress hour=115 dt_hours=2.5e-1 matrix_rate_m3_per_h=0e0 macro_rate_m3_per_h=0e0 l0=1.994360929020574e-3 l1=3.0527986183610358e-3 l2=1.1660353701344722e-2 l3=1.4414574340384933e-2 l4=1.4584561066845792e-2 l5=1.4743743276421268e-2 l6=2.285994015606005e-2
info: ISSUE079_CREEP_TRACE stage=post_ingress hour=115 l0=1.994360929020574e-3 l1=3.0527986183610358e-3 l2=1.1660353701344722e-2 l3=1.4414574340384933e-2 l4=1.4584561066845792e-2 l5=1.4743743276421268e-2 l6=2.285994015606005e-2
info: ISSUE079_CREEP_TRACE stage=pre_ingress hour=115 dt_hours=2.5e-1 matrix_rate_m3_per_h=0e0 macro_rate_m3_per_h=0e0 l0=1.9995004871446952e-3 l1=3.0583925069082975e-3 l2=1.1675178956883747e-2 l3=1.4413180037295388e-2 l4=1.4584527503663621e-2 l5=1.4744178009673257e-2 l6=2.285916913304423e-2
info: ISSUE079_CREEP_TRACE stage=post_ingress hour=115 l0=1.9995004871446952e-3 l1=3.0583925069082975e-3 l2=1.1675178956883747e-2 l3=1.4413180037295388e-2 l4=1.4584527503663621e-2 l5=1.4744178009673257e-2 l6=2.285916913304423e-2
info: ISSUE079_CREEP_TRACE stage=pre_ingress hour=115 dt_hours=2.5e-1 matrix_rate_m3_per_h=0e0 macro_rate_m3_per_h=0e0 l0=2.004665178900032e-3 l1=3.063981946160632e-3 l2=1.1690173164417117e-2 l3=1.4411784194604276e-2 l4=1.4584482447957537e-2 l5=1.474460060477671e-2 l6=2.285840274726837e-2
info: ISSUE079_CREEP_TRACE stage=post_ingress hour=115 l0=2.004665178900032e-3 l1=3.063981946160632e-3 l2=1.1690173164417117e-2 l3=1.4411784194604276e-2 l4=1.4584482447957537e-2 l5=1.474460060477671e-2 l6=2.285840274726837e-2
info: ISSUE079_CREEP_TRACE stage=pre_ingress hour=115 dt_hours=2.5e-1 matrix_rate_m3_per_h=0e0 macro_rate_m3_per_h=0e0 l0=2.0098190636750712e-3 l1=3.069563817505381e-3 l2=1.1705337552258359e-2 l3=1.4410386342507107e-2 l4=1.4584426036672576e-2 l5=1.4745011149578456e-2 l6=2.285764092601562e-2
info: ISSUE079_CREEP_TRACE stage=post_ingress hour=115 l0=2.0098190636750712e-3 l1=3.069563817505381e-3 l2=1.1705337552258359e-2 l3=1.4410386342507107e-2 l4=1.4584426036672576e-2 l5=1.4745011149578456e-2 l6=2.285764092601562e-2
error: TEMP_DIAGNOSTIC n_ledger[init]: cells.len=1
error: TEMP_DIAGNOSTIC n_ledger[init]: cells.len=1
info: ISSUE079_CREEP_TRACE stage=pre_ingress hour=116 dt_hours=2.5e-1 matrix_rate_m3_per_h=0e0 macro_rate_m3_per_h=0e0 l0=2.0166175656976463e-3 l1=3.075379747122656e-3 l2=1.1721062735668664e-2 l3=1.4409002435226047e-2 l4=1.4584300866158056e-2 l5=1.4745342950909967e-2 l6=2.285688777013375e-2
info: ISSUE079_CREEP_TRACE stage=post_ingress hour=116 l0=2.0166175656976463e-3 l1=3.075379747122656e-3 l2=1.1721062735668664e-2 l3=1.4409002435226047e-2 l4=1.4584300866158056e-2 l5=1.4745342950909967e-2 l6=2.285688777013375e-2
info: ISSUE079_CREEP_TRACE stage=pre_ingress hour=116 dt_hours=2.5e-1 matrix_rate_m3_per_h=0e0 macro_rate_m3_per_h=0e0 l0=2.0216514526588112e-3 l1=3.080955750901094e-3 l2=1.1736571948178726e-2 l3=1.440759818313345e-2 l4=1.4584222602647887e-2 l5=1.4745729406462854e-2 l6=2.2856134461315174e-2
info: ISSUE079_CREEP_TRACE stage=post_ingress hour=116 l0=2.0216514526588112e-3 l1=3.080955750901094e-3 l2=1.1736571948178726e-2 l3=1.440759818313345e-2 l4=1.4584222602647887e-2 l5=1.4745729406462854e-2 l6=2.2856134461315174e-2
info: ISSUE079_CREEP_TRACE stage=pre_ingress hour=116 dt_hours=2.5e-1 matrix_rate_m3_per_h=0e0 macro_rate_m3_per_h=0e0 l0=2.026666511932868e-3 l1=3.0865214724486146e-3 l2=1.1752236477362529e-2 l3=1.4406190591974616e-2 l4=1.4584133308907583e-2 l5=1.4746104085527111e-2 l6=2.2855385504367696e-2
info: ISSUE079_CREEP_TRACE stage=post_ingress hour=116 l0=2.026666511932868e-3 l1=3.0865214724486146e-3 l2=1.1752236477362529e-2 l3=1.4406190591974616e-2 l4=1.4584133308907583e-2 l5=1.4746104085527111e-2 l6=2.2855385504367696e-2
info: ISSUE079_CREEP_TRACE stage=pre_ingress hour=116 dt_hours=2.5e-1 matrix_rate_m3_per_h=0e0 macro_rate_m3_per_h=0e0 l0=2.0316424065111374e-3 l1=3.092073387652854e-3 l2=1.1768057940544445e-2 l3=1.4404779269879639e-2 l4=1.458403309011834e-2 l5=1.4746467074747074e-2 l6=2.2854640829450764e-2
info: ISSUE079_CREEP_TRACE stage=post_ingress hour=116 l0=2.0316424065111374e-3 l1=3.092073387652854e-3 l2=1.1768057940544445e-2 l3=1.4404779269879639e-2 l4=1.458403309011834e-2 l5=1.4746467074747074e-2 l6=2.2854640829450764e-2
error: TEMP_DIAGNOSTIC n_ledger[init]: cells.len=1
error: TEMP_DIAGNOSTIC n_ledger[init]: cells.len=1
info: ISSUE079_CREEP_TRACE stage=pre_ingress hour=117 dt_hours=2.5e-1 matrix_rate_m3_per_h=0e0 macro_rate_m3_per_h=0e0 l0=2.03830166805884e-3 l1=3.097857184579656e-3 l2=1.1784411580486232e-2 l3=1.4403347600658763e-2 l4=1.4583936265120619e-2 l5=1.474681033268305e-2 l6=2.2853916901249986e-2
info: ISSUE079_CREEP_TRACE stage=post_ingress hour=117 l0=2.03830166805884e-3 l1=3.097857184579656e-3 l2=1.1784411580486232e-2 l3=1.4403347600658763e-2 l4=1.4583936265120619e-2 l5=1.474681033268305e-2 l6=2.2853916901249986e-2
info: ISSUE079_CREEP_TRACE stage=pre_ingress hour=117 dt_hours=2.5e-1 matrix_rate_m3_per_h=0e0 macro_rate_m3_per_h=0e0 l0=2.0431339026060116e-3 l1=3.1033902407428425e-3 l2=1.1800551661854342e-2 l3=1.4401926647268531e-2 l4=1.4583814984785353e-2 l5=1.4747149952539722e-2 l6=2.2853180149210395e-2
info: ISSUE079_CREEP_TRACE stage=post_ingress hour=117 l0=2.0431339026060116e-3 l1=3.1033902407428425e-3 l2=1.1800551661854342e-2 l3=1.4401926647268531e-2 l4=1.4583814984785353e-2 l5=1.4747149952539722e-2 l6=2.2853180149210395e-2
info: ISSUE079_CREEP_TRACE stage=pre_ingress hour=117 dt_hours=2.5e-1 matrix_rate_m3_per_h=0e0 macro_rate_m3_per_h=0e0 l0=2.0480142799416683e-3 l1=3.1089107363731793e-3 l2=1.181683355862998e-2 l3=1.4400500862628712e-2 l4=1.4583683020611242e-2 l5=1.4747478150469236e-2 l6=2.285244747523406e-2
info: ISSUE079_CREEP_TRACE stage=post_ingress hour=117 l0=2.0480142799416683e-3 l1=3.1089107363731793e-3 l2=1.181683355862998e-2 l3=1.4400500862628712e-2 l4=1.4583683020611242e-2 l5=1.4747478150469236e-2 l6=2.285244747523406e-2
info: ISSUE079_CREEP_TRACE stage=pre_ingress hour=117 dt_hours=2.5e-1 matrix_rate_m3_per_h=0e0 macro_rate_m3_per_h=0e0 l0=2.0529686723675666e-3 l1=3.1144201827369416e-3 l2=1.1833259660498323e-2 l3=1.4399069931621732e-2 l4=1.4583540453722385e-2 l5=1.4747795010423975e-2 l6=2.2851718812273467e-2
info: ISSUE079_CREEP_TRACE stage=post_ingress hour=117 l0=2.0529686723675666e-3 l1=3.1144201827369416e-3 l2=1.1833259660498323e-2 l3=1.4399069931621732e-2 l4=1.4583540453722385e-2 l5=1.4747795010423975e-2 l6=2.2851718812273467e-2
error: TEMP_DIAGNOSTIC n_ledger[init]: cells.len=1
error: TEMP_DIAGNOSTIC n_ledger[init]: cells.len=1
info: ISSUE079_CREEP_TRACE stage=pre_ingress hour=118 dt_hours=2.5e-1 matrix_rate_m3_per_h=0e0 macro_rate_m3_per_h=0e0 l0=2.0597530078585316e-3 l1=3.1201908809538243e-3 l2=1.1850208768543955e-2 l3=1.4397603633033527e-2 l4=1.4583367960242155e-2 l5=1.4748166055960722e-2 l6=2.2851077395515236e-2
info: ISSUE079_CREEP_TRACE stage=post_ingress hour=118 l0=2.0597530078585316e-3 l1=3.1201908809538243e-3 l2=1.1850208768543955e-2 l3=1.4397603633033527e-2 l4=1.4583367960242155e-2 l5=1.4748166055960722e-2 l6=2.2851077395515236e-2
info: ISSUE079_CREEP_TRACE stage=pre_ingress hour=118 dt_hours=2.5e-1 matrix_rate_m3_per_h=0e0 macro_rate_m3_per_h=0e0 l0=2.0647880973031205e-3 l1=3.125698928525748e-3 l2=1.1866929780103624e-2 l3=1.4396160436529934e-2 l4=1.4583204934732183e-2 l5=1.4748460247446244e-2 l6=2.285035608937884e-2
info: ISSUE079_CREEP_TRACE stage=post_ingress hour=118 l0=2.0647880973031205e-3 l1=3.125698928525748e-3 l2=1.1866929780103624e-2 l3=1.4396160436529934e-2 l4=1.4583204934732183e-2 l5=1.4748460247446244e-2 l6=2.285035608937884e-2
info: ISSUE079_CREEP_TRACE stage=pre_ingress hour=118 dt_hours=2.5e-1 matrix_rate_m3_per_h=0e0 macro_rate_m3_per_h=0e0 l0=2.069886836360189e-3 l1=3.1312053891998514e-3 l2=1.188378097603404e-2 l3=1.439471121571999e-2 l4=1.458303148472514e-2 l5=1.474874335938887e-2 l6=2.284963859870903e-2
info: ISSUE079_CREEP_TRACE stage=post_ingress hour=118 l0=2.069886836360189e-3 l1=3.1312053891998514e-3 l2=1.188378097603404e-2 l3=1.439471121571999e-2 l4=1.458303148472514e-2 l5=1.474874335938887e-2 l6=2.284963859870903e-2
info: ISSUE079_CREEP_TRACE stage=pre_ingress hour=118 dt_hours=2.5e-1 matrix_rate_m3_per_h=0e0 macro_rate_m3_per_h=0e0 l0=2.07502281845716e-3 l1=3.136709570547062e-3 l2=1.1900765661749238e-2 l3=1.4393255728430261e-2 l4=1.4582847673885109e-2 l5=1.4749015472088263e-2 l6=2.284892485915779e-2
info: ISSUE079_CREEP_TRACE stage=post_ingress hour=118 l0=2.07502281845716e-3 l1=3.136709570547062e-3 l2=1.1900765661749238e-2 l3=1.4393255728430261e-2 l4=1.4582847673885109e-2 l5=1.4749015472088263e-2 l6=2.284892485915779e-2
error: TEMP_DIAGNOSTIC n_ledger[init]: cells.len=1
error: TEMP_DIAGNOSTIC n_ledger[init]: cells.len=1
info: ISSUE079_CREEP_TRACE stage=pre_ingress hour=119 dt_hours=2.5e-1 matrix_rate_m3_per_h=0e0 macro_rate_m3_per_h=0e0 l0=2.081977144960141e-3 l1=3.1424742780950792e-3 l2=1.1918284492802399e-2 l3=1.4391770784591553e-2 l4=1.4582619686843545e-2 l5=1.47493075741231e-2 l6=2.2848378062206198e-2
info: ISSUE079_CREEP_TRACE stage=post_ingress hour=119 l0=2.081977144960141e-3 l1=3.1424742780950792e-3 l2=1.1918284492802399e-2 l3=1.4391770784591553e-2 l4=1.4582619686843545e-2 l5=1.47493075741231e-2 l6=2.2848378062206198e-2
info: ISSUE079_CREEP_TRACE stage=pre_ingress hour=119 dt_hours=2.5e-1 matrix_rate_m3_per_h=0e0 macro_rate_m3_per_h=0e0 l0=2.0870781271474137e-3 l1=3.1479859127786242e-3 l2=1.1935543653769008e-2 l3=1.4390300987152101e-2 l4=1.4582415853564554e-2 l5=1.4749557710045337e-2 l6=2.2847671144722987e-2
info: ISSUE079_CREEP_TRACE stage=post_ingress hour=119 l0=2.0870781271474137e-3 l1=3.1479859127786242e-3 l2=1.1935543653769008e-2 l3=1.4390300987152101e-2 l4=1.4582415853564554e-2 l5=1.4749557710045337e-2 l6=2.2847671144722987e-2
info: ISSUE079_CREEP_TRACE stage=pre_ingress hour=119 dt_hours=2.5e-1 matrix_rate_m3_per_h=0e0 macro_rate_m3_per_h=0e0 l0=2.0921763967845296e-3 l1=3.1534966061051105e-3 l2=1.195292236883356e-2 l3=1.4388824258448478e-2 l4=1.4582201794118359e-2 l5=1.4749797092669811e-2 l6=2.2846967790942436e-2
info: ISSUE079_CREEP_TRACE stage=post_ingress hour=119 l0=2.0921763967845296e-3 l1=3.1534966061051105e-3 l2=1.195292236883356e-2 l3=1.4388824258448478e-2 l4=1.4582201794118359e-2 l5=1.4749797092669811e-2 l6=2.2846967790942436e-2
info: ISSUE079_CREEP_TRACE stage=pre_ingress hour=119 dt_hours=2.5e-1 matrix_rate_m3_per_h=0e0 macro_rate_m3_per_h=0e0 l0=2.097244310259258e-3 l1=3.1590034129196855e-3 l2=1.1970424412253003e-2 l3=1.438734042848541e-2 l4=1.4581977560268765e-2 l5=1.4750025798130548e-2 l6=2.2846267939096852e-2
info: ISSUE079_CREEP_TRACE stage=post_ingress hour=119 l0=2.097244310259258e-3 l1=3.1590034129196855e-3 l2=1.1970424412253003e-2 l3=1.438734042848541e-2 l4=1.4581977560268765e-2 l5=1.4750025798130548e-2 l6=2.2846267939096852e-2
error: TEMP_DIAGNOSTIC n_ledger[init]: cells.len=1
error: TEMP_DIAGNOSTIC n_ledger[init]: cells.len=1
info: ISSUE079_CREEP_TRACE stage=pre_ingress hour=120 dt_hours=2.5e-1 matrix_rate_m3_per_h=0e0 macro_rate_m3_per_h=0e0 l0=2.1041291630255346e-3 l1=3.164750718697836e-3 l2=1.198843516680082e-2 l3=1.4385857839949561e-2 l4=1.4581715715458512e-2 l5=1.4750260391459864e-2 l6=2.2845700167291077e-2
info: ISSUE079_CREEP_TRACE stage=post_ingress hour=120 l0=2.1041291630255346e-3 l1=3.164750718697836e-3 l2=1.198843516680082e-2 l3=1.4385857839949561e-2 l4=1.4581715715458512e-2 l5=1.4750260391459864e-2 l6=2.2845700167291077e-2
info: ISSUE079_CREEP_TRACE stage=pre_ingress hour=120 dt_hours=2.5e-1 matrix_rate_m3_per_h=0e0 macro_rate_m3_per_h=0e0 l0=2.1090709761954385e-3 l1=3.170256671849933e-3 l2=1.2006191321026333e-2 l3=1.4384358234313515e-2 l4=1.4581471808477608e-2 l5=1.475046775795353e-2 l6=2.2845006643568366e-2
info: ISSUE079_CREEP_TRACE stage=post_ingress hour=120 l0=2.1090709761954385e-3 l1=3.170256671849933e-3 l2=1.2006191321026333e-2 l3=1.4384358234313515e-2 l4=1.4581471808477608e-2 l5=1.475046775795353e-2 l6=2.2845006643568366e-2
info: ISSUE079_CREEP_TRACE stage=pre_ingress hour=120 dt_hours=2.5e-1 matrix_rate_m3_per_h=0e0 macro_rate_m3_per_h=0e0 l0=2.113988937735359e-3 l1=3.1757573342428382e-3 l2=1.2024056135513553e-2 l3=1.4382851080245661e-2 l4=1.4581217833494394e-2 l5=1.475066468031779e-2 l6=2.2844316441979498e-2
info: ISSUE079_CREEP_TRACE stage=post_ingress hour=120 l0=2.113988937735359e-3 l1=3.1757573342428382e-3 l2=1.2024056135513553e-2 l3=1.4382851080245661e-2 l4=1.4581217833494394e-2 l5=1.475066468031779e-2 l6=2.2844316441979498e-2
info: ISSUE079_CREEP_TRACE stage=pre_ingress hour=120 dt_hours=2.5e-1 matrix_rate_m3_per_h=0e0 macro_rate_m3_per_h=0e0 l0=2.1188680799095346e-3 l1=3.181250106958635e-3 l2=1.2042033673680477e-2 l3=1.4381336282747953e-2 l4=1.458095383535994e-2 l5=1.4750851230338782e-2 l6=2.28436295032197e-2
info: ISSUE079_CREEP_TRACE stage=post_ingress hour=120 l0=2.1188680799095346e-3 l1=3.181250106958635e-3 l2=1.2042033673680477e-2 l3=1.4381336282747953e-2 l4=1.458095383535994e-2 l5=1.4750851230338782e-2 l6=2.28436295032197e-2
error: TEMP_DIAGNOSTIC n_ledger[init]: cells.len=1
info: daily conservation accepted: day=5 year=1998 hour=24 water=9.660826283979497e-15 heat=1.2237190535503019e-13 oxygen=9.736125103021709e-14 hydrogen=2.8647460270544843e-16 carbon=1.299132165105256e-12 nitrogen=0e0 phosphorus=2.7676386108465897e-12 aluminum=1.735636365346454e-9 iron=2.258648517125521e-6 calcium=0e0 magnesium=1e0 sodium=5.248207825784582e-4 potassium=2.0968119707778935e-3 sulfur=0e0 chloride=0e0 silicon=1.8890631773448095e-6 sand=1e0 silt=1e0 clay=1e0 rock_additive=0e0 cec=9.4186902133922e-2 aec=4.9766718506998445e-2
info: day advanced: scene_weather_hours=120 final_hour_elapsed_ms=272
error: TEMP_DIAGNOSTIC n_ledger[init]: cells.len=1
info: ISSUE079_CREEP_TRACE stage=pre_ingress hour=121 dt_hours=2.5e-1 matrix_rate_m3_per_h=0e0 macro_rate_m3_per_h=0e0 l0=2.125597523625741e-3 l1=3.1870038708518194e-3 l2=1.2060482095549711e-2 l3=1.437981600798593e-2 l4=1.4580683587663767e-2 l5=1.4751050980525033e-2 l6=2.2843061950352704e-2
info: ISSUE079_CREEP_TRACE stage=post_ingress hour=121 l0=2.125597523625741e-3 l1=3.1870038708518194e-3 l2=1.2060482095549711e-2 l3=1.437981600798593e-2 l4=1.4580683587663767e-2 l5=1.4751050980525033e-2 l6=2.2843061950352704e-2
info: ISSUE079_CREEP_TRACE stage=pre_ingress hour=121 dt_hours=2.5e-1 matrix_rate_m3_per_h=0e0 macro_rate_m3_per_h=0e0 l0=2.1303548282612175e-3 l1=3.1924884729693645e-3 l2=1.2078692491809801e-2 l3=1.437828456698139e-2 l4=1.458040020709965e-2 l5=1.4751216797127119e-2 l6=2.2842380857857697e-2
info: ISSUE079_CREEP_TRACE stage=post_ingress hour=121 l0=2.1303548282612175e-3 l1=3.1924884729693645e-3 l2=1.2078692491809801e-2 l3=1.437828456698139e-2 l4=1.458040020709965e-2 l5=1.4751216797127119e-2 l6=2.2842380857857697e-2
info: ISSUE079_CREEP_TRACE stage=pre_ingress hour=121 dt_hours=2.5e-1 matrix_rate_m3_per_h=0e0 macro_rate_m3_per_h=0e0 l0=2.1349845948667005e-3 l1=3.1979622364998305e-3 l2=1.2097000126505627e-2 l3=1.437674526381662e-2 l4=1.458010689587981e-2 l5=1.475137246133596e-2 l6=2.284170285570425e-2
info: ISSUE079_CREEP_TRACE stage=post_ingress hour=121 l0=2.1349845948667005e-3 l1=3.1979622364998305e-3 l2=1.2097000126505627e-2 l3=1.437674526381662e-2 l4=1.458010689587981e-2 l5=1.475137246133596e-2 l6=2.284170285570425e-2
info: ISSUE079_CREEP_TRACE stage=pre_ingress hour=121 dt_hours=2.5e-1 matrix_rate_m3_per_h=0e0 macro_rate_m3_per_h=0e0 l0=2.1394212209771453e-3 l1=3.2034184551978104e-3 l2=1.2115409173006287e-2 l3=1.4375198082358374e-2 l4=1.4579803696504537e-2 l5=1.4751518040707862e-2 l6=2.2841027886939654e-2
info: ISSUE079_CREEP_TRACE stage=post_ingress hour=121 l0=2.1394212209771453e-3 l1=3.2034184551978104e-3 l2=1.2115409173006287e-2 l3=1.4375198082358374e-2 l4=1.4579803696504537e-2 l5=1.4751518040707862e-2 l6=2.2841027886939654e-2
error: TEMP_DIAGNOSTIC n_ledger[init]: cells.len=1
error: TEMP_DIAGNOSTIC n_ledger[init]: cells.len=1
info: ISSUE079_CREEP_TRACE stage=pre_ingress hour=122 dt_hours=2.5e-1 matrix_rate_m3_per_h=0e0 macro_rate_m3_per_h=0e0 l0=2.145596867941024e-3 l1=3.209139721061503e-3 l2=1.2134296674616383e-2 l3=1.4373624329974688e-2 l4=1.45794874273534e-2 l5=1.4751709121510885e-2 l6=2.284048236687446e-2
info: ISSUE079_CREEP_TRACE stage=post_ingress hour=122 l0=2.145596867941024e-3 l1=3.209139721061503e-3 l2=1.2134296674616383e-2 l3=1.4373624329974688e-2 l4=1.45794874273534e-2 l5=1.4751709121510885e-2 l6=2.284048236687446e-2
info: ISSUE079_CREEP_TRACE stage=pre_ingress hour=122 dt_hours=2.5e-1 matrix_rate_m3_per_h=0e0 macro_rate_m3_per_h=0e0 l0=2.1496870028351375e-3 l1=3.214559370249019e-3 l2=1.2152914908586108e-2 l3=1.4372060271695198e-2 l4=1.457916512279395e-2 l5=1.4751834536872904e-2 l6=2.283981277769711e-2
info: ISSUE079_CREEP_TRACE stage=post_ingress hour=122 l0=2.1496870028351375e-3 l1=3.214559370249019e-3 l2=1.2152914908586108e-2 l3=1.4372060271695198e-2 l4=1.457916512279395e-2 l5=1.4751834536872904e-2 l6=2.283981277769711e-2
info: ISSUE079_CREEP_TRACE stage=pre_ingress hour=122 dt_hours=2.5e-1 matrix_rate_m3_per_h=0e0 macro_rate_m3_per_h=0e0 l0=2.153572584127744e-3 l1=3.219952346818641e-3 l2=1.2171617239241985e-2 l3=1.4370488360717191e-2 l4=1.4578833021713393e-2 l5=1.4751950075098016e-2 l6=2.2839146056403248e-2
info: ISSUE079_CREEP_TRACE stage=post_ingress hour=122 l0=2.153572584127744e-3 l1=3.219952346818641e-3 l2=1.2171617239241985e-2 l3=1.4370488360717191e-2 l4=1.4578833021713393e-2 l5=1.4751950075098016e-2 l6=2.2839146056403248e-2
info: ISSUE079_CREEP_TRACE stage=pre_ingress hour=122 dt_hours=2.5e-1 matrix_rate_m3_per_h=0e0 macro_rate_m3_per_h=0e0 l0=2.157212256519682e-3 l1=3.225311785967833e-3 l2=1.2190407847013623e-2 l3=1.4368908666233419e-2 l4=1.4578491168545737e-2 l5=1.4752055799865634e-2 l6=2.283848214828164e-2
info: ISSUE079_CREEP_TRACE stage=post_ingress hour=122 l0=2.157212256519682e-3 l1=3.225311785967833e-3 l2=1.2190407847013623e-2 l3=1.4368908666233419e-2 l4=1.4578491168545737e-2 l5=1.4752055799865634e-2 l6=2.283848214828164e-2
error: TEMP_DIAGNOSTIC n_ledger[init]: cells.len=1
error: TEMP_DIAGNOSTIC n_ledger[init]: cells.len=1
info: ISSUE079_CREEP_TRACE stage=pre_ingress hour=123 dt_hours=2.5e-1 matrix_rate_m3_per_h=0e0 macro_rate_m3_per_h=0e0 l0=2.162535632953289e-3 l1=3.230941266835773e-3 l2=1.220967234936563e-2 l3=1.4367333931175121e-2 l4=1.457811450492428e-2 l5=1.4752200080871749e-2 l6=2.283798332601479e-2
info: ISSUE079_CREEP_TRACE stage=post_ingress hour=123 l0=2.162535632953289e-3 l1=3.230941266835773e-3 l2=1.220967234936563e-2 l3=1.4367333931175121e-2 l4=1.457811450492428e-2 l5=1.4752200080871749e-2 l6=2.283798332601479e-2
info: ISSUE079_CREEP_TRACE stage=pre_ingress hour=123 dt_hours=2.5e-1 matrix_rate_m3_per_h=0e0 macro_rate_m3_per_h=0e0 l0=2.1657052925622947e-3 l1=3.2362300197257172e-3 l2=1.2228644528985488e-2 l3=1.4365737813409286e-2 l4=1.4577753837760398e-2 l5=1.4752286187883323e-2 l6=2.2837324348709605e-2
info: ISSUE079_CREEP_TRACE stage=post_ingress hour=123 l0=2.1657052925622947e-3 l1=3.2362300197257172e-3 l2=1.2228644528985488e-2 l3=1.4365737813409286e-2 l4=1.4577753837760398e-2 l5=1.4752286187883323e-2 l6=2.2837324348709605e-2
info: ISSUE079_CREEP_TRACE stage=pre_ingress hour=123 dt_hours=2.5e-1 matrix_rate_m3_per_h=0e0 macro_rate_m3_per_h=0e0 l0=2.168662563633431e-3 l1=3.2414758950545333e-3 l2=1.2247685848158375e-2 l3=1.4364134202333007e-2 l4=1.4577383522257212e-2 l5=1.4752362678103259e-2 l6=2.2836668025773253e-2
info: ISSUE079_CREEP_TRACE stage=post_ingress hour=123 l0=2.168662563633431e-3 l1=3.2414758950545333e-3 l2=1.2247685848158375e-2 l3=1.4364134202333007e-2 l4=1.4577383522257212e-2 l5=1.4752362678103259e-2 l6=2.2836668025773253e-2
info: ISSUE079_CREEP_TRACE stage=pre_ingress hour=123 dt_hours=2.5e-1 matrix_rate_m3_per_h=0e0 macro_rate_m3_per_h=0e0 l0=2.1714068370550146e-3 l1=3.2466741937997997e-3 l2=1.2266800488844e-2 l3=1.4362523258492289e-2 l4=1.4577003608877797e-2 l5=1.4752429611920139e-2 l6=2.2836014304638965e-2
info: ISSUE079_CREEP_TRACE stage=post_ingress hour=123 l0=2.1714068370550146e-3 l1=3.2466741937997997e-3 l2=1.2266800488844e-2 l3=1.4362523258492289e-2 l4=1.4577003608877797e-2 l5=1.4752429611920139e-2 l6=2.2836014304638965e-2
error: TEMP_DIAGNOSTIC n_ledger[init]: cells.len=1
error: TEMP_DIAGNOSTIC n_ledger[init]: cells.len=1
info: ISSUE079_CREEP_TRACE stage=pre_ingress hour=124 dt_hours=2.5e-1 matrix_rate_m3_per_h=0e0 macro_rate_m3_per_h=0e0 l0=2.1758231234607706e-3 l1=3.252165229899674e-3 l2=1.2286386334330672e-2 l3=1.4360942638913245e-2 l4=1.4576620131448234e-2 l5=1.475251320902156e-2 l6=2.2835519530093662e-2
info: ISSUE079_CREEP_TRACE stage=post_ingress hour=124 l0=2.1758231234607706e-3 l1=3.252165229899674e-3 l2=1.2286386334330672e-2 l3=1.4360942638913245e-2 l4=1.4576620131448234e-2 l5=1.475251320902156e-2 l6=2.2835519530093662e-2
info: ISSUE079_CREEP_TRACE stage=pre_ingress hour=124 dt_hours=2.5e-1 matrix_rate_m3_per_h=0e0 macro_rate_m3_per_h=0e0 l0=2.178194957878862e-3 l1=3.257270701380773e-3 l2=1.2305651606881764e-2 l3=1.4359316474902923e-2 l4=1.4576221734576457e-2 l5=1.4752561043967351e-2 l6=2.283487031636737e-2
info: ISSUE079_CREEP_TRACE stage=post_ingress hour=124 l0=2.178194957878862e-3 l1=3.257270701380773e-3 l2=1.2305651606881764e-2 l3=1.4359316474902923e-2 l4=1.4576221734576457e-2 l5=1.4752561043967351e-2 l6=2.283487031636737e-2
info: ISSUE079_CREEP_TRACE stage=pre_ingress hour=124 dt_hours=2.5e-1 matrix_rate_m3_per_h=0e0 macro_rate_m3_per_h=0e0 l0=2.180420980557578e-3 l1=3.262326327909095e-3 l2=1.2324969961931012e-2 l3=1.4357683548967992e-2 l4=1.457581386815885e-2 l5=1.4752599510118343e-2 l6=2.2834223552036622e-2
info: ISSUE079_CREEP_TRACE stage=post_ingress hour=124 l0=2.180420980557578e-3 l1=3.262326327909095e-3 l2=1.2324969961931012e-2 l3=1.4357683548967992e-2 l4=1.457581386815885e-2 l5=1.4752599510118343e-2 l6=2.2834223552036622e-2
info: ISSUE079_CREEP_TRACE stage=pre_ingress hour=124 dt_hours=2.5e-1 matrix_rate_m3_per_h=0e0 macro_rate_m3_per_h=0e0 l0=2.1824930924694134e-3 l1=3.2673296840743673e-3 l2=1.2344345743002161e-2 l3=1.4356044116383549e-2 l4=1.4575396592520554e-2 l5=1.4752628665353217e-2 l6=2.2833579186596207e-2
info: ISSUE079_CREEP_TRACE stage=post_ingress hour=124 l0=2.1824930924694134e-3 l1=3.2673296840743673e-3 l2=1.2344345743002161e-2 l3=1.4356044116383549e-2 l4=1.4575396592520554e-2 l5=1.4752628665353217e-2 l6=2.2833579186596207e-2
error: TEMP_DIAGNOSTIC n_ledger[init]: cells.len=1
error: TEMP_DIAGNOSTIC n_ledger[init]: cells.len=1
info: ISSUE079_CREEP_TRACE stage=pre_ingress hour=125 dt_hours=2.5e-1 matrix_rate_m3_per_h=0e0 macro_rate_m3_per_h=0e0 l0=2.1862243824962053e-3 l1=3.2726303996824324e-3 l2=1.2364203449333389e-2 l3=1.4354468855301897e-2 l4=1.4575000498594165e-2 l5=1.4752706644277478e-2 l6=2.2833072523942913e-2
info: ISSUE079_CREEP_TRACE stage=post_ingress hour=125 l0=2.1862243824962053e-3 l1=3.2726303996824324e-3 l2=1.2364203449333389e-2 l3=1.4354468855301897e-2 l4=1.4575000498594165e-2 l5=1.4752706644277478e-2 l6=2.2833072523942913e-2
info: ISSUE079_CREEP_TRACE stage=pre_ingress hour=125 dt_hours=2.5e-1 matrix_rate_m3_per_h=0e0 macro_rate_m3_per_h=0e0 l0=2.1880261915043935e-3 l1=3.2775365359668696e-3 l2=1.2383697458453203e-2 l3=1.4352816185062203e-2 l4=1.4574565160447688e-2 l5=1.4752717188774958e-2 l6=2.283243225967106e-2
info: ISSUE079_CREEP_TRACE stage=post_ingress hour=125 l0=2.1880261915043935e-3 l1=3.2775365359668696e-3 l2=1.2383697458453203e-2 l3=1.4352816185062203e-2 l4=1.4574565160447688e-2 l5=1.4752717188774958e-2 l6=2.283243225967106e-2
info: ISSUE079_CREEP_TRACE stage=pre_ingress hour=125 dt_hours=2.5e-1 matrix_rate_m3_per_h=0e0 macro_rate_m3_per_h=0e0 l0=2.1897892809914672e-3 l1=3.2823944085381045e-3 l2=1.2403228287502021e-2 l3=1.4351157866405203e-2 l4=1.4574120576802754e-2 l5=1.4752718603849736e-2 l6=2.283179424801312e-2
info: ISSUE079_CREEP_TRACE stage=post_ingress hour=125 l0=2.1897892809914672e-3 l1=3.2823944085381045e-3 l2=1.2403228287502021e-2 l3=1.4351157866405203e-2 l4=1.4574120576802754e-2 l5=1.4752718603849736e-2 l6=2.283179424801312e-2
info: ISSUE079_CREEP_TRACE stage=pre_ingress hour=125 dt_hours=2.5e-1 matrix_rate_m3_per_h=0e0 macro_rate_m3_per_h=0e0 l0=2.19153642041626e-3 l1=3.287205489483634e-3 l2=1.242280053736081e-2 l3=1.4349494249499651e-2 l4=1.4573666821314247e-2 l5=1.4752710945785199e-2 l6=2.2831158440459076e-2
info: ISSUE079_CREEP_TRACE stage=post_ingress hour=125 l0=2.19153642041626e-3 l1=3.287205489483634e-3 l2=1.242280053736081e-2 l3=1.4349494249499651e-2 l4=1.4573666821314247e-2 l5=1.4752710945785199e-2 l6=2.2831158440459076e-2
error: TEMP_DIAGNOSTIC n_ledger[init]: cells.len=1
error: TEMP_DIAGNOSTIC n_ledger[init]: cells.len=1
info: ISSUE079_CREEP_TRACE stage=pre_ingress hour=126 dt_hours=2.5e-1 matrix_rate_m3_per_h=0e0 macro_rate_m3_per_h=0e0 l0=2.195009430665663e-3 l1=3.2922986211380463e-3 l2=1.2442833115528356e-2 l3=1.4347949903442762e-2 l4=1.45732673571135e-2 l5=1.4752777065064069e-2 l6=2.2830695816558232e-2
info: ISSUE079_CREEP_TRACE stage=post_ingress hour=126 l0=2.195009430665663e-3 l1=3.2922986211380463e-3 l2=1.2442833115528356e-2 l3=1.4347949903442762e-2 l4=1.45732673571135e-2 l5=1.4752777065064069e-2 l6=2.2830695816558232e-2
info: ISSUE079_CREEP_TRACE stage=pre_ingress hour=126 dt_hours=2.5e-1 matrix_rate_m3_per_h=0e0 macro_rate_m3_per_h=0e0 l0=2.1967103976203908e-3 l1=3.2970324614860712e-3 l2=1.2462491534429937e-2 l3=1.4346275807659653e-2 l4=1.4572796061588162e-2 l5=1.4752751282440111e-2 l6=2.2830063713570055e-2
info: ISSUE079_CREEP_TRACE stage=post_ingress hour=126 l0=2.1967103976203908e-3 l1=3.2970324614860712e-3 l2=1.2462491534429937e-2 l3=1.4346275807659653e-2 l4=1.4572796061588162e-2 l5=1.4752751282440111e-2 l6=2.2830063713570055e-2
info: ISSUE079_CREEP_TRACE stage=pre_ingress hour=126 dt_hours=2.5e-1 matrix_rate_m3_per_h=0e0 macro_rate_m3_per_h=0e0 l0=2.198431957672086e-3 l1=3.3017303751418574e-3 l2=1.2482171304761083e-2 l3=1.4344597556163163e-2 l4=1.4572315803607872e-2 l5=1.4752716604669541e-2 l6=2.282943367443072e-2
info: ISSUE079_CREEP_TRACE stage=post_ingress hour=126 l0=2.198431957672086e-3 l1=3.3017303751418574e-3 l2=1.2482171304761083e-2 l3=1.4344597556163163e-2 l4=1.4572315803607872e-2 l5=1.4752716604669541e-2 l6=2.282943367443072e-2
info: ISSUE079_CREEP_TRACE stage=pre_ingress hour=126 dt_hours=2.5e-1 matrix_rate_m3_per_h=0e0 macro_rate_m3_per_h=0e0 l0=2.200169542778778e-3 l1=3.3063943228555928e-3 l2=1.2501877188180978e-2 l3=1.4342915590901537e-2 l4=1.4571826673117622e-2 l5=1.4752673087482081e-2 l6=2.282880565257676e-2
info: ISSUE079_CREEP_TRACE stage=post_ingress hour=126 l0=2.200169542778778e-3 l1=3.3063943228555928e-3 l2=1.2501877188180978e-2 l3=1.4342915590901537e-2 l4=1.4571826673117622e-2 l5=1.4752673087482081e-2 l6=2.282880565257676e-2
error: TEMP_DIAGNOSTIC n_ledger[init]: cells.len=1
error: TEMP_DIAGNOSTIC n_ledger[init]: cells.len=1
info: ISSUE079_CREEP_TRACE stage=pre_ingress hour=127 dt_hours=2.5e-1 matrix_rate_m3_per_h=0e0 macro_rate_m3_per_h=0e0 l0=2.2036264660000547e-3 l1=3.311318373888717e-3 l2=1.252198642758551e-2 l3=1.4341377300333354e-2 l4=1.457144633879457e-2 l5=1.4752736271388466e-2 l6=2.2828377566980414e-2
info: ISSUE079_CREEP_TRACE stage=post_ingress hour=127 l0=2.2036264660000547e-3 l1=3.311318373888717e-3 l2=1.252198642758551e-2 l3=1.4341377300333354e-2 l4=1.457144633879457e-2 l5=1.4752736271388466e-2 l6=2.2828377566980414e-2
info: ISSUE079_CREEP_TRACE stage=pre_ingress hour=127 dt_hours=2.5e-1 matrix_rate_m3_per_h=0e0 macro_rate_m3_per_h=0e0 l0=2.2053653118377804e-3 l1=3.3159310945111366e-3 l2=1.2541747805894598e-2 l3=1.4339688362851336e-2 l4=1.4570940310869676e-2 l5=1.475267511100263e-2 l6=2.282775287639673e-2
info: ISSUE079_CREEP_TRACE stage=post_ingress hour=127 l0=2.2053653118377804e-3 l1=3.3159310945111366e-3 l2=1.2541747805894598e-2 l3=1.4339688362851336e-2 l4=1.4570940310869676e-2 l5=1.475267511100263e-2 l6=2.282775287639673e-2
info: ISSUE079_CREEP_TRACE stage=pre_ingress hour=127 dt_hours=2.5e-1 matrix_rate_m3_per_h=0e0 macro_rate_m3_per_h=0e0 l0=2.207137065002474e-3 l1=3.3205204832524966e-3 l2=1.2561515793851796e-2 l3=1.4337997128187343e-2 l4=1.4570425673928576e-2 l5=1.4752605288780954e-2 l6=2.2827130068705122e-2
info: ISSUE079_CREEP_TRACE stage=post_ingress hour=127 l0=2.207137065002474e-3 l1=3.3205204832524966e-3 l2=1.2561515793851796e-2 l3=1.4337997128187343e-2 l4=1.4570425673928576e-2 l5=1.4752605288780954e-2 l6=2.2827130068705122e-2
info: ISSUE079_CREEP_TRACE stage=pre_ingress hour=127 dt_hours=2.5e-1 matrix_rate_m3_per_h=0e0 macro_rate_m3_per_h=0e0 l0=2.208931039801854e-3 l1=3.325088208506585e-3 l2=1.2581295114525331e-2 l3=1.4336304125889517e-2 l4=1.4569902536620292e-2 l5=1.475252686100986e-2 l6=2.2826509099254103e-2
info: ISSUE079_CREEP_TRACE stage=post_ingress hour=127 l0=2.208931039801854e-3 l1=3.325088208506585e-3 l2=1.2581295114525331e-2 l3=1.4336304125889517e-2 l4=1.4569902536620292e-2 l5=1.475252686100986e-2 l6=2.2826509099254103e-2
error: TEMP_DIAGNOSTIC n_ledger[init]: cells.len=1
error: TEMP_DIAGNOSTIC n_ledger[init]: cells.len=1
info: ISSUE079_CREEP_TRACE stage=pre_ingress hour=128 dt_hours=2.5e-1 matrix_rate_m3_per_h=0e0 macro_rate_m3_per_h=0e0 l0=2.212446190498552e-3 l1=3.3298926314308795e-3 l2=1.26014094598477e-2 l3=1.4334739823718719e-2 l4=1.456951146078202e-2 l5=1.4752609065906157e-2 l6=2.2826121995909405e-2
info: ISSUE079_CREEP_TRACE stage=post_ingress hour=128 l0=2.212446190498552e-3 l1=3.3298926314308795e-3 l2=1.26014094598477e-2 l3=1.4334739823718719e-2 l4=1.456951146078202e-2 l5=1.4752609065906157e-2 l6=2.2826121995909405e-2
info: ISSUE079_CREEP_TRACE stage=pre_ingress hour=128 dt_hours=2.5e-1 matrix_rate_m3_per_h=0e0 macro_rate_m3_per_h=0e0 l0=2.214251351376641e-3 l1=3.3344325530767303e-3 l2=1.2621214500008637e-2 l3=1.4333044060645622e-2 l4=1.456897221646001e-2 l5=1.4752513476102725e-2 l6=2.2825504005936924e-2
info: ISSUE079_CREEP_TRACE stage=post_ingress hour=128 l0=2.214251351376641e-3 l1=3.3344325530767303e-3 l2=1.2621214500008637e-2 l3=1.4333044060645622e-2 l4=1.456897221646001e-2 l5=1.4752513476102725e-2 l6=2.2825504005936924e-2
info: ISSUE079_CREEP_TRACE stage=pre_ingress hour=128 dt_hours=2.5e-1 matrix_rate_m3_per_h=0e0 macro_rate_m3_per_h=0e0 l0=2.2160934993121517e-3 l1=3.3389601608063966e-3 l2=1.2641011622908867e-2 l3=1.433134820808264e-2 l4=1.4568424795814184e-2 l5=1.4752409461311193e-2 l6=2.282488772555298e-2
info: ISSUE079_CREEP_TRACE stage=post_ingress hour=128 l0=2.2160934993121517e-3 l1=3.3389601608063966e-3 l2=1.2641011622908867e-2 l3=1.433134820808264e-2 l4=1.4568424795814184e-2 l5=1.4752409461311193e-2 l6=2.282488772555298e-2
info: ISSUE079_CREEP_TRACE stage=pre_ingress hour=128 dt_hours=2.5e-1 matrix_rate_m3_per_h=0e0 macro_rate_m3_per_h=0e0 l0=2.217961885013782e-3 l1=3.3434768252402713e-3 l2=1.2660805448660991e-2 l3=1.4329652878448548e-2 l4=1.4567869328131224e-2 l5=1.475229707951369e-2 l6=2.2824273112004214e-2
info: ISSUE079_CREEP_TRACE stage=post_ingress hour=128 l0=2.217961885013782e-3 l1=3.3434768252402713e-3 l2=1.2660805448660991e-2 l3=1.4329652878448548e-2 l4=1.4567869328131224e-2 l5=1.475229707951369e-2 l6=2.2824273112004214e-2
error: TEMP_DIAGNOSTIC n_ledger[init]: cells.len=1
error: TEMP_DIAGNOSTIC n_ledger[init]: cells.len=1
info: ISSUE079_CREEP_TRACE stage=pre_ingress hour=129 dt_hours=2.5e-1 matrix_rate_m3_per_h=0e0 macro_rate_m3_per_h=0e0 l0=2.221558649631566e-3 l1=3.348231680293048e-3 l2=1.2680866052987206e-2 l3=1.4328055001990884e-2 l4=1.456742904003606e-2 l5=1.4752366582074185e-2 l6=2.282394653580157e-2
info: ISSUE079_CREEP_TRACE stage=post_ingress hour=129 l0=2.221558649631566e-3 l1=3.348231680293048e-3 l2=1.2680866052987206e-2 l3=1.4328055001990884e-2 l4=1.456742904003606e-2 l5=1.4752366582074185e-2 l6=2.282394653580157e-2
info: ISSUE079_CREEP_TRACE stage=pre_ingress hour=129 dt_hours=2.5e-1 matrix_rate_m3_per_h=0e0 macro_rate_m3_per_h=0e0 l0=2.223446361201772e-3 l1=3.3527408662707685e-3 l2=1.2700656064061365e-2 l3=1.43263617840948e-2 l4=1.4566858415739188e-2 l5=1.475223753562248e-2 l6=2.282333457150272e-2
info: ISSUE079_CREEP_TRACE stage=post_ingress hour=129 l0=2.223446361201772e-3 l1=3.3527408662707685e-3 l2=1.2700656064061365e-2 l3=1.43263617840948e-2 l4=1.4566858415739188e-2 l5=1.475223753562248e-2 l6=2.282333457150272e-2
info: ISSUE079_CREEP_TRACE stage=pre_ingress hour=129 dt_hours=2.5e-1 matrix_rate_m3_per_h=0e0 macro_rate_m3_per_h=0e0 l0=2.225382311582502e-3 l1=3.3572476005074943e-3 l2=1.2720423465474672e-2 l3=1.4324671013239013e-2 l4=1.4566280134213641e-2 l5=1.4752100308929969e-2 l6=2.2822724151094584e-2
info: ISSUE079_CREEP_TRACE stage=post_ingress hour=129 l0=2.225382311582502e-3 l1=3.3572476005074943e-3 l2=1.2720423465474672e-2 l3=1.4324671013239013e-2 l4=1.4566280134213641e-2 l5=1.4752100308929969e-2 l6=2.2822724151094584e-2
error: soil heat Newton-Raphson/Anderson stagnated after best-state physical audit: iteration=6 final_scaled_residual=2.6199590563560022e0 best_scaled_residual=2.6199590563560022e0 newton_steps=5 damped_directional_newton_steps=0 directional_newton_probes=1 topology_newton_steps=0 topology_newton_probes=0 enthalpy_topology_newton_steps=4 enthalpy_topology_newton_probes=134 enthalpy_dense_newton_steps=0 enthalpy_dense_newton_probes=0 megajoule_active_set_newton_steps=0 megajoule_active_set_newton_probes=0 constitutive_energy_newton_steps=0 constitutive_energy_newton_probes=8 enthalpy_representability_probes=75 phase_transition_newton_steps=0 enthalpy_repriced_neighbor_steps=1 picard_steps=0 anderson_steps=0 history_count=0 nonlinear_norm=4.521855042861947e-6 conservation_norm=1.154265598887907e0
error: soil heat Newton-Raphson/Anderson did not converge candidate range: min_temperature_k=2.728892968596508e2 max_temperature_k=2.7851871876953015e2
error: soil heat worst conservation component: reason=stagnated cell=3 scaled_norm=1.154265598887907e0 defect_mj=-1.1723955140041653e-13 tolerance_mj=1.0157068833496606e-13 residual_k=-1.0158334079983784e-12 derivative_mj_per_k=1.1541218321558064e-1 base_temperature_k=2.733611169841713e2 trial_temperature_k=2.7334492527064083e2 transport_capacity_mj_per_k=1.1541218321558064e-1 dry_capacity_mj_per_k=5.539888285890833e-2 coupling_liquid_m3=1.432298337868074e-2 coupling_ice_equivalent_m3=0e0 parameters_total_water_equivalent_m3=1.432298337868074e-2 parameters_porous_medium_volume_m3=4.9492266822021166e-2 capacity_ratio=1e0 non_phase_heat_mj=-1.8687210086714146e-3 cell_heat_source_mj=0e0
error: soil heat worst conservation terms: reason=stagnated cell=3 base_enthalpy_mj=4.793918937157789e0 trial_enthalpy_mj=4.792050216149235e0 target_enthalpy_mj=4.792050216149118e0 non_phase_heat_mj=-1.8687210086714146e-3 delta_storage_mj=-1.868721008554175e-3 interval_activity_mj=1.8687210086714146e-3 arithmetic_roundoff_mj=7.237192257447521e-14 temperature_representability_mj=0e0
error: soil heat direct constitutive recovery probe: cell=3 current_temperature_k=2.7334492527064083e2 candidate_temperature_k=2.733449252706398e2 current_nonlinear_norm=4.521855042861947e-6 candidate_nonlinear_norm=5.128955951394369e-6 current_conservation_norm=1.154265598887907e0 candidate_conservation_norm=1.121090732006022e0 candidate_full_norm=4.3907575003437636e0
error: soil heat adjacent conservation probe: endpoint_aware=true cell=3 current_temperature_k=2.7334492527064083e2 adjacent_temperature_k=2.733449252706408e2 current_residual_k=-1.0158334079983784e-12 adjacent_residual_k=-9.542677469075676e-13 current_scaled_enthalpy=-2.4414478425515884e-6 adjacent_scaled_enthalpy=-2.293481306639371e-6 current_defect_mj=-1.1723955140041653e-13 adjacent_defect_mj=-1.1013412404281552e-13 current_conservation_norm=1.154265598887907e0 adjacent_conservation_norm=1.0843101080462159e0
warning: soil coupled schedule failed: substep_count=4 failed_substep=3 time_step_hours=2.5e-1 error=SoilHeatSolverStagnated
warning: bounded fixed external hour recovery rejected: exact_substep_count=4 error=SoilHeatSolverStagnated
error: TEMP_DIAGNOSTIC n_ledger[init]: cells.len=1
info: ISSUE079_CREEP_TRACE stage=pre_ingress hour=129 dt_hours=5e-2 matrix_rate_m3_per_h=0e0 macro_rate_m3_per_h=0e0 l0=2.221558649631566e-3 l1=3.348231680293048e-3 l2=1.2680866052987206e-2 l3=1.4328055001990884e-2 l4=1.456742904003606e-2 l5=1.4752366582074185e-2 l6=2.282394653580157e-2
info: ISSUE079_CREEP_TRACE stage=post_ingress hour=129 l0=2.221558649631566e-3 l1=3.348231680293048e-3 l2=1.2680866052987206e-2 l3=1.4328055001990884e-2 l4=1.456742904003606e-2 l5=1.4752366582074185e-2 l6=2.282394653580157e-2
info: ISSUE079_CREEP_TRACE stage=pre_ingress hour=129 dt_hours=5e-2 matrix_rate_m3_per_h=0e0 macro_rate_m3_per_h=0e0 l0=2.2232407620919555e-3 l1=3.3471522478967634e-3 l2=1.2683934746376711e-2 l3=1.4327712083231714e-2 l4=1.456731623338708e-2 l5=1.4752342111025194e-2 l6=2.282382384367835e-2
info: ISSUE079_CREEP_TRACE stage=post_ingress hour=129 l0=2.2232407620919555e-3 l1=3.3471522478967634e-3 l2=1.2683934746376711e-2 l3=1.4327712083231714e-2 l4=1.456731623338708e-2 l5=1.4752342111025194e-2 l6=2.282382384367835e-2
info: ISSUE079_CREEP_TRACE stage=pre_ingress hour=129 dt_hours=5e-2 matrix_rate_m3_per_h=0e0 macro_rate_m3_per_h=0e0 l0=2.225820247189475e-3 l1=3.346162272706046e-3 l2=1.268698393441084e-2 l3=1.4327369454963051e-2 l4=1.4567203045831844e-2 l5=1.4752317284727045e-2 l6=2.2823701217127592e-2
info: ISSUE079_CREEP_TRACE stage=post_ingress hour=129 l0=2.225820247189475e-3 l1=3.346162272706046e-3 l2=1.268698393441084e-2 l3=1.4327369454963051e-2 l4=1.4567203045831844e-2 l5=1.4752317284727045e-2 l6=2.2823701217127592e-2
info: ISSUE079_CREEP_TRACE stage=pre_ingress hour=129 dt_hours=5e-2 matrix_rate_m3_per_h=0e0 macro_rate_m3_per_h=0e0 l0=2.2284562959974928e-3 l1=3.345260137504812e-3 l2=1.2690022714566153e-2 l3=1.432702717394853e-2 l4=1.4567089506165164e-2 l5=1.4752292113580508e-2 l6=2.2823578652171668e-2
info: ISSUE079_CREEP_TRACE stage=post_ingress hour=129 l0=2.2284562959974928e-3 l1=3.345260137504812e-3 l2=1.2690022714566153e-2 l3=1.432702717394853e-2 l4=1.4567089506165164e-2 l5=1.4752292113580508e-2 l6=2.2823578652171668e-2
info: ISSUE079_CREEP_TRACE stage=pre_ingress hour=129 dt_hours=5e-2 matrix_rate_m3_per_h=0e0 macro_rate_m3_per_h=0e0 l0=2.231037068458309e-3 l1=3.3444424374768533e-3 l2=1.2693051800056521e-2 l3=1.432668526834933e-2 l4=1.4566975630528627e-2 l5=1.4752266604303524e-2 l6=2.2823456148340752e-2
info: ISSUE079_CREEP_TRACE stage=post_ingress hour=129 l0=2.231037068458309e-3 l1=3.3444424374768533e-3 l2=1.2693051800056521e-2 l3=1.432668526834933e-2 l4=1.4566975630528627e-2 l5=1.4752266604303524e-2 l6=2.2823456148340752e-2
info: ISSUE079_CREEP_TRACE stage=pre_ingress hour=129 dt_hours=5e-2 matrix_rate_m3_per_h=0e0 macro_rate_m3_per_h=0e0 l0=2.233550288006793e-3 l1=3.343705487706356e-3 l2=1.2696071795556662e-2 l3=1.432634375391402e-2 l4=1.456686142823472e-2 l5=1.4752240760998606e-2 l6=2.2823333706004187e-2
info: ISSUE079_CREEP_TRACE stage=post_ingress hour=129 l0=2.233550288006793e-3 l1=3.343705487706356e-3 l2=1.2696071795556662e-2 l3=1.432634375391402e-2 l4=1.456686142823472e-2 l5=1.4752240760998606e-2 l6=2.2823333706004187e-2
info: ISSUE079_CREEP_TRACE stage=pre_ingress hour=129 dt_hours=5e-2 matrix_rate_m3_per_h=0e0 macro_rate_m3_per_h=0e0 l0=2.2359968664742943e-3 l1=3.34304571372598e-3 l2=1.2699083242355347e-2 l3=1.432600264030908e-2 l4=1.456674690503808e-2 l5=1.475221458615247e-2 l6=2.282321132552583e-2
info: ISSUE079_CREEP_TRACE stage=post_ingress hour=129 l0=2.2359968664742943e-3 l1=3.34304571372598e-3 l2=1.2699083242355347e-2 l3=1.432600264030908e-2 l4=1.456674690503808e-2 l5=1.475221458615247e-2 l6=2.282321132552583e-2
info: ISSUE079_CREEP_TRACE stage=pre_ingress hour=129 dt_hours=5e-2 matrix_rate_m3_per_h=0e0 macro_rate_m3_per_h=0e0 l0=2.238379361148933e-3 l1=3.3424597001635668e-3 l2=1.270208664054783e-2 l3=1.4325661934178337e-2 l4=1.4566632064859732e-2 l5=1.475218808132245e-2 l6=2.2823089007074162e-2
info: ISSUE079_CREEP_TRACE stage=post_ingress hour=129 l0=2.238379361148933e-3 l1=3.3424597001635668e-3 l2=1.270208664054783e-2 l3=1.4325661934178337e-2 l4=1.4566632064859732e-2 l5=1.475218808132245e-2 l6=2.2823089007074162e-2
info: ISSUE079_CREEP_TRACE stage=pre_ingress hour=129 dt_hours=5e-2 matrix_rate_m3_per_h=0e0 macro_rate_m3_per_h=0e0 l0=2.2407004360452966e-3 l1=3.3419441915785286e-3 l2=1.2705082460036606e-2 l3=1.432532164061263e-2 l4=1.4566516910691494e-2 l5=1.4752161247553646e-2 l6=2.282296675063426e-2
info: ISSUE079_CREEP_TRACE stage=post_ingress hour=129 l0=2.2407004360452966e-3 l1=3.3419441915785286e-3 l2=1.2705082460036606e-2 l3=1.432532164061263e-2 l4=1.4566516910691494e-2 l5=1.4752161247553646e-2 l6=2.282296675063426e-2
info: ISSUE079_CREEP_TRACE stage=pre_ingress hour=129 dt_hours=5e-2 matrix_rate_m3_per_h=0e0 macro_rate_m3_per_h=0e0 l0=2.2429626612937036e-3 l1=3.3414960861299185e-3 l2=1.270807114616056e-2 l3=1.4324981763869612e-2 l4=1.4566401445055572e-2 l5=1.4752134085617511e-2 l6=2.2822844556062063e-2
info: ISSUE079_CREEP_TRACE stage=post_ingress hour=129 l0=2.2429626612937036e-3 l1=3.3414960861299185e-3 l2=1.270807114616056e-2 l3=1.4324981763869612e-2 l4=1.4566401445055572e-2 l5=1.4752134085617511e-2 l6=2.2822844556062063e-2
info: ISSUE079_CREEP_TRACE stage=pre_ingress hour=129 dt_hours=5e-2 matrix_rate_m3_per_h=0e0 macro_rate_m3_per_h=0e0 l0=2.2451684917169515e-3 l1=3.3411124281512343e-3 l2=1.271105312278434e-2 l3=1.4324642307722398e-2 l4=1.4566285670240313e-2 l5=1.4752106596143096e-2 l6=2.282272242313282e-2
info: ISSUE079_CREEP_TRACE stage=post_ingress hour=129 l0=2.2451684917169515e-3 l1=3.3411124281512343e-3 l2=1.271105312278434e-2 l3=1.4324642307722398e-2 l4=1.4566285670240313e-2 l5=1.4752106596143096e-2 l6=2.282272242313282e-2
info: ISSUE079_CREEP_TRACE stage=pre_ingress hour=129 dt_hours=5e-2 matrix_rate_m3_per_h=0e0 macro_rate_m3_per_h=0e0 l0=2.24732026928789e-3 l1=3.3407904007526678e-3 l2=1.2714028794121708e-2 l3=1.432430327565409e-2 l4=1.4566169588405663e-2 l5=1.4752078779686748e-2 l6=2.2822600351574664e-2
info: ISSUE079_CREEP_TRACE stage=post_ingress hour=129 l0=2.24732026928789e-3 l1=3.3407904007526678e-3 l2=1.2714028794121708e-2 l3=1.432430327565409e-2 l4=1.4566169588405663e-2 l5=1.4752078779686748e-2 l6=2.2822600351574664e-2
info: ISSUE079_CREEP_TRACE stage=pre_ingress hour=129 dt_hours=5e-2 matrix_rate_m3_per_h=0e0 macro_rate_m3_per_h=0e0 l0=2.249420228566021e-3 l1=3.3405273186731667e-3 l2=1.2716998546029817e-2 l3=1.4323964670918704e-2 l4=1.4566053201659022e-2 l5=1.4752050636769942e-2 l6=2.282247834108952e-2
info: ISSUE079_CREEP_TRACE stage=post_ingress hour=129 l0=2.249420228566021e-3 l1=3.3405273186731667e-3 l2=1.2716998546029817e-2 l3=1.4323964670918704e-2 l4=1.4566053201659022e-2 l5=1.4752050636769942e-2 l6=2.282247834108952e-2
info: ISSUE079_CREEP_TRACE stage=pre_ingress hour=129 dt_hours=5e-2 matrix_rate_m3_per_h=0e0 macro_rate_m3_per_h=0e0 l0=2.2514705022352974e-3 l1=3.3403206215211075e-3 l2=1.2719962746936606e-2 l3=1.432362649660736e-2 l4=1.4565936512072587e-2 l5=1.475202216789796e-2 l6=2.2822356391365296e-2
info: ISSUE079_CREEP_TRACE stage=post_ingress hour=129 l0=2.2514705022352974e-3 l1=3.3403206215211075e-3 l2=1.2719962746936606e-2 l3=1.432362649660736e-2 l4=1.4565936512072587e-2 l5=1.475202216789796e-2 l6=2.2822356391365296e-2
info: ISSUE079_CREEP_TRACE stage=pre_ingress hour=129 dt_hours=5e-2 matrix_rate_m3_per_h=0e0 macro_rate_m3_per_h=0e0 l0=2.253473126381259e-3 l1=3.340167867370974e-3 l2=1.2722921748654763e-2 l3=1.4323288755670082e-2 l4=1.4565819521700567e-2 l5=1.4751993373569914e-2 l6=2.28222345020827e-2
info: ISSUE079_CREEP_TRACE stage=post_ingress hour=129 l0=2.253473126381259e-3 l1=3.340167867370974e-3 l2=1.2722921748654763e-2 l3=1.4323288755670082e-2 l4=1.4565819521700567e-2 l5=1.4751993373569914e-2 l6=2.28222345020827e-2
info: ISSUE079_CREEP_TRACE stage=pre_ingress hour=129 dt_hours=5e-2 matrix_rate_m3_per_h=0e0 macro_rate_m3_per_h=0e0 l0=2.255430045460902e-3 l1=3.3400667267302403e-3 l2=1.2725875887091074e-2 l3=1.4322951450932212e-2 l4=1.4565702232586152e-2 l5=1.4751964254283786e-2 l6=2.2822112672919025e-2
info: ISSUE079_CREEP_TRACE stage=post_ingress hour=129 l0=2.255430045460902e-3 l1=3.3400667267302403e-3 l2=1.2725875887091074e-2 l3=1.4322951450932212e-2 l4=1.4565702232586152e-2 l5=1.4751964254283786e-2 l6=2.2822112672919025e-2
info: ISSUE079_CREEP_TRACE stage=pre_ingress hour=129 dt_hours=5e-2 matrix_rate_m3_per_h=0e0 macro_rate_m3_per_h=0e0 l0=2.257343116979017e-3 l1=3.3400149768516335e-3 l2=1.27288254829113e-2 l3=1.4322614585100993e-2 l4=1.4565584646767714e-2 l5=1.4751934810539099e-2 l6=2.282199090355012e-2
info: ISSUE079_CREEP_TRACE stage=post_ingress hour=129 l0=2.257343116979017e-3 l1=3.3400149768516335e-3 l2=1.27288254829113e-2 l3=1.4322614585100993e-2 l4=1.4565584646767714e-2 l5=1.4751934810539099e-2 l6=2.282199090355012e-2
info: ISSUE079_CREEP_TRACE stage=pre_ingress hour=129 dt_hours=5e-2 matrix_rate_m3_per_h=0e0 macro_rate_m3_per_h=0e0 l0=2.2592141158840288e-3 l1=3.3400104963858465e-3 l2=1.2731770842144389e-2 l3=1.4322278160793067e-2 l4=1.4565466766268806e-2 l5=1.4751905042837668e-2 l6=2.282186919365146e-2
info: ISSUE079_CREEP_TRACE stage=post_ingress hour=129 l0=2.2592141158840288e-3 l1=3.3400104963858465e-3 l2=1.2731770842144389e-2 l3=1.4322278160793067e-2 l4=1.4565466766268806e-2 l5=1.4751905042837668e-2 l6=2.282186919365146e-2
info: ISSUE079_CREEP_TRACE stage=pre_ingress hour=129 dt_hours=5e-2 matrix_rate_m3_per_h=0e0 macro_rate_m3_per_h=0e0 l0=2.261044738718454e-3 l1=3.340051260316873e-3 l2=1.273471225680386e-2 l3=1.4321942180513407e-2 l4=1.45653485931162e-2 l5=1.4751874951685005e-2 l6=2.2821747542898726e-2
info: ISSUE079_CREEP_TRACE stage=post_ingress hour=129 l0=2.261044738718454e-3 l1=3.340051260316873e-3 l2=1.273471225680386e-2 l3=1.4321942180513407e-2 l4=1.45653485931162e-2 l5=1.4751874951685005e-2 l6=2.2821747542898726e-2
info: ISSUE079_CREEP_TRACE stage=pre_ingress hour=129 dt_hours=5e-2 matrix_rate_m3_per_h=0e0 macro_rate_m3_per_h=0e0 l0=2.262836607519886e-3 l1=3.3401353352097347e-3 l2=1.2737650005434104e-2 l3=1.4321606646680664e-2 l4=1.4565230129328477e-2 l5=1.4751844537590098e-2 l6=2.2821625950968084e-2
info: ISSUE079_CREEP_TRACE stage=post_ingress hour=129 l0=2.262836607519886e-3 l1=3.3401353352097347e-3 l2=1.2737650005434104e-2 l3=1.4321606646680664e-2 l4=1.4565230129328477e-2 l5=1.4751844537590098e-2 l6=2.2821625950968084e-2
error: TEMP_DIAGNOSTIC n_ledger[init]: cells.len=1
info: bounded fixed external hour recovery accepted: exact_substep_count=20 next_preferred_substep_count=20
error: TEMP_DIAGNOSTIC n_ledger[init]: cells.len=1
info: ISSUE079_CREEP_TRACE stage=pre_ingress hour=130 dt_hours=5e-2 matrix_rate_m3_per_h=0e0 macro_rate_m3_per_h=0e0 l0=2.265355132100508e-3 l1=3.3409956921042726e-3 l2=1.2741288337111979e-2 l3=1.4321329702512467e-2 l4=1.4565200213127806e-2 l5=1.4751983884415261e-2 l6=2.2821809086398265e-2
info: ISSUE079_CREEP_TRACE stage=post_ingress hour=130 l0=2.265355132100508e-3 l1=3.3409956921042726e-3 l2=1.2741288337111979e-2 l3=1.4321329702512467e-2 l4=1.4565200213127806e-2 l5=1.4751983884415261e-2 l6=2.2821809086398265e-2
info: ISSUE079_CREEP_TRACE stage=pre_ingress hour=130 dt_hours=5e-2 matrix_rate_m3_per_h=0e0 macro_rate_m3_per_h=0e0 l0=2.2670538902795846e-3 l1=3.341165811554345e-3 l2=1.2744227795132538e-2 l3=1.4320994937825895e-2 l4=1.4565081279658656e-2 l5=1.4751952805410262e-2 l6=2.2821687503046417e-2
info: ISSUE079_CREEP_TRACE stage=post_ingress hour=130 l0=2.2670538902795846e-3 l1=3.341165811554345e-3 l2=1.2744227795132538e-2 l3=1.4320994937825895e-2 l4=1.4565081279658656e-2 l5=1.4751952805410262e-2 l6=2.2821687503046417e-2
info: ISSUE079_CREEP_TRACE stage=pre_ingress hour=130 dt_hours=5e-2 matrix_rate_m3_per_h=0e0 macro_rate_m3_per_h=0e0 l0=2.2687288897842426e-3 l1=3.3413747597179975e-3 l2=1.2747156111185726e-2 l3=1.432066062508796e-2 l4=1.4564962060523325e-2 l5=1.475192140538688e-2 l6=2.2821565977607535e-2
info: ISSUE079_CREEP_TRACE stage=post_ingress hour=130 l0=2.2687288897842426e-3 l1=3.3413747597179975e-3 l2=1.2747156111185726e-2 l3=1.432066062508796e-2 l4=1.4564962060523325e-2 l5=1.475192140538688e-2 l6=2.2821565977607535e-2
info: ISSUE079_CREEP_TRACE stage=pre_ingress hour=130 dt_hours=5e-2 matrix_rate_m3_per_h=0e0 macro_rate_m3_per_h=0e0 l0=2.2703743360114057e-3 l1=3.341619818263101e-3 l2=1.2750081772852044e-2 l3=1.4320326768791879e-2 l4=1.4564842557730339e-2 l5=1.4751889684824741e-2 l6=2.282144450979072e-2
info: ISSUE079_CREEP_TRACE stage=post_ingress hour=130 l0=2.2703743360114057e-3 l1=3.341619818263101e-3 l2=1.2750081772852044e-2 l3=1.4320326768791879e-2 l4=1.4564842557730339e-2 l5=1.4751889684824741e-2 l6=2.282144450979072e-2
info: ISSUE079_CREEP_TRACE stage=pre_ingress hour=130 dt_hours=5e-2 matrix_rate_m3_per_h=0e0 macro_rate_m3_per_h=0e0 l0=2.2719898044631435e-3 l1=3.341899495124122e-3 l2=1.2753004998270416e-2 l3=1.4319993370974629e-2 l4=1.4564722773275411e-2 l5=1.4751857644236326e-2 l6=2.28213230992844e-2
info: ISSUE079_CREEP_TRACE stage=post_ingress hour=130 l0=2.2719898044631435e-3 l1=3.341899495124122e-3 l2=1.2753004998270416e-2 l3=1.4319993370974629e-2 l4=1.4564722773275411e-2 l5=1.4751857644236326e-2 l6=2.28213230992844e-2
info: ISSUE079_CREEP_TRACE stage=pre_ingress hour=130 dt_hours=5e-2 matrix_rate_m3_per_h=0e0 macro_rate_m3_per_h=0e0 l0=2.273576246992851e-3 l1=3.3422123572298735e-3 l2=1.2755925995254994e-2 l3=1.431966043359514e-2 l4=1.456460270915978e-2 l5=1.4751825284146262e-2 l6=2.282120174577177e-2
info: ISSUE079_CREEP_TRACE stage=post_ingress hour=130 l0=2.273576246992851e-3 l1=3.3422123572298735e-3 l2=1.2755925995254994e-2 l3=1.431966043359514e-2 l4=1.456460270915978e-2 l5=1.4751825284146262e-2 l6=2.282120174577177e-2
info: ISSUE079_CREEP_TRACE stage=pre_ingress hour=130 dt_hours=5e-2 matrix_rate_m3_per_h=0e0 macro_rate_m3_per_h=0e0 l0=2.275134759727415e-3 l1=3.342557032948453e-3 l2=1.2758844961679993e-2 l3=1.4319327958580784e-2 l4=1.456448236736579e-2 l5=1.4751792605084189e-2 l6=2.2821080448934897e-2
info: ISSUE079_CREEP_TRACE stage=post_ingress hour=130 l0=2.275134759727415e-3 l1=3.342557032948453e-3 l2=1.2758844961679993e-2 l3=1.4319327958580784e-2 l4=1.456448236736579e-2 l5=1.4751792605084189e-2 l6=2.2821080448934897e-2
info: ISSUE079_CREEP_TRACE stage=pre_ingress hour=130 dt_hours=5e-2 matrix_rate_m3_per_h=0e0 macro_rate_m3_per_h=0e0 l0=2.276666417942945e-3 l1=3.3429322099192476e-3 l2=1.276176208592126e-2 l3=1.431899594779211e-2 l4=1.456436174987985e-2 l5=1.4751759607584515e-2 l6=2.28209592084562e-2
info: ISSUE079_CREEP_TRACE stage=post_ingress hour=130 l0=2.276666417942945e-3 l1=3.3429322099192476e-3 l2=1.276176208592126e-2 l3=1.431899594779211e-2 l4=1.456436174987985e-2 l5=1.4751759607584515e-2 l6=2.28209592084562e-2
info: ISSUE079_CREEP_TRACE stage=pre_ingress hour=130 dt_hours=5e-2 matrix_rate_m3_per_h=0e0 macro_rate_m3_per_h=0e0 l0=2.278172255239286e-3 l1=3.3433366324181284e-3 l2=1.2764677547220535e-2 l3=1.4318664403047195e-2 l4=1.4564240858679547e-2 l5=1.4751726292185437e-2 l6=2.2820838024018755e-2
info: ISSUE079_CREEP_TRACE stage=post_ingress hour=130 l0=2.278172255239286e-3 l1=3.3433366324181284e-3 l2=1.2764677547220535e-2 l3=1.4318664403047195e-2 l4=1.4564240858679547e-2 l5=1.4751726292185437e-2 l6=2.2820838024018755e-2
info: ISSUE079_CREEP_TRACE stage=pre_ingress hour=130 dt_hours=5e-2 matrix_rate_m3_per_h=0e0 macro_rate_m3_per_h=0e0 l0=2.2796532623656322e-3 l1=3.343769098762145e-3 l2=1.2767591516066856e-2 l3=1.4318333326120421e-2 l4=1.456411969573639e-2 l5=1.4751692659428878e-2 l6=2.282071689530642e-2
info: ISSUE079_CREEP_TRACE stage=post_ingress hour=130 l0=2.2796532623656322e-3 l1=3.343769098762145e-3 l2=1.2767591516066856e-2 l3=1.4318333326120421e-2 l4=1.456411969573639e-2 l5=1.4751692659428878e-2 l6=2.282071689530642e-2
info: ISSUE079_CREEP_TRACE stage=pre_ingress hour=130 dt_hours=5e-2 matrix_rate_m3_per_h=0e0 macro_rate_m3_per_h=0e0 l0=2.281110388738594e-3 l1=3.3442284588358867e-3 l2=1.2770504154550225e-2 l3=1.4318002718745922e-2 l4=1.4563998263015673e-2 l5=1.47516587098604e-2 l6=2.282059582200386e-2
info: ISSUE079_CREEP_TRACE stage=post_ingress hour=130 l0=2.281110388738594e-3 l1=3.3442284588358867e-3 l2=1.2770504154550225e-2 l3=1.4318002718745922e-2 l4=1.4563998263015673e-2 l5=1.47516587098604e-2 l6=2.282059582200386e-2
info: ISSUE079_CREEP_TRACE stage=pre_ingress hour=130 dt_hours=5e-2 matrix_rate_m3_per_h=0e0 macro_rate_m3_per_h=0e0 l0=2.2825445442756663e-3 l1=3.3447136117390856e-3 l2=1.2773415616711704e-2 l3=1.4317672582616169e-2 l4=1.4563876562479301e-2 l5=1.4751624444029273e-2 l6=2.2820474803796568e-2
info: ISSUE079_CREEP_TRACE stage=post_ingress hour=130 l0=2.2825445442756663e-3 l1=3.3447136117390856e-3 l2=1.2773415616711704e-2 l3=1.4317672582616169e-2 l4=1.4563876562479301e-2 l5=1.4751624444029273e-2 l6=2.2820474803796568e-2
info: ISSUE079_CREEP_TRACE stage=pre_ingress hour=130 dt_hours=5e-2 matrix_rate_m3_per_h=0e0 macro_rate_m3_per_h=0e0 l0=2.283956601197938e-3 l1=3.3452235035596168e-3 l2=1.277632604885821e-2 l3=1.4317342919404258e-2 l4=1.456375459607406e-2 l5=1.4751589862487952e-2 l6=2.2820353840370816e-2
info: ISSUE079_CREEP_TRACE stage=post_ingress hour=130 l0=2.283956601197938e-3 l1=3.3452235035596168e-3 l2=1.277632604885821e-2 l3=1.4317342919404258e-2 l4=1.456375459607406e-2 l5=1.4751589862487952e-2 l6=2.2820353840370816e-2
info: ISSUE079_CREEP_TRACE stage=pre_ingress hour=130 dt_hours=5e-2 matrix_rate_m3_per_h=0e0 macro_rate_m3_per_h=0e0 l0=2.285347395757688e-3 l1=3.34575712524163e-3 l2=1.2779235589901582e-2 l3=1.4317013730738225e-2 l4=1.4563632365749165e-2 l5=1.4751554965792755e-2 l6=2.2820232931413737e-2
info: ISSUE079_CREEP_TRACE stage=post_ingress hour=130 l0=2.285347395757688e-3 l1=3.34575712524163e-3 l2=1.2779235589901582e-2 l3=1.4317013730738225e-2 l4=1.4563632365749165e-2 l5=1.4751554965792755e-2 l6=2.2820232931413737e-2
info: ISSUE079_CREEP_TRACE stage=pre_ingress hour=130 dt_hours=5e-2 matrix_rate_m3_per_h=0e0 macro_rate_m3_per_h=0e0 l0=2.2867177298783042e-3 l1=3.346313510575209e-3 l2=1.2782144371652203e-2 l3=1.4316685018223238e-2 l4=1.4563509873444456e-2 l5=1.4751519754503326e-2 l6=2.2820112076613237e-2
info: ISSUE079_CREEP_TRACE stage=post_ingress hour=130 l0=2.2867177298783042e-3 l1=3.346313510575209e-3 l2=1.2782144371652203e-2 l3=1.4316685018223238e-2 l4=1.4563509873444456e-2 l5=1.4751519754503326e-2 l6=2.2820112076613237e-2
info: ISSUE079_CREEP_TRACE stage=pre_ingress hour=130 dt_hours=5e-2 matrix_rate_m3_per_h=0e0 macro_rate_m3_per_h=0e0 l0=2.2880683727141016e-3 l1=3.3468917342767647e-3 l2=1.2785052519110739e-2 l3=1.4316356783439559e-2 l4=1.4563387121093327e-2 l5=1.4751484229182743e-2 l6=2.2819991275658078e-2
info: ISSUE079_CREEP_TRACE stage=post_ingress hour=130 l0=2.2880683727141016e-3 l1=3.3468917342767647e-3 l2=1.2785052519110739e-2 l3=1.4316356783439559e-2 l4=1.4563387121093327e-2 l5=1.4751484229182743e-2 l6=2.2819991275658078e-2
info: ISSUE079_CREEP_TRACE stage=pre_ingress hour=130 dt_hours=5e-2 matrix_rate_m3_per_h=0e0 macro_rate_m3_per_h=0e0 l0=2.289400062133282e-3 l1=3.347490910164394e-3 l2=1.278796015075364e-2 l3=1.4316029027945218e-2 l4=1.456326411062272e-2 l5=1.4751448390397477e-2 l6=2.281987052823781e-2
info: ISSUE079_CREEP_TRACE stage=post_ingress hour=130 l0=2.289400062133282e-3 l1=3.347490910164394e-3 l2=1.278796015075364e-2 l3=1.4316029027945218e-2 l4=1.456326411062272e-2 l5=1.4751448390397477e-2 l6=2.281987052823781e-2
info: ISSUE079_CREEP_TRACE stage=pre_ingress hour=130 dt_hours=5e-2 matrix_rate_m3_per_h=0e0 macro_rate_m3_per_h=0e0 l0=2.2907135061271565e-3 l1=3.3481101894211403e-3 l2=1.2790867378801217e-2 l3=1.4315701753273768e-2 l4=1.4563140843956058e-2 l5=1.4751412238717461e-2 l6=2.2819749834042828e-2
info: ISSUE079_CREEP_TRACE stage=post_ingress hour=130 l0=2.2907135061271565e-3 l1=3.3481101894211403e-3 l2=1.2790867378801217e-2 l3=1.4315701753273768e-2 l4=1.4563140843956058e-2 l5=1.4751412238717461e-2 l6=2.2819749834042828e-2
info: ISSUE079_CREEP_TRACE stage=pre_ingress hour=130 dt_hours=5e-2 matrix_rate_m3_per_h=0e0 macro_rate_m3_per_h=0e0 l0=2.2920093833225727e-3 l1=3.348748758931745e-3 l2=1.2793774309462227e-2 l3=1.4315374960955992e-2 l4=1.4563017323001462e-2 l5=1.4751375774715619e-2 l6=2.2819629192764312e-2
info: ISSUE079_CREEP_TRACE stage=post_ingress hour=130 l0=2.2920093833225727e-3 l1=3.348748758931745e-3 l2=1.2793774309462227e-2 l3=1.4315374960955992e-2 l4=1.4563017323001462e-2 l5=1.4751375774715619e-2 l6=2.2819629192764312e-2
info: ISSUE079_CREEP_TRACE stage=pre_ingress hour=130 dt_hours=5e-2 matrix_rate_m3_per_h=0e0 macro_rate_m3_per_h=0e0 l0=2.2932883434193152e-3 l1=3.3494058396698746e-3 l2=1.2796681043208753e-2 l3=1.4315048652493154e-2 l4=1.456289354966952e-2 l5=1.4751338998968487e-2 l6=2.2819508604094294e-2
info: ISSUE079_CREEP_TRACE stage=post_ingress hour=130 l0=2.2932883434193152e-3 l1=3.3494058396698746e-3 l2=1.2796681043208753e-2 l3=1.4315048652493154e-2 l4=1.456289354966952e-2 l5=1.4751338998968487e-2 l6=2.2819508604094294e-2
error: TEMP_DIAGNOSTIC n_ledger[init]: cells.len=1
error: TEMP_DIAGNOSTIC n_ledger[init]: cells.len=1
info: ISSUE079_CREEP_TRACE stage=pre_ingress hour=131 dt_hours=5e-2 matrix_rate_m3_per_h=0e0 macro_rate_m3_per_h=0e0 l0=2.296343699721127e-3 l1=3.349141595501101e-3 l2=1.2800417997865219e-2 l3=1.4315278756364971e-2 l4=1.4562819370980183e-2 l5=1.4751435136126227e-2 l6=2.2819667528127703e-2
info: ISSUE079_CREEP_TRACE stage=post_ingress hour=131 l0=2.296343699721127e-3 l1=3.349141595501101e-3 l2=1.2800417997865219e-2 l3=1.4315278756364971e-2 l4=1.4562819370980183e-2 l5=1.4751435136126227e-2 l6=2.2819667528127703e-2
info: ISSUE079_CREEP_TRACE stage=pre_ingress hour=131 dt_hours=5e-2 matrix_rate_m3_per_h=0e0 macro_rate_m3_per_h=0e0 l0=2.2975696946087617e-3 l1=3.3498405984976032e-3 l2=1.2803330546538979e-2 l3=1.4314953316365796e-2 l4=1.4562695215161242e-2 l5=1.4751397719122044e-2 l6=2.2819546944294358e-2
info: ISSUE079_CREEP_TRACE stage=post_ingress hour=131 l0=2.2975696946087617e-3 l1=3.3498405984976032e-3 l2=1.2803330546538979e-2 l3=1.4314953316365796e-2 l4=1.4562695215161242e-2 l5=1.4751397719122044e-2 l6=2.2819546944294358e-2
info: ISSUE079_CREEP_TRACE stage=pre_ingress hour=131 dt_hours=5e-2 matrix_rate_m3_per_h=0e0 macro_rate_m3_per_h=0e0 l0=2.298789927264897e-3 l1=3.3505561978642165e-3 l2=1.2806236776403567e-2 l3=1.4314628364020178e-2 l4=1.4562570811647002e-2 l5=1.475135999252761e-2 l6=2.2819426412202325e-2
info: ISSUE079_CREEP_TRACE stage=post_ingress hour=131 l0=2.298789927264897e-3 l1=3.3505561978642165e-3 l2=1.2806236776403567e-2 l3=1.4314628364020178e-2 l4=1.4562570811647002e-2 l5=1.475135999252761e-2 l6=2.2819426412202325e-2
info: ISSUE079_CREEP_TRACE stage=pre_ingress hour=131 dt_hours=5e-2 matrix_rate_m3_per_h=0e0 macro_rate_m3_per_h=0e0 l0=2.2999977100144945e-3 l1=3.3512871260344794e-3 l2=1.280914319098876e-2 l3=1.4314303902451826e-2 l4=1.4562446162330281e-2 l5=1.4751321956889349e-2 l6=2.281930593157588e-2
info: ISSUE079_CREEP_TRACE stage=post_ingress hour=131 l0=2.2999977100144945e-3 l1=3.3512871260344794e-3 l2=1.280914319098876e-2 l3=1.4314303902451826e-2 l4=1.4562446162330281e-2 l5=1.4751321956889349e-2 l6=2.281930593157588e-2
info: ISSUE079_CREEP_TRACE stage=pre_ingress hour=131 dt_hours=5e-2 matrix_rate_m3_per_h=0e0 macro_rate_m3_per_h=0e0 l0=2.3011919754401e-3 l1=3.3520327748173336e-3 l2=1.281204986400481e-2 l3=1.4313979933111625e-2 l4=1.4562321269090418e-2 l5=1.4751283612784702e-2 l6=2.281918550211953e-2
info: ISSUE079_CREEP_TRACE stage=post_ingress hour=131 l0=2.3011919754401e-3 l1=3.3520327748173336e-3 l2=1.281204986400481e-2 l3=1.4313979933111625e-2 l4=1.4562321269090418e-2 l5=1.4751283612784702e-2 l6=2.281918550211953e-2
info: ISSUE079_CREEP_TRACE stage=pre_ingress hour=131 dt_hours=5e-2 matrix_rate_m3_per_h=0e0 macro_rate_m3_per_h=0e0 l0=2.3023730138409188e-3 l1=3.3527925556518594e-3 l2=1.2814956864721352e-2 l3=1.4313656457429118e-2 l4=1.4562196133812069e-2 l5=1.4751244960802268e-2 l6=2.2819065123532784e-2
info: ISSUE079_CREEP_TRACE stage=post_ingress hour=131 l0=2.3023730138409188e-3 l1=3.3527925556518594e-3 l2=1.2814956864721352e-2 l3=1.4313656457429118e-2 l4=1.4562196133812069e-2 l5=1.4751244960802268e-2 l6=2.2819065123532784e-2
info: ISSUE079_CREEP_TRACE stage=pre_ingress hour=131 dt_hours=5e-2 matrix_rate_m3_per_h=0e0 macro_rate_m3_per_h=0e0 l0=2.3035412791818687e-3 l1=3.3535659036559124e-3 l2=1.2817864258116724e-2 l3=1.4313333476857568e-2 l4=1.456207075836022e-2 l5=1.4751206001534966e-2 l6=2.2818944795514183e-2
info: ISSUE079_CREEP_TRACE stage=post_ingress hour=131 l0=2.3035412791818687e-3 l1=3.3535659036559124e-3 l2=1.2817864258116724e-2 l3=1.4313333476857568e-2 l4=1.456207075836022e-2 l5=1.4751206001534966e-2 l6=2.2818944795514183e-2
info: ISSUE079_CREEP_TRACE stage=pre_ingress hour=131 dt_hours=5e-2 matrix_rate_m3_per_h=0e0 macro_rate_m3_per_h=0e0 l0=2.304697231415146e-3 l1=3.354352277252679e-3 l2=1.2820772105096566e-2 l3=1.4313010992834963e-2 l4=1.4561945144603967e-2 l5=1.4751166735579798e-2 l6=2.2818824517762657e-2
info: ISSUE079_CREEP_TRACE stage=post_ingress hour=131 l0=2.304697231415146e-3 l1=3.354352277252679e-3 l2=1.2820772105096566e-2 l3=1.4313010992834963e-2 l4=1.4561945144603967e-2 l5=1.4751166735579798e-2 l6=2.2818824517762657e-2
info: ISSUE079_CREEP_TRACE stage=pre_ingress hour=131 dt_hours=5e-2 matrix_rate_m3_per_h=0e0 macro_rate_m3_per_h=0e0 l0=2.30584131622062e-3 l1=3.355151157271869e-3 l2=1.2823680462648604e-2 l3=1.4312689006806647e-2 l4=1.4561819294403382e-2 l5=1.475112716353691e-2 l6=2.2818704289977846e-2
info: ISSUE079_CREEP_TRACE stage=post_ingress hour=131 l0=2.30584131622062e-3 l1=3.355151157271869e-3 l2=1.2823680462648604e-2 l3=1.4312689006806647e-2 l4=1.4561819294403382e-2 l5=1.475112716353691e-2 l6=2.2818704289977846e-2
info: ISSUE079_CREEP_TRACE stage=pre_ingress hour=131 dt_hours=5e-2 matrix_rate_m3_per_h=0e0 macro_rate_m3_per_h=0e0 l0=2.3069739629462825e-3 l1=3.355962046014151e-3 l2=1.2826589384011156e-2 l3=1.4312367520221577e-2 l4=1.4561693209612493e-2 l5=1.475108728600956e-2 l6=2.2818584111860198e-2
info: ISSUE079_CREEP_TRACE stage=post_ingress hour=131 l0=2.3069739629462825e-3 l1=3.355962046014151e-3 l2=1.2826589384011156e-2 l3=1.4312367520221577e-2 l4=1.4561693209612493e-2 l5=1.475108728600956e-2 l6=2.2818584111860198e-2
info: ISSUE079_CREEP_TRACE stage=pre_ingress hour=131 dt_hours=5e-2 matrix_rate_m3_per_h=0e0 macro_rate_m3_per_h=0e0 l0=2.3080955849398496e-3 l1=3.356784466348383e-3 l2=1.282949891883562e-2 l3=1.4312046534533576e-2 l4=1.456156689207927e-2 l5=1.4751047103603995e-2 l6=2.281846398311101e-2
info: ISSUE079_CREEP_TRACE stage=post_ingress hour=131 l0=2.3080955849398496e-3 l1=3.356784466348383e-3 l2=1.282949891883562e-2 l3=1.4312046534533576e-2 l4=1.456156689207927e-2 l5=1.4751047103603995e-2 l6=2.281846398311101e-2
info: ISSUE079_CREEP_TRACE stage=pre_ingress hour=131 dt_hours=5e-2 matrix_rate_m3_per_h=0e0 macro_rate_m3_per_h=0e0 l0=2.3092065801714116e-3 l1=3.35761796084818e-3 l2=1.283240911334327e-2 l3=1.4311726051197585e-2 l4=1.4561440343648674e-2 l5=1.4751006616929524e-2 l6=2.2818343903432438e-2
info: ISSUE079_CREEP_TRACE stage=post_ingress hour=131 l0=2.3092065801714116e-3 l1=3.35761796084818e-3 l2=1.283240911334327e-2 l3=1.4311726051197585e-2 l4=1.4561440343648674e-2 l5=1.4751006616929524e-2 l6=2.2818343903432438e-2
info: ISSUE079_CREEP_TRACE stage=pre_ingress hour=131 dt_hours=5e-2 matrix_rate_m3_per_h=0e0 macro_rate_m3_per_h=0e0 l0=2.310307331870725e-3 l1=3.35846209096941e-3 l2=1.283532001045511e-2 l3=1.431140607169069e-2 l4=1.4561313566150582e-2 l5=1.4750965826598092e-2 l6=2.281822387252746e-2
info: ISSUE079_CREEP_TRACE stage=post_ingress hour=131 l0=2.310307331870725e-3 l1=3.35846209096941e-3 l2=1.283532001045511e-2 l3=1.431140607169069e-2 l4=1.4561313566150582e-2 l5=1.4750965826598092e-2 l6=2.281822387252746e-2
info: ISSUE079_CREEP_TRACE stage=pre_ingress hour=131 dt_hours=5e-2 matrix_rate_m3_per_h=0e0 macro_rate_m3_per_h=0e0 l0=2.3113982091378395e-3 l1=3.3593164362582468e-3 l2=1.2838231649956624e-2 l3=1.4311086597483303e-2 l4=1.456118656141813e-2 l5=1.4750924733224804e-2 l6=2.281810389009992e-2
info: ISSUE079_CREEP_TRACE stage=post_ingress hour=131 l0=2.3113982091378395e-3 l1=3.3593164362582468e-3 l2=1.2838231649956624e-2 l3=1.4311086597483303e-2 l4=1.456118656141813e-2 l5=1.4750924733224804e-2 l6=2.281810389009992e-2
info: ISSUE079_CREEP_TRACE stage=pre_ingress hour=131 dt_hours=5e-2 matrix_rate_m3_per_h=0e0 macro_rate_m3_per_h=0e0 l0=2.312479567530038e-3 l1=3.360180593600951e-3 l2=1.2841144068620365e-2 l3=1.4310767630060279e-2 l4=1.4561059331275524e-2 l5=1.4750883337427521e-2 l6=2.2817983955854527e-2
info: ISSUE079_CREEP_TRACE stage=post_ingress hour=131 l0=2.312479567530038e-3 l1=3.360180593600951e-3 l2=1.2841144068620365e-2 l3=1.4310767630060279e-2 l4=1.4561059331275524e-2 l5=1.4750883337427521e-2 l6=2.2817983955854527e-2
info: ISSUE079_CREEP_TRACE stage=pre_ingress hour=131 dt_hours=5e-2 matrix_rate_m3_per_h=0e0 macro_rate_m3_per_h=0e0 l0=2.313551749620941e-3 l1=3.3610541765033506e-3 l2=1.2844057300329826e-2 l3=1.4310449170916877e-2 l4=1.4560931877541197e-2 l5=1.475084163982692e-2 l6=2.2817864069496815e-2
info: ISSUE079_CREEP_TRACE stage=post_ingress hour=131 l0=2.313551749620941e-3 l1=3.3610541765033506e-3 l2=1.2844057300329826e-2 l3=1.4310449170916877e-2 l4=1.4560931877541197e-2 l5=1.475084163982692e-2 l6=2.2817864069496815e-2
info: ISSUE079_CREEP_TRACE stage=pre_ingress hour=131 dt_hours=5e-2 matrix_rate_m3_per_h=0e0 macro_rate_m3_per_h=0e0 l0=2.3146150855346227e-3 l1=3.3619368144021207e-3 l2=1.2846971376213615e-2 l3=1.4310131221559726e-2 l4=1.4560804202027874e-2 l5=1.4750799641046464e-2 l6=2.2817744230733177e-2
info: ISSUE079_CREEP_TRACE stage=post_ingress hour=131 l0=2.3146150855346227e-3 l1=3.3619368144021207e-3 l2=1.2846971376213615e-2 l3=1.4310131221559726e-2 l4=1.4560804202027874e-2 l5=1.4750799641046464e-2 l6=2.2817744230733177e-2
info: ISSUE079_CREEP_TRACE stage=pre_ingress hour=131 dt_hours=5e-2 matrix_rate_m3_per_h=0e0 macro_rate_m3_per_h=0e0 l0=2.3156698934558616e-3 l1=3.362828152007114e-3 l2=1.2849886324760017e-2 l3=1.43098137835027e-2 l4=1.4560676306545705e-2 l5=1.4750757341712464e-2 l6=2.2817624439270864e-2
info: ISSUE079_CREEP_TRACE stage=post_ingress hour=131 l0=2.3156698934558616e-3 l1=3.362828152007114e-3 l2=1.2849886324760017e-2 l3=1.43098137835027e-2 l4=1.4560676306545705e-2 l5=1.4750757341712464e-2 l6=2.2817624439270864e-2
info: ISSUE079_CREEP_TRACE stage=pre_ingress hour=131 dt_hours=5e-2 matrix_rate_m3_per_h=0e0 macro_rate_m3_per_h=0e0 l0=2.3167164801194164e-3 l1=3.3637278486728745e-3 l2=1.2852802171915766e-2 l3=1.4309496858287899e-2 l4=1.456054819289008e-2 l5=1.4750714742453683e-2 l6=2.281750469481796e-2
info: ISSUE079_CREEP_TRACE stage=post_ingress hour=131 l0=2.3167164801194164e-3 l1=3.3637278486728745e-3 l2=1.2852802171915766e-2 l3=1.4309496858287899e-2 l4=1.456054819289008e-2 l5=1.4750714742453683e-2 l6=2.281750469481796e-2
info: ISSUE079_CREEP_TRACE stage=pre_ingress hour=131 dt_hours=5e-2 matrix_rate_m3_per_h=0e0 macro_rate_m3_per_h=0e0 l0=2.3177551412732456e-3 l1=3.3646355777949273e-3 l2=1.2855718941219733e-2 l3=1.4309180447456115e-2 l4=1.4560419862860198e-2 l5=1.4750671843901853e-2 l6=2.2817384997083405e-2
info: ISSUE079_CREEP_TRACE stage=post_ingress hour=131 l0=2.3177551412732456e-3 l1=3.3646355777949273e-3 l2=1.2855718941219733e-2 l3=1.4309180447456115e-2 l4=1.4560419862860198e-2 l5=1.4750671843901853e-2 l6=2.2817384997083405e-2
error: TEMP_DIAGNOSTIC n_ledger[init]: cells.len=1
error: TEMP_DIAGNOSTIC n_ledger[init]: cells.len=1
info: ISSUE079_CREEP_TRACE stage=pre_ingress hour=132 dt_hours=5e-2 matrix_rate_m3_per_h=0e0 macro_rate_m3_per_h=0e0 l0=2.3204330238239326e-3 l1=3.3659767630239644e-3 l2=1.2857518389345101e-2 l3=1.430962307693687e-2 l4=1.4560847199332271e-2 l5=1.4750720882855914e-2 l6=2.2817502990456474e-2
info: ISSUE079_CREEP_TRACE stage=post_ingress hour=132 l0=2.3204330238239326e-3 l1=3.3659767630239644e-3 l2=1.2857518389345101e-2 l3=1.430962307693687e-2 l4=1.4560847199332271e-2 l5=1.4750720882855914e-2 l6=2.2817502990456474e-2
info: ISSUE079_CREEP_TRACE stage=pre_ingress hour=132 dt_hours=5e-2 matrix_rate_m3_per_h=0e0 macro_rate_m3_per_h=0e0 l0=2.3214385863952903e-3 l1=3.3669019363300823e-3 l2=1.2860441535524831e-2 l3=1.4309307532494556e-2 l4=1.456071853825767e-2 l5=1.4750677378494883e-2 l6=2.281738329026137e-2
info: ISSUE079_CREEP_TRACE stage=post_ingress hour=132 l0=2.3214385863952903e-3 l1=3.3669019363300823e-3 l2=1.2860441535524831e-2 l3=1.4309307532494556e-2 l4=1.456071853825767e-2 l5=1.4750677378494883e-2 l6=2.281738329026137e-2
info: ISSUE079_CREEP_TRACE stage=pre_ingress hour=132 dt_hours=5e-2 matrix_rate_m3_per_h=0e0 macro_rate_m3_per_h=0e0 l0=2.3224457104529107e-3 l1=3.367835557962431e-3 l2=1.2863361947345664e-2 l3=1.4308992507182115e-2 l4=1.4560589665146116e-2 l5=1.4750633577073222e-2 l6=2.2817263635973712e-2
info: ISSUE079_CREEP_TRACE stage=post_ingress hour=132 l0=2.3224457104529107e-3 l1=3.367835557962431e-3 l2=1.2863361947345664e-2 l3=1.4308992507182115e-2 l4=1.4560589665146116e-2 l5=1.4750633577073222e-2 l6=2.2817263635973712e-2
info: ISSUE079_CREEP_TRACE stage=pre_ingress hour=132 dt_hours=5e-2 matrix_rate_m3_per_h=0e0 macro_rate_m3_per_h=0e0 l0=2.3234478029901117e-3 l1=3.3687757976660114e-3 l2=1.2866283352120767e-2 l3=1.4308678003452074e-2 l4=1.4560460581783636e-2 l5=1.4750589479191865e-2 l6=2.2817144027333786e-2
info: ISSUE079_CREEP_TRACE stage=post_ingress hour=132 l0=2.3234478029901117e-3 l1=3.3687757976660114e-3 l2=1.2866283352120767e-2 l3=1.4308678003452074e-2 l4=1.4560460581783636e-2 l5=1.4750589479191865e-2 l6=2.2817144027333786e-2
info: ISSUE079_CREEP_TRACE stage=pre_ingress hour=132 dt_hours=5e-2 matrix_rate_m3_per_h=0e0 macro_rate_m3_per_h=0e0 l0=2.3244436360922993e-3 l1=3.3697224046716234e-3 l2=1.286920576253335e-2 l3=1.4308364022933007e-2 l4=1.4560331289943164e-2 l5=1.4750545085481397e-2 l6=2.2817024464062807e-2
info: ISSUE079_CREEP_TRACE stage=post_ingress hour=132 l0=2.3244436360922993e-3 l1=3.3697224046716234e-3 l2=1.286920576253335e-2 l3=1.4308364022933007e-2 l4=1.4560331289943164e-2 l5=1.4750545085481397e-2 l6=2.2817024464062807e-2
info: ISSUE079_CREEP_TRACE stage=pre_ingress hour=132 dt_hours=5e-2 matrix_rate_m3_per_h=0e0 macro_rate_m3_per_h=0e0 l0=2.3254332503836283e-3 l1=3.3706751334364156e-3 l2=1.2872129189377773e-2 l3=1.4308050567251802e-2 l4=1.4560201791404813e-2 l5=1.4750500396582534e-2 l6=2.2816904945877237e-2
info: ISSUE079_CREEP_TRACE stage=post_ingress hour=132 l0=2.3254332503836283e-3 l1=3.3706751334364156e-3 l2=1.2872129189377773e-2 l3=1.4308050567251802e-2 l4=1.4560201791404813e-2 l5=1.4750500396582534e-2 l6=2.2816904945877237e-2
info: ISSUE079_CREEP_TRACE stage=pre_ingress hour=132 dt_hours=5e-2 matrix_rate_m3_per_h=0e0 macro_rate_m3_per_h=0e0 l0=2.3264168466184156e-3 l1=3.371633747944789e-3 l2=1.2875053641604331e-2 l3=1.4307737638079824e-2 l4=1.4560072087929558e-2 l5=1.4750455413139888e-2 l6=2.2816785472492628e-2
info: ISSUE079_CREEP_TRACE stage=post_ingress hour=132 l0=2.3264168466184156e-3 l1=3.371633747944789e-3 l2=1.2875053641604331e-2 l3=1.4307737638079824e-2 l4=1.4560072087929558e-2 l5=1.4750455413139888e-2 l6=2.2816785472492628e-2
info: ISSUE079_CREEP_TRACE stage=pre_ingress hour=132 dt_hours=5e-2 matrix_rate_m3_per_h=0e0 macro_rate_m3_per_h=0e0 l0=2.327394639739304e-3 l1=3.372598021905928e-3 l2=1.2877979126443704e-2 l3=1.430742523709088e-2 l4=1.4559942181284409e-2 l5=1.4750410135801497e-2 l6=2.2816666043624974e-2
info: ISSUE079_CREEP_TRACE stage=post_ingress hour=132 l0=2.327394639739304e-3 l1=3.372598021905928e-3 l2=1.2877979126443704e-2 l3=1.430742523709088e-2 l4=1.4559942181284409e-2 l5=1.4750410135801497e-2 l6=2.2816666043624974e-2
info: ISSUE079_CREEP_TRACE stage=pre_ingress hour=132 dt_hours=5e-2 matrix_rate_m3_per_h=0e0 macro_rate_m3_per_h=0e0 l0=2.3283668401347614e-3 l1=3.3735677384386037e-3 l2=1.2880905649452457e-2 l3=1.430711336598377e-2 l4=1.4559812073228698e-2 l5=1.4750364565218034e-2 l6=2.2816546658991e-2
info: ISSUE079_CREEP_TRACE stage=post_ingress hour=132 l0=2.3283668401347614e-3 l1=3.3735677384386037e-3 l2=1.2880905649452457e-2 l3=1.430711336598377e-2 l4=1.4559812073228698e-2 l5=1.4750364565218034e-2 l6=2.2816546658991e-2
info: ISSUE079_CREEP_TRACE stage=pre_ingress hour=132 dt_hours=5e-2 matrix_rate_m3_per_h=0e0 macro_rate_m3_per_h=0e0 l0=2.3293336514070093e-3 l1=3.3745426897008007e-3 l2=1.288383321460091e-2 l3=1.4306802026477366e-2 l4=1.4559681765517219e-2 l5=1.4750318702042735e-2 l6=2.2816427318308283e-2
info: ISSUE079_CREEP_TRACE stage=post_ingress hour=132 l0=2.3293336514070093e-3 l1=3.3745426897008007e-3 l2=1.288383321460091e-2 l3=1.4306802026477366e-2 l4=1.4559681765517219e-2 l5=1.4750318702042735e-2 l6=2.2816427318308283e-2
info: ISSUE079_CREEP_TRACE stage=pre_ingress hour=132 dt_hours=5e-2 matrix_rate_m3_per_h=0e0 macro_rate_m3_per_h=0e0 l0=2.3302952707843607e-3 l1=3.3755226765364997e-3 l2=1.2886761824341926e-2 l3=1.4306491220310903e-2 l4=1.4559551259900242e-2 l5=1.4750272546931332e-2 l6=2.2816308021295275e-2
info: ISSUE079_CREEP_TRACE stage=post_ingress hour=132 l0=2.3302952707843607e-3 l1=3.3755226765364997e-3 l2=1.2886761824341926e-2 l3=1.4306491220310903e-2 l4=1.4559551259900242e-2 l5=1.4750272546931332e-2 l6=2.2816308021295275e-2
info: ISSUE079_CREEP_TRACE stage=pre_ingress hour=132 dt_hours=5e-2 matrix_rate_m3_per_h=0e0 macro_rate_m3_per_h=0e0 l0=2.3312518885395097e-3 l1=3.376507508121293e-3 l2=1.2889691479681432e-2 l3=1.430618094923912e-2 l4=1.4559420558126724e-2 l5=1.4750226100542087e-2 l6=2.2816188767671292e-2
info: ISSUE079_CREEP_TRACE stage=post_ingress hour=132 l0=2.3312518885395097e-3 l1=3.376507508121293e-3 l2=1.2889691479681432e-2 l3=1.430618094923912e-2 l4=1.4559420558126724e-2 l5=1.4750226100542087e-2 l6=2.2816188767671292e-2
info: ISSUE079_CREEP_TRACE stage=pre_ingress hour=132 dt_hours=5e-2 matrix_rate_m3_per_h=0e0 macro_rate_m3_per_h=0e0 l0=2.332203688367857e-3 l1=3.377497001624518e-3 l2=1.2892622180232346e-2 l3=1.4305871215053367e-2 l4=1.4559289661931733e-2 l5=1.4750179363535431e-2 l6=2.2816069557156506e-2
info: ISSUE079_CREEP_TRACE stage=post_ingress hour=132 l0=2.332203688367857e-3 l1=3.377497001624518e-3 l2=1.2892622180232346e-2 l3=1.4305871215053367e-2 l4=1.4559289661931733e-2 l5=1.4750179363535431e-2 l6=2.2816069557156506e-2
info: ISSUE079_CREEP_TRACE stage=pre_ingress hour=132 dt_hours=5e-2 matrix_rate_m3_per_h=0e0 macro_rate_m3_per_h=0e0 l0=2.3331508478637774e-3 l1=3.378490981889489e-3 l2=1.2895553924300363e-2 l3=1.4305562019550551e-2 l4=1.45591585730556e-2 l5=1.4750132336574419e-2 l6=2.281595038947201e-2
info: ISSUE079_CREEP_TRACE stage=post_ingress hour=132 l0=2.3331508478637774e-3 l1=3.378490981889489e-3 l2=1.2895553924300363e-2 l3=1.4305562019550551e-2 l4=1.45591585730556e-2 l5=1.4750132336574419e-2 l6=2.281595038947201e-2
info: ISSUE079_CREEP_TRACE stage=pre_ingress hour=132 dt_hours=5e-2 matrix_rate_m3_per_h=0e0 macro_rate_m3_per_h=0e0 l0=2.3340935387387513e-3 l1=3.3794892811278834e-3 l2=1.2898486708926996e-2 l3=1.4305253364554458e-2 l4=1.4559027293231233e-2 l5=1.4750085020324375e-2 l6=2.2815831264339732e-2
info: ISSUE079_CREEP_TRACE stage=post_ingress hour=132 l0=2.3340935387387513e-3 l1=3.3794892811278834e-3 l2=1.2898486708926996e-2 l3=1.4305253364554458e-2 l4=1.4559027293231233e-2 l5=1.4750085020324375e-2 l6=2.2815831264339732e-2
info: ISSUE079_CREEP_TRACE stage=pre_ingress hour=132 dt_hours=5e-2 matrix_rate_m3_per_h=0e0 macro_rate_m3_per_h=0e0 l0=2.3350319275814353e-3 l1=3.380491738634339e-3 l2=1.2901420529950606e-2 l3=1.4304945251910702e-2 l4=1.4558895824187394e-2 l5=1.4750037415452968e-2 l6=2.28157121814825e-2
info: ISSUE079_CREEP_TRACE stage=post_ingress hour=132 l0=2.3350319275814353e-3 l1=3.380491738634339e-3 l2=1.2901420529950606e-2 l3=1.4304945251910702e-2 l4=1.4558895824187394e-2 l5=1.4750037415452968e-2 l6=2.28157121814825e-2
info: ISSUE079_CREEP_TRACE stage=pre_ingress hour=132 dt_hours=5e-2 matrix_rate_m3_per_h=0e0 macro_rate_m3_per_h=0e0 l0=2.3359661782370255e-3 l1=3.381498200552703e-3 l2=1.2904355382063392e-2 l3=1.4304637683486996e-2 l4=1.455876416764882e-2 l5=1.4749989522630163e-2 l6=2.2815593140623987e-2
info: ISSUE079_CREEP_TRACE stage=post_ingress hour=132 l0=2.3359661782370255e-3 l1=3.381498200552703e-3 l2=1.2904355382063392e-2 l3=1.4304637683486996e-2 l4=1.455876416764882e-2 l5=1.4749989522630163e-2 l6=2.2815593140623987e-2
info: ISSUE079_CREEP_TRACE stage=pre_ingress hour=132 dt_hours=5e-2 matrix_rate_m3_per_h=0e0 macro_rate_m3_per_h=0e0 l0=2.336896453396674e-3 l1=3.38250851967863e-3 l2=1.2907291258866627e-2 l3=1.4304330661168119e-2 l4=1.4558632325339466e-2 l5=1.4749941342528293e-2 l6=2.2815474141488767e-2
info: ISSUE079_CREEP_TRACE stage=post_ingress hour=132 l0=2.336896453396674e-3 l1=3.38250851967863e-3 l2=1.2907291258866627e-2 l3=1.4304330661168119e-2 l4=1.4558632325339466e-2 l5=1.4749941342528293e-2 l6=2.2815474141488767e-2
info: ISSUE079_CREEP_TRACE stage=pre_ingress hour=132 dt_hours=5e-2 matrix_rate_m3_per_h=0e0 macro_rate_m3_per_h=0e0 l0=2.3378229149016443e-3 l1=3.383522555273845e-3 l2=1.2910228152905325e-2 l3=1.4304024186877163e-2 l4=1.4558500298969839e-2 l5=1.4749892875821735e-2 l6=2.281535518380225e-2
info: ISSUE079_CREEP_TRACE stage=post_ingress hour=132 l0=2.3378229149016443e-3 l1=3.383522555273845e-3 l2=1.2910228152905325e-2 l3=1.4304024186877163e-2 l4=1.4558500298969839e-2 l5=1.4749892875821735e-2 l6=2.281535518380225e-2
info: ISSUE079_CREEP_TRACE stage=pre_ingress hour=132 dt_hours=5e-2 matrix_rate_m3_per_h=0e0 macro_rate_m3_per_h=0e0 l0=2.3387457236814977e-3 l1=3.384540172887502e-3 l2=1.2913166055745488e-2 l3=1.4303718262543971e-2 l4=1.455836809025635e-2 l5=1.4749844123187325e-2 l6=2.2815236267290765e-2
info: ISSUE079_CREEP_TRACE stage=post_ingress hour=132 l0=2.3387457236814977e-3 l1=3.384540172887502e-3 l2=1.2913166055745488e-2 l3=1.4303718262543971e-2 l4=1.455836809025635e-2 l5=1.4749844123187325e-2 l6=2.2815236267290765e-2
error: TEMP_DIAGNOSTIC n_ledger[init]: cells.len=1
error: TEMP_DIAGNOSTIC n_ledger[init]: cells.len=1
info: ISSUE079_CREEP_TRACE stage=pre_ingress hour=133 dt_hours=6.25e-2 matrix_rate_m3_per_h=0e0 macro_rate_m3_per_h=0e0 l0=2.3412386331776044e-3 l1=3.3859036517672404e-3 l2=1.2916494510834488e-2 l3=1.4302078348585393e-2 l4=1.4558999835417336e-2 l5=1.4750399195115038e-2 l6=2.2815310376531204e-2
info: ISSUE079_CREEP_TRACE stage=post_ingress hour=133 l0=2.3412386331776044e-3 l1=3.3859036517672404e-3 l2=1.2916494510834488e-2 l3=1.4302078348585393e-2 l4=1.4558999835417336e-2 l5=1.4750399195115038e-2 l6=2.2815310376531204e-2
info: ISSUE079_CREEP_TRACE stage=pre_ingress hour=133 dt_hours=6.25e-2 matrix_rate_m3_per_h=0e0 macro_rate_m3_per_h=0e0 l0=2.3421644216614352e-3 l1=3.3875118030644827e-3 l2=1.2920267784470007e-2 l3=1.430169752692094e-2 l4=1.4558834118617903e-2 l5=1.4750337435005641e-2 l6=2.281516174463922e-2
info: ISSUE079_CREEP_TRACE stage=post_ingress hour=133 l0=2.3421644216614352e-3 l1=3.3875118030644827e-3 l2=1.2920267784470007e-2 l3=1.430169752692094e-2 l4=1.4558834118617903e-2 l5=1.4750337435005641e-2 l6=2.281516174463922e-2
info: ISSUE079_CREEP_TRACE stage=pre_ingress hour=133 dt_hours=6.25e-2 matrix_rate_m3_per_h=0e0 macro_rate_m3_per_h=0e0 l0=2.3430287104367715e-3 l1=3.3891134868606495e-3 l2=1.292403573680739e-2 l3=1.4301317557360166e-2 l4=1.4558668128459688e-2 l5=1.47502752322969e-2 l6=2.2815013173169817e-2
info: ISSUE079_CREEP_TRACE stage=post_ingress hour=133 l0=2.3430287104367715e-3 l1=3.3891134868606495e-3 l2=1.292403573680739e-2 l3=1.4301317557360166e-2 l4=1.4558668128459688e-2 l5=1.47502752322969e-2 l6=2.2815013173169817e-2
info: ISSUE079_CREEP_TRACE stage=pre_ingress hour=133 dt_hours=6.25e-2 matrix_rate_m3_per_h=0e0 macro_rate_m3_per_h=0e0 l0=2.3438898416477264e-3 l1=3.3907073427685177e-3 l2=1.292780723258602e-2 l3=1.430093844267518e-2 l4=1.4558501866965856e-2 l5=1.475021258850651e-2 l6=2.28148646632927e-2
info: ISSUE079_CREEP_TRACE stage=post_ingress hour=133 l0=2.3438898416477264e-3 l1=3.3907073427685177e-3 l2=1.292780723258602e-2 l3=1.430093844267518e-2 l4=1.4558501866965856e-2 l5=1.475021258850651e-2 l6=2.28148646632927e-2
info: ISSUE079_CREEP_TRACE stage=pre_ingress hour=133 dt_hours=6.25e-2 matrix_rate_m3_per_h=0e0 macro_rate_m3_per_h=0e0 l0=2.3447549087767207e-3 l1=3.392293635833939e-3 l2=1.2931582124888829e-2 l3=1.4300560185335742e-2 l4=1.455833533661619e-2 l5=1.4750149504901899e-2 l6=2.2814716215097255e-2
info: ISSUE079_CREEP_TRACE stage=post_ingress hour=133 l0=2.3447549087767207e-3 l1=3.392293635833939e-3 l2=1.2931582124888829e-2 l3=1.4300560185335742e-2 l4=1.455833533661619e-2 l5=1.4750149504901899e-2 l6=2.2814716215097255e-2
info: ISSUE079_CREEP_TRACE stage=pre_ingress hour=133 dt_hours=6.25e-2 matrix_rate_m3_per_h=0e0 macro_rate_m3_per_h=0e0 l0=2.345624773948419e-3 l1=3.3938726536731577e-3 l2=1.2935360276809586e-2 l3=1.4300182788805302e-2 l4=1.4558168540207516e-2 l5=1.4750085982722679e-2 l6=2.281456782826386e-2
info: ISSUE079_CREEP_TRACE stage=post_ingress hour=133 l0=2.345624773948419e-3 l1=3.3938726536731577e-3 l2=1.2935360276809586e-2 l3=1.4300182788805302e-2 l4=1.4558168540207516e-2 l5=1.4750085982722679e-2 l6=2.281456782826386e-2
info: ISSUE079_CREEP_TRACE stage=pre_ingress hour=133 dt_hours=6.25e-2 matrix_rate_m3_per_h=0e0 macro_rate_m3_per_h=0e0 l0=2.3464995017972523e-3 l1=3.3954446804109247e-3 l2=1.293914155749977e-2 l3=1.4299806257050995e-2 l4=1.4558001480745977e-2 l5=1.4750022023238886e-2 l6=2.2814419502328084e-2
info: ISSUE079_CREEP_TRACE stage=post_ingress hour=133 l0=2.3464995017972523e-3 l1=3.3954446804109247e-3 l2=1.293914155749977e-2 l3=1.4299806257050995e-2 l4=1.4558001480745977e-2 l5=1.4750022023238886e-2 l6=2.2814419502328084e-2
info: ISSUE079_CREEP_TRACE stage=pre_ingress hour=133 dt_hours=6.25e-2 matrix_rate_m3_per_h=0e0 macro_rate_m3_per_h=0e0 l0=2.3473790609847326e-3 l1=3.397009993171089e-3 l2=1.2942925840244446e-2 l3=1.4299430594362282e-2 l4=1.4557834161332021e-2 l5=1.4749957627755519e-2 l6=2.28142712367801e-2
info: ISSUE079_CREEP_TRACE stage=post_ingress hour=133 l0=2.3473790609847326e-3 l1=3.397009993171089e-3 l2=1.2942925840244446e-2 l3=1.4299430594362282e-2 l4=1.4557834161332021e-2 l5=1.4749957627755519e-2 l6=2.28142712367801e-2
info: ISSUE079_CREEP_TRACE stage=pre_ingress hour=133 dt_hours=6.25e-2 matrix_rate_m3_per_h=0e0 macro_rate_m3_per_h=0e0 l0=2.3482634136540543e-3 l1=3.3985688617199548e-3 l2=1.2946713001566204e-2 l3=1.429905580522573e-2 l4=1.455766658511952e-2 l5=1.4749892797604119e-2 l6=2.2814123031099785e-2
info: ISSUE079_CREEP_TRACE stage=post_ingress hour=133 l0=2.3482634136540543e-3 l1=3.3985688617199548e-3 l2=1.2946713001566204e-2 l3=1.429905580522573e-2 l4=1.455766658511952e-2 l5=1.4749892797604119e-2 l6=2.2814123031099785e-2
info: ISSUE079_CREEP_TRACE stage=pre_ingress hour=133 dt_hours=6.25e-2 matrix_rate_m3_per_h=0e0 macro_rate_m3_per_h=0e0 l0=2.349152525579295e-3 l1=3.4001215485926165e-3 l2=1.2950502920760554e-2 l3=1.429868189427117e-2 l4=1.4557498755287472e-2 l5=1.474982753413467e-2 l6=2.2813974884767836e-2
info: ISSUE079_CREEP_TRACE stage=post_ingress hour=133 l0=2.349152525579295e-3 l1=3.4001215485926165e-3 l2=1.2950502920760554e-2 l3=1.429868189427117e-2 l4=1.4557498755287472e-2 l5=1.474982753413467e-2 l6=2.2813974884767836e-2
info: ISSUE079_CREEP_TRACE stage=pre_ingress hour=133 dt_hours=6.25e-2 matrix_rate_m3_per_h=0e0 macro_rate_m3_per_h=0e0 l0=2.350046366410619e-3 l1=3.401668309306782e-3 l2=1.2954295479659443e-2 l3=1.429830886623111e-2 l4=1.4557330675033809e-2 l5=1.4749761838709928e-2 l6=2.281382679726856e-2
info: ISSUE079_CREEP_TRACE stage=post_ingress hour=133 l0=2.350046366410619e-3 l1=3.401668309306782e-3 l2=1.2954295479659443e-2 l3=1.429830886623111e-2 l4=1.4557330675033809e-2 l5=1.4749761838709928e-2 l6=2.281382679726856e-2
info: ISSUE079_CREEP_TRACE stage=pre_ingress hour=133 dt_hours=6.25e-2 matrix_rate_m3_per_h=0e0 macro_rate_m3_per_h=0e0 l0=2.350944908877114e-3 l1=3.403209392569912e-3 l2=1.2958090562418373e-2 l3=1.429793672598114e-2 l4=1.4557162347535096e-2 l5=1.4749695712701199e-2 l6=2.2813678768089894e-2
info: ISSUE079_CREEP_TRACE stage=post_ingress hour=133 l0=2.350944908877114e-3 l1=3.403209392569912e-3 l2=1.2958090562418373e-2 l3=1.429793672598114e-2 l4=1.4557162347535096e-2 l5=1.4749695712701199e-2 l6=2.2813678768089894e-2
info: ISSUE079_CREEP_TRACE stage=pre_ingress hour=133 dt_hours=6.25e-2 matrix_rate_m3_per_h=0e0 macro_rate_m3_per_h=0e0 l0=2.351848127953358e-3 l1=3.404745040516261e-3 l2=1.2961888055483938e-2 l3=1.4297565478449955e-2 l4=1.4556993775993033e-2 l5=1.4749629157487166e-2 l6=2.2813530796723214e-2
info: ISSUE079_CREEP_TRACE stage=post_ingress hour=133 l0=2.351848127953358e-3 l1=3.404745040516261e-3 l2=1.2961888055483938e-2 l3=1.4297565478449955e-2 l4=1.4556993775993033e-2 l5=1.4749629157487166e-2 l6=2.2813530796723214e-2
info: ISSUE079_CREEP_TRACE stage=pre_ingress hour=133 dt_hours=6.25e-2 matrix_rate_m3_per_h=0e0 macro_rate_m3_per_h=0e0 l0=2.3527560001961345e-3 l1=3.406275488892953e-3 l2=1.2965687847457903e-2 l3=1.4297195128670092e-2 l4=1.4556824963599222e-2 l5=1.4749562174452146e-2 l6=2.281338288266273e-2
info: ISSUE079_CREEP_TRACE stage=post_ingress hour=133 l0=2.3527560001961345e-3 l1=3.406275488892953e-3 l2=1.2965687847457903e-2 l3=1.4297195128670092e-2 l4=1.4556824963599222e-2 l5=1.4749562174452146e-2 l6=2.281338288266273e-2
info: ISSUE079_CREEP_TRACE stage=pre_ingress hour=133 dt_hours=6.25e-2 matrix_rate_m3_per_h=0e0 macro_rate_m3_per_h=0e0 l0=2.353668503157792e-3 l1=3.4078009672522517e-3 l2=1.2969489829024607e-2 l3=1.4296825681760867e-2 l4=1.4556655913543007e-2 l5=1.47494947649856e-2 l6=2.2813235025405262e-2
info: ISSUE079_CREEP_TRACE stage=post_ingress hour=133 l0=2.353668503157792e-3 l1=3.4078009672522517e-3 l2=1.2969489829024607e-2 l3=1.4296825681760867e-2 l4=1.4556655913543007e-2 l5=1.47494947649856e-2 l6=2.2813235025405262e-2
info: ISSUE079_CREEP_TRACE stage=pre_ingress hour=133 dt_hours=6.25e-2 matrix_rate_m3_per_h=0e0 macro_rate_m3_per_h=0e0 l0=2.3545856148917263e-3 l1=3.4093216991251687e-3 l2=1.2973293892885825e-2 l3=1.4296457142925987e-2 l4=1.4556486629011302e-2 l5=1.474942693048178e-2 l6=2.2813087224450048e-2
info: ISSUE079_CREEP_TRACE stage=post_ingress hour=133 l0=2.3545856148917263e-3 l1=3.4093216991251687e-3 l2=1.2973293892885825e-2 l3=1.4296457142925987e-2 l4=1.4556486629011302e-2 l5=1.474942693048178e-2 l6=2.2813087224450048e-2
error: TEMP_DIAGNOSTIC n_ledger[init]: cells.len=1
error: TEMP_DIAGNOSTIC n_ledger[init]: cells.len=1
info: ISSUE079_CREEP_TRACE stage=pre_ingress hour=134 dt_hours=1.25e-1 matrix_rate_m3_per_h=0e0 macro_rate_m3_per_h=0e0 l0=2.3571659463647596e-3 l1=3.41104984340682e-3 l2=1.2977350150877e-2 l3=1.4296315092731694e-2 l4=1.455495450261494e-2 l5=1.4750163920098893e-2 l6=2.281365948023979e-2
info: ISSUE079_CREEP_TRACE stage=post_ingress hour=134 l0=2.3571659463647596e-3 l1=3.41104984340682e-3 l2=1.2977350150877e-2 l3=1.4296315092731694e-2 l4=1.455495450261494e-2 l5=1.4750163920098893e-2 l6=2.281365948023979e-2
info: ISSUE079_CREEP_TRACE stage=pre_ingress hour=134 dt_hours=1.25e-1 matrix_rate_m3_per_h=0e0 macro_rate_m3_per_h=0e0 l0=2.358267720411042e-3 l1=3.415368037629692e-3 l2=1.2985347036513387e-2 l3=1.4295584220283352e-2 l4=1.4554614936276897e-2 l5=1.4750025623734533e-2 l6=2.2813364043172874e-2
info: ISSUE079_CREEP_TRACE stage=post_ingress hour=134 l0=2.358267720411042e-3 l1=3.415368037629692e-3 l2=1.2985347036513387e-2 l3=1.4295584220283352e-2 l4=1.4554614936276897e-2 l5=1.4750025623734533e-2 l6=2.2813364043172874e-2
info: ISSUE079_CREEP_TRACE stage=pre_ingress hour=134 dt_hours=1.25e-1 matrix_rate_m3_per_h=0e0 macro_rate_m3_per_h=0e0 l0=2.3590595239777346e-3 l1=3.4196157616560685e-3 l2=1.2993357708494815e-2 l3=1.4294856923674689e-2 l4=1.4554274510441062e-2 l5=1.4749885664557353e-2 l6=2.281306881722272e-2
info: ISSUE079_CREEP_TRACE stage=post_ingress hour=134 l0=2.3590595239777346e-3 l1=3.4196157616560685e-3 l2=1.2993357708494815e-2 l3=1.4294856923674689e-2 l4=1.4554274510441062e-2 l5=1.4749885664557353e-2 l6=2.281306881722272e-2
info: ISSUE079_CREEP_TRACE stage=pre_ingress hour=134 dt_hours=1.25e-1 matrix_rate_m3_per_h=0e0 macro_rate_m3_per_h=0e0 l0=2.359862729008108e-3 l1=3.423793240710595e-3 l2=1.300138864048386e-2 l3=1.4294133239405716e-2 l4=1.4553933241162153e-2 l5=1.4749744052437777e-2 l6=2.281277380347792e-2
info: ISSUE079_CREEP_TRACE stage=post_ingress hour=134 l0=2.359862729008108e-3 l1=3.423793240710595e-3 l2=1.300138864048386e-2 l3=1.4294133239405716e-2 l4=1.4553933241162153e-2 l5=1.4749744052437777e-2 l6=2.281277380347792e-2
info: ISSUE079_CREEP_TRACE stage=pre_ingress hour=134 dt_hours=1.25e-1 matrix_rate_m3_per_h=0e0 macro_rate_m3_per_h=0e0 l0=2.360716563746054e-3 l1=3.4279037953304546e-3 l2=1.3009438008294337e-2 l3=1.4293413212359503e-2 l4=1.4553591148110686e-2 l5=1.4749600796958154e-2 l6=2.2812478998871018e-2
info: ISSUE079_CREEP_TRACE stage=post_ingress hour=134 l0=2.360716563746054e-3 l1=3.4279037953304546e-3 l2=1.3009438008294337e-2 l3=1.4293413212359503e-2 l4=1.4553591148110686e-2 l5=1.4749600796958154e-2 l6=2.2812478998871018e-2
info: ISSUE079_CREEP_TRACE stage=pre_ingress hour=134 dt_hours=1.25e-1 matrix_rate_m3_per_h=0e0 macro_rate_m3_per_h=0e0 l0=2.3616249579472073e-3 l1=3.431950853741833e-3 l2=1.3017504081796282e-2 l3=1.429269689408048e-2 l4=1.4553248253085009e-2 l5=1.4749455908317687e-2 l6=2.2812184399341493e-2
info: ISSUE079_CREEP_TRACE stage=post_ingress hour=134 l0=2.3616249579472073e-3 l1=3.431950853741833e-3 l2=1.3017504081796282e-2 l3=1.429269689408048e-2 l4=1.4553248253085009e-2 l5=1.4749455908317687e-2 l6=2.2812184399341493e-2
info: ISSUE079_CREEP_TRACE stage=pre_ingress hour=134 dt_hours=1.25e-1 matrix_rate_m3_per_h=0e0 macro_rate_m3_per_h=0e0 l0=2.362587422384467e-3 l1=3.435937735659223e-3 l2=1.3025585208210842e-2 l3=1.429198433963637e-2 l4=1.4552904579457302e-2 l5=1.4749309397296847e-2 l6=2.281189000075835e-2
info: ISSUE079_CREEP_TRACE stage=post_ingress hour=134 l0=2.362587422384467e-3 l1=3.435937735659223e-3 l2=1.3025585208210842e-2 l3=1.429198433963637e-2 l4=1.4552904579457302e-2 l5=1.4749309397296847e-2 l6=2.281189000075835e-2
info: ISSUE079_CREEP_TRACE stage=pre_ingress hour=134 dt_hours=1.25e-1 matrix_rate_m3_per_h=0e0 macro_rate_m3_per_h=0e0 l0=2.3636029051698998e-3 l1=3.439867627444867e-3 l2=1.3033679802026618e-2 l3=1.4291275607199751e-2 l4=1.4552560151137062e-2 l5=1.4749161275072439e-2 l6=2.2811595799123247e-2
info: ISSUE079_CREEP_TRACE stage=post_ingress hour=134 l0=2.3636029051698998e-3 l1=3.439867627444867e-3 l2=1.3033679802026618e-2 l3=1.4291275607199751e-2 l4=1.4552560151137062e-2 l5=1.4749161275072439e-2 l6=2.2811595799123247e-2
error: TEMP_DIAGNOSTIC n_ledger[init]: cells.len=1
error: TEMP_DIAGNOSTIC n_ledger[init]: cells.len=1
info: ISSUE079_CREEP_TRACE stage=pre_ingress hour=135 dt_hours=2.5e-1 matrix_rate_m3_per_h=0e0 macro_rate_m3_per_h=0e0 l0=2.366477534085222e-3 l1=3.443945712320648e-3 l2=1.3041836923157414e-2 l3=1.429066961252441e-2 l4=1.4552433581669987e-2 l5=1.4747648377060446e-2 l6=2.281220640848809e-2
info: ISSUE079_CREEP_TRACE stage=post_ingress hour=135 l0=2.366477534085222e-3 l1=3.443945712320648e-3 l2=1.3041836923157414e-2 l3=1.429066961252441e-2 l4=1.4552433581669987e-2 l5=1.4747648377060446e-2 l6=2.281220640848809e-2
info: ISSUE079_CREEP_TRACE stage=pre_ingress hour=135 dt_hours=2.5e-1 matrix_rate_m3_per_h=0e0 macro_rate_m3_per_h=0e0 l0=2.368133344949235e-3 l1=3.450663252577617e-3 l2=1.3060899113605792e-2 l3=1.4289278281986688e-2 l4=1.4551740651415053e-2 l5=1.4747342873236442e-2 l6=2.2811618849031025e-2
info: ISSUE079_CREEP_TRACE stage=post_ingress hour=135 l0=2.368133344949235e-3 l1=3.450663252577617e-3 l2=1.3060899113605792e-2 l3=1.4289278281986688e-2 l4=1.4551740651415053e-2 l5=1.4747342873236442e-2 l6=2.2811618849031025e-2
info: ISSUE079_CREEP_TRACE stage=pre_ingress hour=135 dt_hours=2.5e-1 matrix_rate_m3_per_h=0e0 macro_rate_m3_per_h=0e0 l0=2.3692694072831523e-3 l1=3.4573059526615637e-3 l2=1.3079895492815593e-2 l3=1.428790168830257e-2 l4=1.4551045239779063e-2 l5=1.4747031176507126e-2 l6=2.2811032017624796e-2
info: ISSUE079_CREEP_TRACE stage=post_ingress hour=135 l0=2.3692694072831523e-3 l1=3.4573059526615637e-3 l2=1.3079895492815593e-2 l3=1.428790168830257e-2 l4=1.4551045239779063e-2 l5=1.4747031176507126e-2 l6=2.2811032017624796e-2
info: ISSUE079_CREEP_TRACE stage=pre_ingress hour=135 dt_hours=2.5e-1 matrix_rate_m3_per_h=0e0 macro_rate_m3_per_h=0e0 l0=2.370544122555915e-3 l1=3.46387464300147e-3 l2=1.309882825300804e-2 l3=1.4286540761436014e-2 l4=1.4550347511568246e-2 l5=1.4746713372951373e-2 l6=2.2810445884338986e-2
info: ISSUE079_CREEP_TRACE stage=post_ingress hour=135 l0=2.370544122555915e-3 l1=3.46387464300147e-3 l2=1.309882825300804e-2 l3=1.4286540761436014e-2 l4=1.4550347511568246e-2 l5=1.4746713372951373e-2 l6=2.2810445884338986e-2
error: TEMP_DIAGNOSTIC n_ledger[init]: cells.len=1
error: TEMP_DIAGNOSTIC n_ledger[init]: cells.len=1
info: ISSUE079_CREEP_TRACE stage=pre_ingress hour=136 dt_hours=2.5e-1 matrix_rate_m3_per_h=0e0 macro_rate_m3_per_h=0e0 l0=2.3738228804873534e-3 l1=3.4709491882992105e-3 l2=1.3117534357178212e-2 l3=1.4285092779866075e-2 l4=1.4549737916091855e-2 l5=1.4746653011138647e-2 l6=2.2808497215347e-2
info: ISSUE079_CREEP_TRACE stage=post_ingress hour=136 l0=2.3738228804873534e-3 l1=3.4709491882992105e-3 l2=1.3117534357178212e-2 l3=1.4285092779866075e-2 l4=1.4549737916091855e-2 l5=1.4746653011138647e-2 l6=2.2808497215347e-2
info: ISSUE079_CREEP_TRACE stage=pre_ingress hour=136 dt_hours=2.5e-1 matrix_rate_m3_per_h=0e0 macro_rate_m3_per_h=0e0 l0=2.3755062611012004e-3 l1=3.4773990791763377e-3 l2=1.3136336087143652e-2 l3=1.4283765386809692e-2 l4=1.454903656441624e-2 l5=1.4746322941671861e-2 l6=2.280791225966742e-2
info: ISSUE079_CREEP_TRACE stage=post_ingress hour=136 l0=2.3755062611012004e-3 l1=3.4773990791763377e-3 l2=1.3136336087143652e-2 l3=1.4283765386809692e-2 l4=1.454903656441624e-2 l5=1.4746322941671861e-2 l6=2.280791225966742e-2
info: ISSUE079_CREEP_TRACE stage=pre_ingress hour=136 dt_hours=2.5e-1 matrix_rate_m3_per_h=0e0 macro_rate_m3_per_h=0e0 l0=2.3774297140736786e-3 l1=3.4838022067831165e-3 l2=1.3155047093127967e-2 l3=1.428245656882247e-2 l4=1.4548333453509733e-2 l5=1.4745987059313813e-2 l6=2.2807327913073883e-2
info: ISSUE079_CREEP_TRACE stage=post_ingress hour=136 l0=2.3774297140736786e-3 l1=3.4838022067831165e-3 l2=1.3155047093127967e-2 l3=1.428245656882247e-2 l4=1.4548333453509733e-2 l5=1.4745987059313813e-2 l6=2.2807327913073883e-2
info: ISSUE079_CREEP_TRACE stage=pre_ingress hour=136 dt_hours=2.5e-1 matrix_rate_m3_per_h=0e0 macro_rate_m3_per_h=0e0 l0=2.3795998113787325e-3 l1=3.4901661434365077e-3 l2=1.317367076518405e-2 l3=1.4281167297982362e-2 l4=1.4547628799167663e-2 l5=1.4745645462254433e-2 l6=2.2806744149104007e-2
info: ISSUE079_CREEP_TRACE stage=post_ingress hour=136 l0=2.3795998113787325e-3 l1=3.4901661434365077e-3 l2=1.317367076518405e-2 l3=1.4281167297982362e-2 l4=1.4547628799167663e-2 l5=1.4745645462254433e-2 l6=2.2806744149104007e-2
error: TEMP_DIAGNOSTIC n_ledger[init]: cells.len=1
error: TEMP_DIAGNOSTIC n_ledger[init]: cells.len=1
info: ISSUE079_CREEP_TRACE stage=pre_ingress hour=137 dt_hours=2.5e-1 matrix_rate_m3_per_h=0e0 macro_rate_m3_per_h=0e0 l0=2.383738290299781e-3 l1=3.4968149266131456e-3 l2=1.3192735302619114e-2 l3=1.4279572911903717e-2 l4=1.4546806981388643e-2 l5=1.4745428070049239e-2 l6=2.2806534698883947e-2
info: ISSUE079_CREEP_TRACE stage=post_ingress hour=137 l0=2.383738290299781e-3 l1=3.4968149266131456e-3 l2=1.3192735302619114e-2 l3=1.4279572911903717e-2 l4=1.4546806981388643e-2 l5=1.4745428070049239e-2 l6=2.2806534698883947e-2
info: ISSUE079_CREEP_TRACE stage=pre_ingress hour=137 dt_hours=2.5e-1 matrix_rate_m3_per_h=0e0 macro_rate_m3_per_h=0e0 l0=2.386369737414203e-3 l1=3.5031307396107786e-3 l2=1.3211182141477033e-2 l3=1.4278325168640353e-2 l4=1.4546100332271798e-2 l5=1.4745075272706569e-2 l6=2.2805951525283658e-2
info: ISSUE079_CREEP_TRACE stage=post_ingress hour=137 l0=2.386369737414203e-3 l1=3.5031307396107786e-3 l2=1.3211182141477033e-2 l3=1.4278325168640353e-2 l4=1.4546100332271798e-2 l5=1.4745075272706569e-2 l6=2.2805951525283658e-2
info: ISSUE079_CREEP_TRACE stage=pre_ingress hour=137 dt_hours=2.5e-1 matrix_rate_m3_per_h=0e0 macro_rate_m3_per_h=0e0 l0=2.389257062677118e-3 l1=3.5094322184320067e-3 l2=1.3229514679201687e-2 l3=1.4277099905435402e-2 l4=1.4545392812403364e-2 l5=1.4744717069932004e-2 l6=2.280536886229521e-2
info: ISSUE079_CREEP_TRACE stage=post_ingress hour=137 l0=2.389257062677118e-3 l1=3.5094322184320067e-3 l2=1.3229514679201687e-2 l3=1.4277099905435402e-2 l4=1.4545392812403364e-2 l5=1.4744717069932004e-2 l6=2.280536886229521e-2
info: ISSUE079_CREEP_TRACE stage=pre_ingress hour=137 dt_hours=2.5e-1 matrix_rate_m3_per_h=0e0 macro_rate_m3_per_h=0e0 l0=2.392404191111884e-3 l1=3.5157260622375444e-3 l2=1.3247738535460192e-2 l3=1.4275898077840712e-2 l4=1.4544684667031455e-2 l5=1.474435356556674e-2 l6=2.2804786686504656e-2
info: ISSUE079_CREEP_TRACE stage=post_ingress hour=137 l0=2.392404191111884e-3 l1=3.5157260622375444e-3 l2=1.3247738535460192e-2 l3=1.4275898077840712e-2 l4=1.4544684667031455e-2 l5=1.474435356556674e-2 l6=2.2804786686504656e-2
error: TEMP_DIAGNOSTIC n_ledger[init]: cells.len=1
error: TEMP_DIAGNOSTIC n_ledger[init]: cells.len=1
info: ISSUE079_CREEP_TRACE stage=pre_ingress hour=138 dt_hours=2.5e-1 matrix_rate_m3_per_h=0e0 macro_rate_m3_per_h=0e0 l0=2.39756355391621e-3 l1=3.5222154941292904e-3 l2=1.326610337789722e-2 l3=1.4275134917345021e-2 l4=1.4543633357040623e-2 l5=1.4743904474591528e-2 l6=2.2804432882019773e-2
info: ISSUE079_CREEP_TRACE stage=post_ingress hour=138 l0=2.39756355391621e-3 l1=3.5222154941292904e-3 l2=1.326610337789722e-2 l3=1.4275134917345021e-2 l4=1.4543633357040623e-2 l5=1.4743904474591528e-2 l6=2.2804432882019773e-2
info: ISSUE079_CREEP_TRACE stage=pre_ingress hour=138 dt_hours=2.5e-1 matrix_rate_m3_per_h=0e0 macro_rate_m3_per_h=0e0 l0=2.401192884189229e-3 l1=3.528521681469101e-3 l2=1.3284108368942537e-2 l3=1.4273982207320509e-2 l4=1.4542925248453764e-2 l5=1.4743530599651057e-2 l6=2.2803851157478735e-2
info: ISSUE079_CREEP_TRACE stage=post_ingress hour=138 l0=2.401192884189229e-3 l1=3.528521681469101e-3 l2=1.3284108368942537e-2 l3=1.4273982207320509e-2 l4=1.4542925248453764e-2 l5=1.4743530599651057e-2 l6=2.2803851157478735e-2
info: ISSUE079_CREEP_TRACE stage=pre_ingress hour=138 dt_hours=2.5e-1 matrix_rate_m3_per_h=0e0 macro_rate_m3_per_h=0e0 l0=2.405083240823738e-3 l1=3.5348414422706536e-3 l2=1.3301980908524188e-2 l3=1.4272855784095269e-2 l4=1.4542217263055749e-2 l5=1.4743151751220962e-2 l6=2.280326985539373e-2
info: ISSUE079_CREEP_TRACE stage=post_ingress hour=138 l0=2.405083240823738e-3 l1=3.5348414422706536e-3 l2=1.3301980908524188e-2 l3=1.4272855784095269e-2 l4=1.4542217263055749e-2 l5=1.4743151751220962e-2 l6=2.280326985539373e-2
info: ISSUE079_CREEP_TRACE stage=pre_ingress hour=138 dt_hours=2.5e-1 matrix_rate_m3_per_h=0e0 macro_rate_m3_per_h=0e0 l0=2.4092208088547446e-3 l1=3.54118015241364e-3 l2=1.3319725880096977e-2 l3=1.4271756556120804e-2 l4=1.4541509670173647e-2 l5=1.4742768039030418e-2 l6=2.280268895473591e-2
info: ISSUE079_CREEP_TRACE stage=post_ingress hour=138 l0=2.4092208088547446e-3 l1=3.54118015241364e-3 l2=1.3319725880096977e-2 l3=1.4271756556120804e-2 l4=1.4541509670173647e-2 l5=1.4742768039030418e-2 l6=2.280268895473591e-2
error: TEMP_DIAGNOSTIC n_ledger[init]: cells.len=1
error: TEMP_DIAGNOSTIC n_ledger[init]: cells.len=1
info: ISSUE079_CREEP_TRACE stage=pre_ingress hour=139 dt_hours=2.5e-1 matrix_rate_m3_per_h=0e0 macro_rate_m3_per_h=0e0 l0=2.415404381234098e-3 l1=3.547707797757238e-3 l2=1.333745828113016e-2 l3=1.4270833569173653e-2 l4=1.4541211631773132e-2 l5=1.474207145919762e-2 l6=2.2802117012031792e-2
info: ISSUE079_CREEP_TRACE stage=post_ingress hour=139 l0=2.415404381234098e-3 l1=3.547707797757238e-3 l2=1.333745828113016e-2 l3=1.4270833569173653e-2 l4=1.4541211631773132e-2 l5=1.474207145919762e-2 l6=2.2802117012031792e-2
info: ISSUE079_CREEP_TRACE stage=pre_ingress hour=139 dt_hours=2.5e-1 matrix_rate_m3_per_h=0e0 macro_rate_m3_per_h=0e0 l0=2.419966192187178e-3 l1=3.554107065414163e-3 l2=1.335494809418916e-2 l3=1.42697909456513e-2 l4=1.4540505999540368e-2 l5=1.4741678343014833e-2 l6=2.2801536413186184e-2
info: ISSUE079_CREEP_TRACE stage=post_ingress hour=139 l0=2.419966192187178e-3 l1=3.554107065414163e-3 l2=1.335494809418916e-2 l3=1.42697909456513e-2 l4=1.4540505999540368e-2 l5=1.4741678343014833e-2 l6=2.2801536413186184e-2
info: ISSUE079_CREEP_TRACE stage=pre_ingress hour=139 dt_hours=2.5e-1 matrix_rate_m3_per_h=0e0 macro_rate_m3_per_h=0e0 l0=2.424744436990651e-3 l1=3.5605406975591112e-3 l2=1.3372288904047134e-2 l3=1.426877819517468e-2 l4=1.4539801579542449e-2 l5=1.474128070663191e-2 l6=2.2800956158448925e-2
info: ISSUE079_CREEP_TRACE stage=post_ingress hour=139 l0=2.424744436990651e-3 l1=3.5605406975591112e-3 l2=1.3372288904047134e-2 l3=1.426877819517468e-2 l4=1.4539801579542449e-2 l5=1.474128070663191e-2 l6=2.2800956158448925e-2
info: ISSUE079_CREEP_TRACE stage=pre_ingress hour=139 dt_hours=2.5e-1 matrix_rate_m3_per_h=0e0 macro_rate_m3_per_h=0e0 l0=2.4297158206512573e-3 l1=3.567011898830633e-3 l2=1.3389485844005955e-2 l3=1.4267796151460062e-2 l4=1.4539098659538983e-2 l5=1.4740878666482552e-2 l6=2.280037622917943e-2
info: ISSUE079_CREEP_TRACE stage=post_ingress hour=139 l0=2.4297158206512573e-3 l1=3.567011898830633e-3 l2=1.3389485844005955e-2 l3=1.4267796151460062e-2 l4=1.4539098659538983e-2 l5=1.4740878666482552e-2 l6=2.280037622917943e-2
error: TEMP_DIAGNOSTIC n_ledger[init]: cells.len=1
error: TEMP_DIAGNOSTIC n_ledger[init]: cells.len=1
info: ISSUE079_CREEP_TRACE stage=pre_ingress hour=140 dt_hours=2.5e-1 matrix_rate_m3_per_h=0e0 macro_rate_m3_per_h=0e0 l0=2.436740614138533e-3 l1=3.5736871739558192e-3 l2=1.3406612992504223e-2 l3=1.4266866525482572e-2 l4=1.4538537141295063e-2 l5=1.4740932526819257e-2 l6=2.2799576746736553e-2
info: ISSUE079_CREEP_TRACE stage=post_ingress hour=140 l0=2.436740614138533e-3 l1=3.5736871739558192e-3 l2=1.3406612992504223e-2 l3=1.4266866525482572e-2 l4=1.4538537141295063e-2 l5=1.4740932526819257e-2 l6=2.2799576746736553e-2
info: ISSUE079_CREEP_TRACE stage=pre_ingress hour=140 dt_hours=2.5e-1 matrix_rate_m3_per_h=0e0 macro_rate_m3_per_h=0e0 l0=2.4420341484487633e-3 l1=3.580249959575698e-3 l2=1.3423524072657808e-2 l3=1.4265947899878294e-2 l4=1.4537838597532588e-2 l5=1.474052187123333e-2 l6=2.279899696620088e-2
info: ISSUE079_CREEP_TRACE stage=post_ingress hour=140 l0=2.4420341484487633e-3 l1=3.580249959575698e-3 l2=1.3423524072657808e-2 l3=1.4265947899878294e-2 l4=1.4537838597532588e-2 l5=1.474052187123333e-2 l6=2.279899696620088e-2
info: ISSUE079_CREEP_TRACE stage=pre_ingress hour=140 dt_hours=2.5e-1 matrix_rate_m3_per_h=0e0 macro_rate_m3_per_h=0e0 l0=2.447510853097388e-3 l1=3.5868595894347193e-3 l2=1.3440271494374953e-2 l3=1.4265062413570452e-2 l4=1.4537142414623672e-2 l5=1.4740107180711589e-2 l6=2.279841746059231e-2
info: ISSUE079_CREEP_TRACE stage=post_ingress hour=140 l0=2.447510853097388e-3 l1=3.5868595894347193e-3 l2=1.3440271494374953e-2 l3=1.4265062413570452e-2 l4=1.4537142414623672e-2 l5=1.4740107180711589e-2 l6=2.279841746059231e-2
info: ISSUE079_CREEP_TRACE stage=pre_ingress hour=140 dt_hours=2.5e-1 matrix_rate_m3_per_h=0e0 macro_rate_m3_per_h=0e0 l0=2.453159796227485e-3 l1=3.593517967190294e-3 l2=1.3456861189888534e-2 l3=1.4264210799872936e-2 l4=1.4536448893270283e-2 l5=1.4739688578491809e-2 l6=2.2797838213746268e-2
info: ISSUE079_CREEP_TRACE stage=post_ingress hour=140 l0=2.453159796227485e-3 l1=3.593517967190294e-3 l2=1.3456861189888534e-2 l3=1.4264210799872936e-2 l4=1.4536448893270283e-2 l5=1.4739688578491809e-2 l6=2.2797838213746268e-2
error: TEMP_DIAGNOSTIC n_ledger[init]: cells.len=1
error: TEMP_DIAGNOSTIC n_ledger[init]: cells.len=1
info: ISSUE079_CREEP_TRACE stage=pre_ingress hour=141 dt_hours=2.5e-1 matrix_rate_m3_per_h=0e0 macro_rate_m3_per_h=0e0 l0=2.460896499910206e-3 l1=3.600404102981378e-3 l2=1.3473358896165454e-2 l3=1.4263381260248667e-2 l4=1.453576884196624e-2 l5=1.4739446721157535e-2 l6=2.2797847795331824e-2
info: ISSUE079_CREEP_TRACE stage=post_ingress hour=141 l0=2.460896499910206e-3 l1=3.600404102981378e-3 l2=1.3473358896165454e-2 l3=1.4263381260248667e-2 l4=1.453576884196624e-2 l5=1.4739446721157535e-2 l6=2.2797847795331824e-2
info: ISSUE079_CREEP_TRACE stage=pre_ingress hour=141 dt_hours=2.5e-1 matrix_rate_m3_per_h=0e0 macro_rate_m3_per_h=0e0 l0=2.4668430016105435e-3 l1=3.6071737366978416e-3 l2=1.3489637263086652e-2 l3=1.426259910470516e-2 l4=1.4535081984358605e-2 l5=1.4739020649679722e-2 l6=2.279726846044666e-2
info: ISSUE079_CREEP_TRACE stage=post_ingress hour=141 l0=2.4668430016105435e-3 l1=3.6071737366978416e-3 l2=1.3489637263086652e-2 l3=1.426259910470516e-2 l4=1.4535081984358605e-2 l5=1.4739020649679722e-2 l6=2.279726846044666e-2
info: ISSUE079_CREEP_TRACE stage=pre_ingress hour=141 dt_hours=2.5e-1 matrix_rate_m3_per_h=0e0 macro_rate_m3_per_h=0e0 l0=2.4729676051884132e-3 l1=3.613998598482941e-3 l2=1.3505739777092527e-2 l3=1.4261852937394123e-2 l4=1.4534398683494047e-2 l5=1.4738591051689762e-2 l6=2.2796689342317263e-2
info: ISSUE079_CREEP_TRACE stage=post_ingress hour=141 l0=2.4729676051884132e-3 l1=3.613998598482941e-3 l2=1.3505739777092527e-2 l3=1.4261852937394123e-2 l4=1.4534398683494047e-2 l5=1.4738591051689762e-2 l6=2.2796689342317263e-2
info: ISSUE079_CREEP_TRACE stage=pre_ingress hour=141 dt_hours=2.5e-1 matrix_rate_m3_per_h=0e0 macro_rate_m3_per_h=0e0 l0=2.4792692072330355e-3 l1=3.6208801328737454e-3 l2=1.3521673405679484e-2 l3=1.4261143370080656e-2 l4=1.4533719246729396e-2 l5=1.4738158057321588e-2 l6=2.279611042730544e-2
info: ISSUE079_CREEP_TRACE stage=post_ingress hour=141 l0=2.4792692072330355e-3 l1=3.6208801328737454e-3 l2=1.3521673405679484e-2 l3=1.4261143370080656e-2 l4=1.4533719246729396e-2 l5=1.4738158057321588e-2 l6=2.279611042730544e-2
error: TEMP_DIAGNOSTIC n_ledger[init]: cells.len=1
error: TEMP_DIAGNOSTIC n_ledger[init]: cells.len=1
info: ISSUE079_CREEP_TRACE stage=pre_ingress hour=142 dt_hours=2.5e-1 matrix_rate_m3_per_h=0e0 macro_rate_m3_per_h=0e0 l0=2.4877000273566736e-3 l1=3.6280123891019316e-3 l2=1.3537512718080765e-2 l3=1.4260458188324132e-2 l4=1.4533020401491448e-2 l5=1.4737769414354292e-2 l6=2.279581571998832e-2
info: ISSUE079_CREEP_TRACE stage=post_ingress hour=142 l0=2.4877000273566736e-3 l1=3.6280123891019316e-3 l2=1.3537512718080765e-2 l3=1.4260458188324132e-2 l4=1.4533020401491448e-2 l5=1.4737769414354292e-2 l6=2.279581571998832e-2
info: ISSUE079_CREEP_TRACE stage=pre_ingress hour=142 dt_hours=2.5e-1 matrix_rate_m3_per_h=0e0 macro_rate_m3_per_h=0e0 l0=2.4943183728128155e-3 l1=3.635020788382228e-3 l2=1.3553115299104324e-2 l3=1.4259823189226322e-2 l4=1.4532350020046e-2 l5=1.4737329971186377e-2 l6=2.2795236704486497e-2
info: ISSUE079_CREEP_TRACE stage=post_ingress hour=142 l0=2.4943183728128155e-3 l1=3.635020788382228e-3 l2=1.3553115299104324e-2 l3=1.4259823189226322e-2 l4=1.4532350020046e-2 l5=1.4737329971186377e-2 l6=2.2795236704486497e-2
info: ISSUE079_CREEP_TRACE stage=pre_ingress hour=142 dt_hours=2.5e-1 matrix_rate_m3_per_h=0e0 macro_rate_m3_per_h=0e0 l0=2.501124765608998e-3 l1=3.642091639676629e-3 l2=1.3568532892501569e-2 l3=1.4259226536529878e-2 l4=1.4531684409342771e-2 l5=1.4736887537631237e-2 l6=2.2794657857164443e-2
info: ISSUE079_CREEP_TRACE stage=post_ingress hour=142 l0=2.501124765608998e-3 l1=3.642091639676629e-3 l2=1.3568532892501569e-2 l3=1.4259226536529878e-2 l4=1.4531684409342771e-2 l5=1.4736887537631237e-2 l6=2.2794657857164443e-2
info: ISSUE079_CREEP_TRACE stage=pre_ingress hour=142 dt_hours=2.5e-1 matrix_rate_m3_per_h=0e0 macro_rate_m3_per_h=0e0 l0=2.508105368930166e-3 l1=3.6492262266885457e-3 l2=1.3583773638727117e-2 l3=1.4258668705480208e-2 l4=1.4531023877251161e-2 l5=1.4736442250335505e-2 l6=2.279407916696043e-2
info: ISSUE079_CREEP_TRACE stage=post_ingress hour=142 l0=2.508105368930166e-3 l1=3.6492262266885457e-3 l2=1.3583773638727117e-2 l3=1.4258668705480208e-2 l4=1.4531023877251161e-2 l5=1.4736442250335505e-2 l6=2.279407916696043e-2
error: TEMP_DIAGNOSTIC n_ledger[init]: cells.len=1
error: TEMP_DIAGNOSTIC n_ledger[init]: cells.len=1
info: ISSUE079_CREEP_TRACE stage=pre_ingress hour=143 dt_hours=2.5e-1 matrix_rate_m3_per_h=0e0 macro_rate_m3_per_h=0e0 l0=2.517226906779517e-3 l1=3.6566197223775825e-3 l2=1.3598924697729291e-2 l3=1.4258154928731049e-2 l4=1.4530344690900246e-2 l5=1.4736007519974646e-2 l6=2.2793642882600277e-2
info: ISSUE079_CREEP_TRACE stage=post_ingress hour=143 l0=2.517226906779517e-3 l1=3.6566197223775825e-3 l2=1.3598924697729291e-2 l3=1.4258154928731049e-2 l4=1.4530344690900246e-2 l5=1.4736007519974646e-2 l6=2.2793642882600277e-2
info: ISSUE079_CREEP_TRACE stage=pre_ingress hour=143 dt_hours=2.5e-1 matrix_rate_m3_per_h=0e0 macro_rate_m3_per_h=0e0 l0=2.5244909223752715e-3 l1=3.6638943887510943e-3 l2=1.3613821382960785e-2 l3=1.4257675729371278e-2 l4=1.4529695637010683e-2 l5=1.4735556872359076e-2 l6=2.2793064034654666e-2
info: ISSUE079_CREEP_TRACE stage=post_ingress hour=143 l0=2.5244909223752715e-3 l1=3.6638943887510943e-3 l2=1.3613821382960785e-2 l3=1.4257675729371278e-2 l4=1.4529695637010683e-2 l5=1.4735556872359076e-2 l6=2.2793064034654666e-2
info: ISSUE079_CREEP_TRACE stage=pre_ingress hour=143 dt_hours=2.5e-1 matrix_rate_m3_per_h=0e0 macro_rate_m3_per_h=0e0 l0=2.5319282901826727e-3 l1=3.6712365997709925e-3 l2=1.362852759459643e-2 l3=1.425723669805734e-2 l4=1.4529052561256693e-2 l5=1.4735103795964719e-2 l6=2.2792485316526837e-2
info: ISSUE079_CREEP_TRACE stage=post_ingress hour=143 l0=2.5319282901826727e-3 l1=3.6712365997709925e-3 l2=1.362852759459643e-2 l3=1.425723669805734e-2 l4=1.4529052561256693e-2 l5=1.4735103795964719e-2 l6=2.2792485316526837e-2
info: ISSUE079_CREEP_TRACE stage=pre_ingress hour=143 dt_hours=2.5e-1 matrix_rate_m3_per_h=0e0 macro_rate_m3_per_h=0e0 l0=2.539531852614714e-3 l1=3.678647277441662e-3 l2=1.3643052676527757e-2 l3=1.4256838167197992e-2 l4=1.4528415766199922e-2 l5=1.4734648433243982e-2 l6=2.2791906719783272e-2
info: ISSUE079_CREEP_TRACE stage=post_ingress hour=143 l0=2.539531852614714e-3 l1=3.678647277441662e-3 l2=1.3643052676527757e-2 l3=1.4256838167197992e-2 l4=1.4528415766199922e-2 l5=1.4734648433243982e-2 l6=2.2791906719783272e-2
error: TEMP_DIAGNOSTIC n_ledger[init]: cells.len=1
error: TEMP_DIAGNOSTIC n_ledger[init]: cells.len=1
info: ISSUE079_CREEP_TRACE stage=pre_ingress hour=144 dt_hours=2.5e-1 matrix_rate_m3_per_h=0e0 macro_rate_m3_per_h=0e0 l0=2.5492952275080623e-3 l1=3.6863165574065816e-3 l2=1.3657483257026141e-2 l3=1.4256506822802585e-2 l4=1.452777933038294e-2 l5=1.4734204570258654e-2 l6=2.2791435941374855e-2
info: ISSUE079_CREEP_TRACE stage=post_ingress hour=144 l0=2.5492952275080623e-3 l1=3.6863165574065816e-3 l2=1.3657483257026141e-2 l3=1.4256506822802585e-2 l4=1.452777933038294e-2 l5=1.4734204570258654e-2 l6=2.2791435941374855e-2
info: ISSUE079_CREEP_TRACE stage=pre_ingress hour=144 dt_hours=2.5e-1 matrix_rate_m3_per_h=0e0 macro_rate_m3_per_h=0e0 l0=2.5571662279989704e-3 l1=3.6938769918996583e-3 l2=1.3671658875030347e-2 l3=1.4256189890168768e-2 l4=1.4527156399958996e-2 l5=1.473374499556663e-2 l6=2.2790857120060733e-2
info: ISSUE079_CREEP_TRACE stage=post_ingress hour=144 l0=2.5571662279989704e-3 l1=3.6938769918996583e-3 l2=1.3671658875030347e-2 l3=1.4256189890168768e-2 l4=1.4527156399958996e-2 l5=1.473374499556663e-2 l6=2.2790857120060733e-2
info: ISSUE079_CREEP_TRACE stage=pre_ingress hour=144 dt_hours=2.5e-1 matrix_rate_m3_per_h=0e0 macro_rate_m3_per_h=0e0 l0=2.5652032034631884e-3 l1=3.701508809011011e-3 l2=1.3685642652086872e-2 l3=1.4255914400719612e-2 l4=1.4526540626046662e-2 l5=1.4733283575703998e-2 l6=2.2790278400758e-2
info: ISSUE079_CREEP_TRACE stage=post_ingress hour=144 l0=2.5652032034631884e-3 l1=3.701508809011011e-3 l2=1.3685642652086872e-2 l3=1.4255914400719612e-2 l4=1.4526540626046662e-2 l5=1.4733283575703998e-2 l6=2.2790278400758e-2
info: ISSUE079_CREEP_TRACE stage=pre_ingress hour=144 dt_hours=2.5e-1 matrix_rate_m3_per_h=0e0 macro_rate_m3_per_h=0e0 l0=2.5733961427066225e-3 l1=3.709212886683902e-3 l2=1.3699445156836888e-2 l3=1.4255680547829488e-2 l4=1.452593230074626e-2 l5=1.473282045798872e-2 l6=2.278969977769327e-2
info: ISSUE079_CREEP_TRACE stage=post_ingress hour=144 l0=2.5733961427066225e-3 l1=3.709212886683902e-3 l2=1.3699445156836888e-2 l3=1.4255680547829488e-2 l4=1.452593230074626e-2 l5=1.473282045798872e-2 l6=2.278969977769327e-2
error: TEMP_DIAGNOSTIC n_ledger[init]: cells.len=1
info: daily conservation accepted: day=6 year=1998 hour=24 water=1.213046450634959e-14 heat=2.3659254545332828e-14 oxygen=9.793120390899952e-14 hydrogen=4.529206884039226e-16 carbon=8.426026366916517e-13 nitrogen=1.015947165138571e-14 phosphorus=2.1643015682007944e-12 aluminum=3.6616647867408914e-9 iron=2.042169218313257e-6 calcium=1.1668910029085986e-9 magnesium=1e0 sodium=1.898320764315741e-3 potassium=2.844129463239573e-3 sulfur=0e0 chloride=0e0 silicon=5.1244614621894304e-6 sand=1e0 silt=1e0 clay=1e0 rock_additive=0e0 cec=8.460013218770654e-2 aec=4.159896002599935e-2
info: day advanced: scene_weather_hours=144 final_hour_elapsed_ms=310
error: TEMP_DIAGNOSTIC n_ledger[init]: cells.len=1
info: ISSUE079_CREEP_TRACE stage=pre_ingress hour=145 dt_hours=2.5e-1 matrix_rate_m3_per_h=0e0 macro_rate_m3_per_h=0e0 l0=2.583752749931748e-3 l1=3.7171793066923574e-3 l2=1.3713146858685004e-2 l3=1.4255522670819067e-2 l4=1.4525347549310858e-2 l5=1.4732388382643015e-2 l6=2.2789231690437867e-2
info: ISSUE079_CREEP_TRACE stage=post_ingress hour=145 l0=2.583752749931748e-3 l1=3.7171793066923574e-3 l2=1.3713146858685004e-2 l3=1.4255522670819067e-2 l4=1.4525347549310858e-2 l5=1.4732388382643015e-2 l6=2.2789231690437867e-2
info: ISSUE079_CREEP_TRACE stage=pre_ingress hour=145 dt_hours=2.5e-1 matrix_rate_m3_per_h=0e0 macro_rate_m3_per_h=0e0 l0=2.5921758800437613e-3 l1=3.725041214746507e-3 l2=1.3726603108652443e-2 l3=1.4255372320857614e-2 l4=1.4524755390072605e-2 l5=1.4731922243544377e-2 l6=2.2788652789365302e-2
info: ISSUE079_CREEP_TRACE stage=post_ingress hour=145 l0=2.5921758800437613e-3 l1=3.725041214746507e-3 l2=1.3726603108652443e-2 l3=1.4255372320857614e-2 l4=1.4524755390072605e-2 l5=1.4731922243544377e-2 l6=2.2788652789365302e-2
info: ISSUE079_CREEP_TRACE stage=pre_ingress hour=145 dt_hours=2.5e-1 matrix_rate_m3_per_h=0e0 macro_rate_m3_per_h=0e0 l0=2.600755497505107e-3 l1=3.7329771983872955e-3 l2=1.3739870668592419e-2 l3=1.425526417489679e-2 l4=1.4524171517688122e-2 l5=1.4731454860721806e-2 l6=2.278807397321396e-2
info: ISSUE079_CREEP_TRACE stage=post_ingress hour=145 l0=2.600755497505107e-3 l1=3.7329771983872955e-3 l2=1.3739870668592419e-2 l3=1.425526417489679e-2 l4=1.4524171517688122e-2 l5=1.4731454860721806e-2 l6=2.278807397321396e-2
info: ISSUE079_CREEP_TRACE stage=pre_ingress hour=145 dt_hours=2.5e-1 matrix_rate_m3_per_h=0e0 macro_rate_m3_per_h=0e0 l0=2.6094874224483916e-3 l1=3.7409883202955767e-3 l2=1.3752961392861774e-2 l3=1.4255198302299241e-2 l4=1.452359620971283e-2 l5=1.473098638525621e-2 l6=2.2787495238882172e-2
info: ISSUE079_CREEP_TRACE stage=post_ingress hour=145 l0=2.6094874224483916e-3 l1=3.7409883202955767e-3 l2=1.3752961392861774e-2 l3=1.4255198302299241e-2 l4=1.452359620971283e-2 l5=1.473098638525621e-2 l6=2.2787495238882172e-2
error: TEMP_DIAGNOSTIC n_ledger[init]: cells.len=1
error: TEMP_DIAGNOSTIC n_ledger[init]: cells.len=1
info: ISSUE079_CREEP_TRACE stage=pre_ingress hour=146 dt_hours=2.5e-1 matrix_rate_m3_per_h=0e0 macro_rate_m3_per_h=0e0 l0=2.6203916723092483e-3 l1=3.74926209401266e-3 l2=1.3765956143875619e-2 l3=1.4255210300940188e-2 l4=1.452305373857698e-2 l5=1.4730572545138218e-2 l6=2.278704898258672e-2
info: ISSUE079_CREEP_TRACE stage=post_ingress hour=146 l0=2.6203916723092483e-3 l1=3.74926209401266e-3 l2=1.3765956143875619e-2 l3=1.4255210300940188e-2 l4=1.452305373857698e-2 l5=1.4730572545138218e-2 l6=2.278704898258672e-2
info: ISSUE079_CREEP_TRACE stage=pre_ingress hour=146 dt_hours=2.5e-1 matrix_rate_m3_per_h=0e0 macro_rate_m3_per_h=0e0 l0=2.6293335799980884e-3 l1=3.757438954878077e-3 l2=1.3778713304142345e-2 l3=1.4255228893430918e-2 l4=1.4522496781788028e-2 l5=1.473010226955696e-2 l6=2.2786469937619264e-2
info: ISSUE079_CREEP_TRACE stage=post_ingress hour=146 l0=2.6293335799980884e-3 l1=3.757438954878077e-3 l2=1.3778713304142345e-2 l3=1.4255228893430918e-2 l4=1.4522496781788028e-2 l5=1.473010226955696e-2 l6=2.2786469937619264e-2
info: ISSUE079_CREEP_TRACE stage=pre_ingress hour=146 dt_hours=2.5e-1 matrix_rate_m3_per_h=0e0 macro_rate_m3_per_h=0e0 l0=2.6384272188608154e-3 l1=3.765692837636376e-3 l2=1.379128984949056e-2 l3=1.4255290014928137e-2 l4=1.4521949179974524e-2 l5=1.4729631364936114e-2 l6=2.2785890971224677e-2
info: ISSUE079_CREEP_TRACE stage=post_ingress hour=146 l0=2.6384272188608154e-3 l1=3.765692837636376e-3 l2=1.379128984949056e-2 l3=1.4255290014928137e-2 l4=1.4521949179974524e-2 l5=1.4729631364936114e-2 l6=2.2785890971224677e-2
info: ISSUE079_CREEP_TRACE stage=pre_ingress hour=146 dt_hours=2.5e-1 matrix_rate_m3_per_h=0e0 macro_rate_m3_per_h=0e0 l0=2.6476643711747863e-3 l1=3.7740252578069627e-3 l2=1.3803699018659406e-2 l3=1.4255393637939115e-2 l4=1.45214111935512e-2 l5=1.4729159984941597e-2 l6=2.2785312082964096e-2
info: ISSUE079_CREEP_TRACE stage=post_ingress hour=146 l0=2.6476643711747863e-3 l1=3.7740252578069627e-3 l2=1.3803699018659406e-2 l3=1.4255393637939115e-2 l4=1.45214111935512e-2 l5=1.4729159984941597e-2 l6=2.2785312082964096e-2
error: TEMP_DIAGNOSTIC n_ledger[init]: cells.len=1
error: TEMP_DIAGNOSTIC n_ledger[init]: cells.len=1
info: ISSUE079_CREEP_TRACE stage=pre_ingress hour=147 dt_hours=2.5e-1 matrix_rate_m3_per_h=0e0 macro_rate_m3_per_h=0e0 l0=2.659067083764975e-3 l1=3.7826197241767156e-3 l2=1.381602017319946e-2 l3=1.4255582737698698e-2 l4=1.4520908808642954e-2 l5=1.4728752410547462e-2 l6=2.278489104589062e-2
info: ISSUE079_CREEP_TRACE stage=post_ingress hour=147 l0=2.659067083764975e-3 l1=3.7826197241767156e-3 l2=1.381602017319946e-2 l3=1.4255582737698698e-2 l4=1.4520908808642954e-2 l5=1.4728752410547462e-2 l6=2.278489104589062e-2
info: ISSUE079_CREEP_TRACE stage=pre_ingress hour=147 dt_hours=2.5e-1 matrix_rate_m3_per_h=0e0 macro_rate_m3_per_h=0e0 l0=2.668465822123317e-3 l1=3.7911267855040534e-3 l2=1.3828118819331423e-2 l3=1.4255771060598185e-2 l4=1.4520391219865142e-2 l5=1.4728280473369776e-2 l6=2.278431183933509e-2
info: ISSUE079_CREEP_TRACE stage=post_ingress hour=147 l0=2.668465822123317e-3 l1=3.7911267855040534e-3 l2=1.3828118819331423e-2 l3=1.4255771060598185e-2 l4=1.4520391219865142e-2 l5=1.4728280473369776e-2 l6=2.278431183933509e-2
info: ISSUE079_CREEP_TRACE stage=pre_ingress hour=147 dt_hours=2.5e-1 matrix_rate_m3_per_h=0e0 macro_rate_m3_per_h=0e0 l0=2.6779921422619177e-3 l1=3.799713233255262e-3 l2=1.384005028790009e-2 l3=1.425600192990455e-2 l4=1.4519883984353471e-2 l5=1.4727808530319368e-2 l6=2.2783732715666177e-2
info: ISSUE079_CREEP_TRACE stage=post_ingress hour=147 l0=2.6779921422619177e-3 l1=3.799713233255262e-3 l2=1.384005028790009e-2 l3=1.425600192990455e-2 l4=1.4519883984353471e-2 l5=1.4727808530319368e-2 l6=2.2783732715666177e-2
info: ISSUE079_CREEP_TRACE stage=pre_ingress hour=147 dt_hours=2.5e-1 matrix_rate_m3_per_h=0e0 macro_rate_m3_per_h=0e0 l0=2.6876345478973507e-3 l1=3.8083804027435127e-3 l2=1.385182922310383e-2 l3=1.4256275261162864e-2 l4=1.451938734469158e-2 l5=1.4727336736498745e-2 l6=2.2783153677078803e-2
info: ISSUE079_CREEP_TRACE stage=post_ingress hour=147 l0=2.6876345478973507e-3 l1=3.8083804027435127e-3 l2=1.385182922310383e-2 l3=1.4256275261162864e-2 l4=1.451938734469158e-2 l5=1.4727336736498745e-2 l6=2.2783153677078803e-2
error: TEMP_DIAGNOSTIC n_ledger[init]: cells.len=1
error: TEMP_DIAGNOSTIC n_ledger[init]: cells.len=1
info: ISSUE079_CREEP_TRACE stage=pre_ingress hour=148 dt_hours=2.5e-1 matrix_rate_m3_per_h=0e0 macro_rate_m3_per_h=0e0 l0=2.699420533560023e-3 l1=3.817302590237079e-3 l2=1.3863532978292573e-2 l3=1.425663883399915e-2 l4=1.4518935270814971e-2 l5=1.4726931294171535e-2 l6=2.2782742055140918e-2
info: ISSUE079_CREEP_TRACE stage=post_ingress hour=148 l0=2.699420533560023e-3 l1=3.817302590237079e-3 l2=1.3863532978292573e-2 l3=1.425663883399915e-2 l4=1.4518935270814971e-2 l5=1.4726931294171535e-2 l6=2.2782742055140918e-2
info: ISSUE079_CREEP_TRACE stage=pre_ingress hour=148 dt_hours=2.5e-1 matrix_rate_m3_per_h=0e0 macro_rate_m3_per_h=0e0 l0=2.7091457323259174e-3 l1=3.826149262206661e-3 l2=1.387503529547592e-2 l3=1.4256996694225447e-2 l4=1.4518460930495223e-2 l5=1.4726460196022981e-2 l6=2.2782162716969076e-2
info: ISSUE079_CREEP_TRACE stage=post_ingress hour=148 l0=2.7091457323259174e-3 l1=3.826149262206661e-3 l2=1.387503529547592e-2 l3=1.4256996694225447e-2 l4=1.4518460930495223e-2 l5=1.4726460196022981e-2 l6=2.2782162716969076e-2
info: ISSUE079_CREEP_TRACE stage=pre_ingress hour=148 dt_hours=2.5e-1 matrix_rate_m3_per_h=0e0 macro_rate_m3_per_h=0e0 l0=2.718973812137906e-3 l1=3.8350742223565736e-3 l2=1.3886389359479608e-2 l3=1.4257396987486888e-2 l4=1.4517997872484588e-2 l5=1.4725989719233272e-2 l6=2.278158347648504e-2
info: ISSUE079_CREEP_TRACE stage=post_ingress hour=148 l0=2.718973812137906e-3 l1=3.8350742223565736e-3 l2=1.3886389359479608e-2 l3=1.4257396987486888e-2 l4=1.4517997872484588e-2 l5=1.4725989719233272e-2 l6=2.278158347648504e-2
info: ISSUE079_CREEP_TRACE stage=pre_ingress hour=148 dt_hours=2.5e-1 matrix_rate_m3_per_h=0e0 macro_rate_m3_per_h=0e0 l0=2.7288945943401395e-3 l1=3.844078558915397e-3 l2=1.3897611165588533e-2 l3=1.4257839623290712e-2 l4=1.4517546323104199e-2 l5=1.4725520019338809e-2 l6=2.2781004338470898e-2
info: ISSUE079_CREEP_TRACE stage=post_ingress hour=148 l0=2.7288945943401395e-3 l1=3.844078558915397e-3 l2=1.3897611165588533e-2 l3=1.4257839623290712e-2 l4=1.4517546323104199e-2 l5=1.4725520019338809e-2 l6=2.2781004338470898e-2
error: TEMP_DIAGNOSTIC n_ledger[init]: cells.len=1
error: TEMP_DIAGNOSTIC n_ledger[init]: cells.len=1
info: ISSUE079_CREEP_TRACE stage=pre_ingress hour=149 dt_hours=2.5e-1 matrix_rate_m3_per_h=0e0 macro_rate_m3_per_h=0e0 l0=2.7409378663128627e-3 l1=3.853329463957864e-3 l2=1.3908771834672016e-2 l3=1.4258376078154868e-2 l4=1.451714566355595e-2 l5=1.4725125577606907e-2 l6=2.278059501455578e-2
info: ISSUE079_CREEP_TRACE stage=post_ingress hour=149 l0=2.7409378663128627e-3 l1=3.853329463957864e-3 l2=1.3908771834672016e-2 l3=1.4258376078154868e-2 l4=1.451714566355595e-2 l5=1.4725125577606907e-2 l6=2.278059501455578e-2
info: ISSUE079_CREEP_TRACE stage=pre_ingress hour=149 dt_hours=2.5e-1 matrix_rate_m3_per_h=0e0 macro_rate_m3_per_h=0e0 l0=2.7508668072887313e-3 l1=3.8625114744186605e-3 l2=1.3919761689559988e-2 l3=1.4258903071071562e-2 l4=1.4516718187344192e-2 l5=1.4724657827016633e-2 l6=2.2780015618532375e-2
info: ISSUE079_CREEP_TRACE stage=post_ingress hour=149 l0=2.7508668072887313e-3 l1=3.8625114744186605e-3 l2=1.3919761689559988e-2 l3=1.4258903071071562e-2 l4=1.4516718187344192e-2 l5=1.4724657827016633e-2 l6=2.2780015618532375e-2
info: ISSUE079_CREEP_TRACE stage=pre_ingress hour=149 dt_hours=2.5e-1 matrix_rate_m3_per_h=0e0 macro_rate_m3_per_h=0e0 l0=2.7608645318627396e-3 l1=3.8717664267538397e-3 l2=1.3930627549534792e-2 l3=1.4259472470355023e-2 l4=1.4516302863109617e-2 l5=1.4724191325492481e-2 l6=2.2779436345258565e-2
info: ISSUE079_CREEP_TRACE stage=post_ingress hour=149 l0=2.7608645318627396e-3 l1=3.8717664267538397e-3 l2=1.3930627549534792e-2 l3=1.4259472470355023e-2 l4=1.4516302863109617e-2 l5=1.4724191325492481e-2 l6=2.2779436345258565e-2
info: ISSUE079_CREEP_TRACE stage=pre_ingress hour=149 dt_hours=2.5e-1 matrix_rate_m3_per_h=0e0 macro_rate_m3_per_h=0e0 l0=2.7709164034916654e-3 l1=3.8810944340503246e-3 l2=1.394138662956471e-2 l3=1.4260084238939407e-2 l4=1.4515899904978986e-2 l5=1.4723726228269365e-2 l6=2.2778857202044835e-2
info: ISSUE079_CREEP_TRACE stage=post_ingress hour=149 l0=2.7709164034916654e-3 l1=3.8810944340503246e-3 l2=1.394138662956471e-2 l3=1.4260084238939407e-2 l4=1.4515899904978986e-2 l5=1.4723726228269365e-2 l6=2.2778857202044835e-2
error: TEMP_DIAGNOSTIC n_ledger[init]: cells.len=1
error: TEMP_DIAGNOSTIC n_ledger[init]: cells.len=1
info: ISSUE079_CREEP_TRACE stage=pre_ingress hour=150 dt_hours=2.5e-1 matrix_rate_m3_per_h=0e0 macro_rate_m3_per_h=0e0 l0=2.7830530096839556e-3 l1=3.8906547315321165e-3 l2=1.3952106313953805e-2 l3=1.4260788724365824e-2 l4=1.4515552999924653e-2 l5=1.4723342573528553e-2 l6=2.2778456773281844e-2
info: ISSUE079_CREEP_TRACE stage=post_ingress hour=150 l0=2.7830530096839556e-3 l1=3.8906547315321165e-3 l2=1.3952106313953805e-2 l3=1.4260788724365824e-2 l4=1.4515552999924653e-2 l5=1.4723342573528553e-2 l6=2.2778456773281844e-2
info: ISSUE079_CREEP_TRACE stage=pre_ingress hour=150 dt_hours=2.5e-1 matrix_rate_m3_per_h=0e0 macro_rate_m3_per_h=0e0 l0=2.7930110889412395e-3 l1=3.900145852280253e-3 l2=1.3962688040094196e-2 l3=1.42614851523396e-2 l4=1.4515175790877173e-2 l5=1.472288067768032e-2 l6=2.2777877433959013e-2
info: ISSUE079_CREEP_TRACE stage=post_ingress hour=150 l0=2.7930110889412395e-3 l1=3.900145852280253e-3 l2=1.3962688040094196e-2 l3=1.42614851523396e-2 l4=1.4515175790877173e-2 l5=1.472288067768032e-2 l6=2.2777877433959013e-2
info: ISSUE079_CREEP_TRACE stage=pre_ingress hour=150 dt_hours=2.5e-1 matrix_rate_m3_per_h=0e0 macro_rate_m3_per_h=0e0 l0=2.8029552874928834e-3 l1=3.909695927345706e-3 l2=1.3973174664737737e-2 l3=1.4262224291790438e-2 l4=1.4514811564258254e-2 l5=1.4722420656644402e-2 l6=2.27772982524617e-2
info: ISSUE079_CREEP_TRACE stage=post_ingress hour=150 l0=2.8029552874928834e-3 l1=3.909695927345706e-3 l2=1.3973174664737737e-2 l3=1.4262224291790438e-2 l4=1.4514811564258254e-2 l5=1.4722420656644402e-2 l6=2.27772982524617e-2
info: ISSUE079_CREEP_TRACE stage=pre_ingress hour=150 dt_hours=2.5e-1 matrix_rate_m3_per_h=0e0 macro_rate_m3_per_h=0e0 l0=2.8127903505115732e-3 l1=3.919300556578749e-3 l2=1.3983584234235106e-2 l3=1.4263006221489427e-2 l4=1.4514460528591828e-2 l5=1.4721962665005028e-2 l6=2.277671923855915e-2
info: ISSUE079_CREEP_TRACE stage=post_ingress hour=150 l0=2.8127903505115732e-3 l1=3.919300556578749e-3 l2=1.3983584234235106e-2 l3=1.4263006221489427e-2 l4=1.4514460528591828e-2 l5=1.4721962665005028e-2 l6=2.277671923855915e-2
error: TEMP_DIAGNOSTIC n_ledger[init]: cells.len=1
error: TEMP_DIAGNOSTIC n_ledger[init]: cells.len=1
info: ISSUE079_CREEP_TRACE stage=pre_ingress hour=151 dt_hours=2.5e-1 matrix_rate_m3_per_h=0e0 macro_rate_m3_per_h=0e0 l0=2.824538261877528e-3 l1=3.92910081821925e-3 l2=1.3993980389873534e-2 l3=1.4263882374020072e-2 l4=1.4514165770829314e-2 l5=1.4721591101766492e-2 l6=2.2776324704002083e-2
info: ISSUE079_CREEP_TRACE stage=post_ingress hour=151 l0=2.824538261877528e-3 l1=3.92910081821925e-3 l2=1.3993980389873534e-2 l3=1.4263882374020072e-2 l4=1.4514165770829314e-2 l5=1.4721591101766492e-2 l6=2.2776324704002083e-2
info: ISSUE079_CREEP_TRACE stage=pre_ingress hour=151 dt_hours=2.5e-1 matrix_rate_m3_per_h=0e0 macro_rate_m3_per_h=0e0 l0=2.834016469506265e-3 l1=3.938802104025391e-3 l2=1.400427335979668e-2 l3=1.4264750227844139e-2 l4=1.451384211696339e-2 l5=1.4721137557189644e-2 l6=2.2775745577389657e-2
info: ISSUE079_CREEP_TRACE stage=post_ingress hour=151 l0=2.834016469506265e-3 l1=3.938802104025391e-3 l2=1.400427335979668e-2 l3=1.4264750227844139e-2 l4=1.451384211696339e-2 l5=1.4721137557189644e-2 l6=2.2775745577389657e-2
info: ISSUE079_CREEP_TRACE stage=pre_ingress hour=151 dt_hours=2.5e-1 matrix_rate_m3_per_h=0e0 macro_rate_m3_per_h=0e0 l0=2.843340185609518e-3 l1=3.9485148927010955e-3 l2=1.4014501472115536e-2 l3=1.4265661659888448e-2 l4=1.4513532266270685e-2 l5=1.4720686510532034e-2 l6=2.2775166653384603e-2
info: ISSUE079_CREEP_TRACE stage=post_ingress hour=151 l0=2.843340185609518e-3 l1=3.9485148927010955e-3 l2=1.4014501472115536e-2 l3=1.4265661659888448e-2 l4=1.4513532266270685e-2 l5=1.4720686510532034e-2 l6=2.2775166653384603e-2
info: ISSUE079_CREEP_TRACE stage=pre_ingress hour=151 dt_hours=2.5e-1 matrix_rate_m3_per_h=0e0 macro_rate_m3_per_h=0e0 l0=2.852492991507667e-3 l1=3.958225532781858e-3 l2=1.4024682075101878e-2 l3=1.4266616905343395e-2 l4=1.451323643011507e-2 l5=1.4720238115864412e-2 l6=2.277458794415002e-2
info: ISSUE079_CREEP_TRACE stage=post_ingress hour=151 l0=2.852492991507667e-3 l1=3.958225532781858e-3 l2=1.4024682075101878e-2 l3=1.4266616905343395e-2 l4=1.451323643011507e-2 l5=1.4720238115864412e-2 l6=2.277458794415002e-2
error: TEMP_DIAGNOSTIC n_ledger[init]: cells.len=1
error: TEMP_DIAGNOSTIC n_ledger[init]: cells.len=1
info: ISSUE079_CREEP_TRACE stage=pre_ingress hour=152 dt_hours=2.5e-1 matrix_rate_m3_per_h=0e0 macro_rate_m3_per_h=0e0 l0=2.8635009808917135e-3 l1=3.968069360139314e-3 l2=1.4034873076544949e-2 l3=1.4267668697587079e-2 l4=1.4512999335824159e-2 l5=1.4719876096344979e-2 l6=2.2774198024400106e-2
info: ISSUE079_CREEP_TRACE stage=post_ingress hour=152 l0=2.8635009808917135e-3 l1=3.968069360139314e-3 l2=1.4034873076544949e-2 l3=1.4267668697587079e-2 l4=1.4512999335824159e-2 l5=1.4719876096344979e-2 l6=2.2774198024400106e-2
info: ISSUE079_CREEP_TRACE stage=pre_ingress hour=152 dt_hours=2.5e-1 matrix_rate_m3_per_h=0e0 macro_rate_m3_per_h=0e0 l0=2.8722690337753378e-3 l1=3.977756089294074e-3 l2=1.4044992911003817e-2 l3=1.4268712408613013e-2 l4=1.4512732535729227e-2 l5=1.4719433390730407e-2 l6=2.2773619306095737e-2
info: ISSUE079_CREEP_TRACE stage=post_ingress hour=152 l0=2.8722690337753378e-3 l1=3.977756089294074e-3 l2=1.4044992911003817e-2 l3=1.4268712408613013e-2 l4=1.4512732535729227e-2 l5=1.4719433390730407e-2 l6=2.2773619306095737e-2
info: ISSUE079_CREEP_TRACE stage=pre_ingress hour=152 dt_hours=2.5e-1 matrix_rate_m3_per_h=0e0 macro_rate_m3_per_h=0e0 l0=2.8808451565500693e-3 l1=3.987393389321952e-3 l2=1.4055073758503563e-2 l3=1.4269801219248804e-2 l4=1.4512480384038587e-2 l5=1.4718993804814772e-2 l6=2.2773040844676073e-2
info: ISSUE079_CREEP_TRACE stage=post_ingress hour=152 l0=2.8808451565500693e-3 l1=3.987393389321952e-3 l2=1.4055073758503563e-2 l3=1.4269801219248804e-2 l4=1.4512480384038587e-2 l5=1.4718993804814772e-2 l6=2.2773040844676073e-2
info: ISSUE079_CREEP_TRACE stage=pre_ingress hour=152 dt_hours=2.5e-1 matrix_rate_m3_per_h=0e0 macro_rate_m3_per_h=0e0 l0=2.8892249899715077e-3 l1=3.996966268180094e-3 l2=1.406513120045867e-2 l3=1.4270935516070117e-2 l4=1.4512243103163618e-2 l5=1.4718557492777468e-2 l6=2.277246265465072e-2
info: ISSUE079_CREEP_TRACE stage=post_ingress hour=152 l0=2.8892249899715077e-3 l1=3.996966268180094e-3 l2=1.406513120045867e-2 l3=1.4270935516070117e-2 l4=1.4512243103163618e-2 l5=1.4718557492777468e-2 l6=2.277246265465072e-2
error: TEMP_DIAGNOSTIC n_ledger[init]: cells.len=1
error: TEMP_DIAGNOSTIC n_ledger[init]: cells.len=1
info: ISSUE079_CREEP_TRACE stage=pre_ingress hour=153 dt_hours=2.5e-1 matrix_rate_m3_per_h=0e0 macro_rate_m3_per_h=0e0 l0=2.899432012798197e-3 l1=4.006606520699308e-3 l2=1.4075223892843935e-2 l3=1.4272168469835214e-2 l4=1.4512067303448478e-2 l5=1.4718209793814586e-2 l6=2.2772072193218626e-2
info: ISSUE079_CREEP_TRACE stage=post_ingress hour=153 l0=2.899432012798197e-3 l1=4.006606520699308e-3 l2=1.4075223892843935e-2 l3=1.4272168469835214e-2 l4=1.4512067303448478e-2 l5=1.4718209793814586e-2 l6=2.2772072193218626e-2
info: ISSUE079_CREEP_TRACE stage=pre_ingress hour=153 dt_hours=2.5e-1 matrix_rate_m3_per_h=0e0 macro_rate_m3_per_h=0e0 l0=2.9074026051481706e-3 l1=4.016035066031567e-3 l2=1.4085262679611396e-2 l3=1.4273395013439345e-2 l4=1.4511860800970082e-2 l5=1.4717780412268427e-2 l6=2.2771494117704613e-2
info: ISSUE079_CREEP_TRACE stage=post_ingress hour=153 l0=2.9074026051481706e-3 l1=4.016035066031567e-3 l2=1.4085262679611396e-2 l3=1.4273395013439345e-2 l4=1.4511860800970082e-2 l5=1.4717780412268427e-2 l6=2.2771494117704613e-2
info: ISSUE079_CREEP_TRACE stage=pre_ingress hour=153 dt_hours=2.5e-1 matrix_rate_m3_per_h=0e0 macro_rate_m3_per_h=0e0 l0=2.915185588829363e-3 l1=4.025353774310761e-3 l2=1.4095280228528418e-2 l3=1.4274668750795036e-2 l4=1.4511669846546801e-2 l5=1.471735477392885e-2 l6=2.2770916362635663e-2
info: ISSUE079_CREEP_TRACE stage=post_ingress hour=153 l0=2.915185588829363e-3 l1=4.025353774310761e-3 l2=1.4095280228528418e-2 l3=1.4274668750795036e-2 l4=1.4511669846546801e-2 l5=1.471735477392885e-2 l6=2.2770916362635663e-2
info: ISSUE079_CREEP_TRACE stage=pre_ingress hour=153 dt_hours=2.5e-1 matrix_rate_m3_per_h=0e0 macro_rate_m3_per_h=0e0 l0=2.9227800310017266e-3 l1=4.034551153515708e-3 l2=1.4105289533764838e-2 l3=1.427599017357967e-2 l4=1.4511494679609842e-2 l5=1.4716933034049662e-2 l6=2.2770338944827367e-2
info: ISSUE079_CREEP_TRACE stage=post_ingress hour=153 l0=2.9227800310017266e-3 l1=4.034551153515708e-3 l2=1.4105289533764838e-2 l3=1.427599017357967e-2 l4=1.4511494679609842e-2 l5=1.4716933034049662e-2 l6=2.2770338944827367e-2
error: TEMP_DIAGNOSTIC n_ledger[init]: cells.len=1
error: TEMP_DIAGNOSTIC n_ledger[init]: cells.len=1
info: ISSUE079_CREEP_TRACE stage=pre_ingress hour=154 dt_hours=2.5e-1 matrix_rate_m3_per_h=0e0 macro_rate_m3_per_h=0e0 l0=2.932195472095598e-3 l1=4.043755401080523e-3 l2=1.4115349765613908e-2 l3=1.4277420035832896e-2 l4=1.451138298014968e-2 l5=1.47166023740332e-2 l6=2.2769950593011196e-2
info: ISSUE079_CREEP_TRACE stage=post_ingress hour=154 l0=2.932195472095598e-3 l1=4.043755401080523e-3 l2=1.4115349765613908e-2 l3=1.4277420035832896e-2 l4=1.451138298014968e-2 l5=1.47166023740332e-2 l6=2.2769950593011196e-2
info: ISSUE079_CREEP_TRACE stage=pre_ingress hour=154 dt_hours=2.5e-1 matrix_rate_m3_per_h=0e0 macro_rate_m3_per_h=0e0 l0=2.9394042281585438e-3 l1=4.052710628863495e-3 l2=1.412536285777362e-2 l3=1.4278838356655653e-2 l4=1.4511240469463251e-2 l5=1.4716188814551551e-2 l6=2.2769373431533162e-2
info: ISSUE079_CREEP_TRACE stage=post_ingress hour=154 l0=2.9394042281585438e-3 l1=4.052710628863495e-3 l2=1.412536285777362e-2 l3=1.4278838356655653e-2 l4=1.4511240469463251e-2 l5=1.4716188814551551e-2 l6=2.2769373431533162e-2
info: ISSUE079_CREEP_TRACE stage=pre_ingress hour=154 dt_hours=2.5e-1 matrix_rate_m3_per_h=0e0 macro_rate_m3_per_h=0e0 l0=2.946447572081797e-3 l1=4.061511336346155e-3 l2=1.413536223771766e-2 l3=1.4280306297408106e-2 l4=1.451111447935202e-2 l5=1.4715779627672763e-2 l6=2.276879666322014e-2
info: ISSUE079_CREEP_TRACE stage=post_ingress hour=154 l0=2.946447572081797e-3 l1=4.061511336346155e-3 l2=1.413536223771766e-2 l3=1.4280306297408106e-2 l4=1.451111447935202e-2 l5=1.4715779627672763e-2 l6=2.276879666322014e-2
info: ISSUE079_CREEP_TRACE stage=pre_ingress hour=154 dt_hours=2.5e-1 matrix_rate_m3_per_h=0e0 macro_rate_m3_per_h=0e0 l0=2.953327774369866e-3 l1=4.070152072094434e-3 l2=1.4145358163145013e-2 l3=1.4281824376197468e-2 l4=1.4511005268439233e-2 l5=1.4715374970832496e-2 l6=2.276822030717485e-2
info: ISSUE079_CREEP_TRACE stage=post_ingress hour=154 l0=2.953327774369866e-3 l1=4.070152072094434e-3 l2=1.4145358163145013e-2 l3=1.4281824376197468e-2 l4=1.4511005268439233e-2 l5=1.4715374970832496e-2 l6=2.276822030717485e-2
error: TEMP_DIAGNOSTIC n_ledger[init]: cells.len=1
error: TEMP_DIAGNOSTIC n_ledger[init]: cells.len=1
info: ISSUE079_CREEP_TRACE stage=pre_ingress hour=155 dt_hours=2.5e-1 matrix_rate_m3_per_h=0e0 macro_rate_m3_per_h=0e0 l0=2.9620341486204134e-3 l1=4.078756627345174e-3 l2=1.4155407691894443e-2 l3=1.4283460875313691e-2 l4=1.4510968948558833e-2 l5=1.4715063018734409e-2 l6=2.2767834524456562e-2
info: ISSUE079_CREEP_TRACE stage=post_ingress hour=155 l0=2.9620341486204134e-3 l1=4.078756627345174e-3 l2=1.4155407691894443e-2 l3=1.4283460875313691e-2 l4=1.4510968948558833e-2 l5=1.4715063018734409e-2 l6=2.2767834524456562e-2
info: ISSUE079_CREEP_TRACE stage=pre_ingress hour=155 dt_hours=2.5e-1 matrix_rate_m3_per_h=0e0 macro_rate_m3_per_h=0e0 l0=2.9685759950847774e-3 l1=4.087099908323968e-3 l2=1.4165409524111012e-2 l3=1.428508075308159e-2 l4=1.4510894421664604e-2 l5=1.4714667810124869e-2 l6=2.27672585852104e-2
info: ISSUE079_CREEP_TRACE stage=post_ingress hour=155 l0=2.9685759950847774e-3 l1=4.087099908323968e-3 l2=1.4165409524111012e-2 l3=1.428508075308159e-2 l4=1.4510894421664604e-2 l5=1.4714667810124869e-2 l6=2.27672585852104e-2
info: ISSUE079_CREEP_TRACE stage=pre_ingress hour=155 dt_hours=2.5e-1 matrix_rate_m3_per_h=0e0 macro_rate_m3_per_h=0e0 l0=2.974980381568013e-3 l1=4.095266647959321e-3 l2=1.4175395725099292e-2 l3=1.4286752671349637e-2 l4=1.4510837462919993e-2 l5=1.4714277613703848e-2 l6=2.276668312096037e-2
info: ISSUE079_CREEP_TRACE stage=post_ingress hour=155 l0=2.974980381568013e-3 l1=4.095266647959321e-3 l2=1.4175395725099292e-2 l3=1.4286752671349637e-2 l4=1.4510837462919993e-2 l5=1.4714277613703848e-2 l6=2.276668312096037e-2
info: ISSUE079_CREEP_TRACE stage=pre_ingress hour=155 dt_hours=2.5e-1 matrix_rate_m3_per_h=0e0 macro_rate_m3_per_h=0e0 l0=2.981252153887577e-3 l1=4.1032576433047184e-3 l2=1.4185374361322067e-2 l3=1.4288477087510687e-2 l4=1.4510798347998304e-2 l5=1.4713892590092191e-2 l6=2.2766108153094974e-2
info: ISSUE079_CREEP_TRACE stage=post_ingress hour=155 l0=2.981252153887577e-3 l1=4.1032576433047184e-3 l2=1.4185374361322067e-2 l3=1.4288477087510687e-2 l4=1.4510798347998304e-2 l5=1.4713892590092191e-2 l6=2.2766108153094974e-2
error: TEMP_DIAGNOSTIC n_ledger[init]: cells.len=1
error: TEMP_DIAGNOSTIC n_ledger[init]: cells.len=1
info: ISSUE079_CREEP_TRACE stage=pre_ingress hour=156 dt_hours=2.5e-1 matrix_rate_m3_per_h=0e0 macro_rate_m3_per_h=0e0 l0=2.9893556754415638e-3 l1=4.111191307386593e-3 l2=1.4195398971044952e-2 l3=1.4290326570912398e-2 l4=1.451084169624575e-2 l5=1.4713609365228818e-2 l6=2.2765724315980798e-2
info: ISSUE079_CREEP_TRACE stage=post_ingress hour=156 l0=2.9893556754415638e-3 l1=4.111191307386593e-3 l2=1.4195398971044952e-2 l3=1.4290326570912398e-2 l4=1.451084169624575e-2 l5=1.4713609365228818e-2 l6=2.2765724315980798e-2
info: ISSUE079_CREEP_TRACE stage=pre_ingress hour=156 dt_hours=2.5e-1 matrix_rate_m3_per_h=0e0 macro_rate_m3_per_h=0e0 l0=2.9953400021942617e-3 l1=4.11887422466036e-3 l2=1.4205370104612437e-2 l3=1.4292157246385238e-2 l4=1.4510839428109096e-2 l5=1.4713235081068175e-2 l6=2.2765149944711287e-2
info: ISSUE079_CREEP_TRACE stage=post_ingress hour=156 l0=2.9953400021942617e-3 l1=4.11887422466036e-3 l2=1.4205370104612437e-2 l3=1.4292157246385238e-2 l4=1.4510839428109096e-2 l5=1.4713235081068175e-2 l6=2.2765149944711287e-2
info: ISSUE079_CREEP_TRACE stage=pre_ingress hour=156 dt_hours=2.5e-1 matrix_rate_m3_per_h=0e0 macro_rate_m3_per_h=0e0 l0=3.0012118140463817e-3 l1=4.126379312020375e-3 l2=1.4215317356475904e-2 l3=1.4294042045221996e-2 l4=1.4510855836406825e-2 l5=1.4712866462490825e-2 l6=2.27645761393866e-2
info: ISSUE079_CREEP_TRACE stage=post_ingress hour=156 l0=3.0012118140463817e-3 l1=4.126379312020375e-3 l2=1.4215317356475904e-2 l3=1.4294042045221996e-2 l4=1.4510855836406825e-2 l5=1.4712866462490825e-2 l6=2.27645761393866e-2
info: ISSUE079_CREEP_TRACE stage=pre_ingress hour=156 dt_hours=2.5e-1 matrix_rate_m3_per_h=0e0 macro_rate_m3_per_h=0e0 l0=3.006971596639518e-3 l1=4.133711902515459e-3 l2=1.4225247515981329e-2 l3=1.4295981293626229e-2 l4=1.4510891208175277e-2 l5=1.4712503673991175e-2 l6=2.2764002923694418e-2
info: ISSUE079_CREEP_TRACE stage=post_ingress hour=156 l0=3.006971596639518e-3 l1=4.133711902515459e-3 l2=1.4225247515981329e-2 l3=1.4295981293626229e-2 l4=1.4510891208175277e-2 l5=1.4712503673991175e-2 l6=2.2764002923694418e-2
error: TEMP_DIAGNOSTIC n_ledger[init]: cells.len=1
error: TEMP_DIAGNOSTIC n_ledger[init]: cells.len=1
info: ISSUE079_CREEP_TRACE stage=pre_ingress hour=157 dt_hours=2.5e-1 matrix_rate_m3_per_h=0e0 macro_rate_m3_per_h=0e0 l0=3.014555048182252e-3 l1=4.140981109795634e-3 l2=1.4235210844366915e-2 l3=1.4298049214596601e-2 l4=1.4511015499132205e-2 l5=1.471225173135707e-2 l6=2.276362904736732e-2
info: ISSUE079_CREEP_TRACE stage=post_ingress hour=157 l0=3.014555048182252e-3 l1=4.140981109795634e-3 l2=1.4235210844366915e-2 l3=1.4298049214596601e-2 l4=1.4511015499132205e-2 l5=1.471225173135707e-2 l6=2.276362904736732e-2
info: ISSUE079_CREEP_TRACE stage=pre_ingress hour=157 dt_hours=2.5e-1 matrix_rate_m3_per_h=0e0 macro_rate_m3_per_h=0e0 l0=3.020056094281844e-3 l1=4.148024676549834e-3 l2=1.4245111989716362e-2 l3=1.4300098179113289e-2 l4=1.4511089969478344e-2 l5=1.4711901004519648e-2 l6=2.276305662681618e-2
info: ISSUE079_CREEP_TRACE stage=post_ingress hour=157 l0=3.020056094281844e-3 l1=4.148024676549834e-3 l2=1.4245111989716362e-2 l3=1.4300098179113289e-2 l4=1.4511089969478344e-2 l5=1.4711901004519648e-2 l6=2.276305662681618e-2
info: ISSUE079_CREEP_TRACE stage=pre_ingress hour=157 dt_hours=2.5e-1 matrix_rate_m3_per_h=0e0 macro_rate_m3_per_h=0e0 l0=3.0254606740888782e-3 l1=4.15489994014701e-3 l2=1.4254978244991726e-2 l3=1.4302202769768131e-2 l4=1.4511184258981345e-2 l5=1.4711556612567598e-2 l6=2.2762484872342628e-2
info: ISSUE079_CREEP_TRACE stage=post_ingress hour=157 l0=3.0254606740888782e-3 l1=4.15489994014701e-3 l2=1.4254978244991726e-2 l3=1.4302202769768131e-2 l4=1.4511184258981345e-2 l5=1.4711556612567598e-2 l6=2.2762484872342628e-2
info: ISSUE079_CREEP_TRACE stage=pre_ingress hour=157 dt_hours=2.5e-1 matrix_rate_m3_per_h=0e0 macro_rate_m3_per_h=0e0 l0=3.030768943516544e-3 l1=4.161614531424747e-3 l2=1.4264815802334817e-2 l3=1.430436313814459e-2 l4=1.45112986583091e-2 l5=1.4711218724124299e-2 l6=2.2761913809954945e-2
info: ISSUE079_CREEP_TRACE stage=post_ingress hour=157 l0=3.030768943516544e-3 l1=4.161614531424747e-3 l2=1.4264815802334817e-2 l3=1.430436313814459e-2 l4=1.45112986583091e-2 l5=1.4711218724124299e-2 l6=2.2761913809954945e-2
error: TEMP_DIAGNOSTIC n_ledger[init]: cells.len=1
error: TEMP_DIAGNOSTIC n_ledger[init]: cells.len=1
info: ISSUE079_CREEP_TRACE stage=pre_ingress hour=158 dt_hours=2.5e-1 matrix_rate_m3_per_h=0e0 macro_rate_m3_per_h=0e0 l0=3.037889362596893e-3 l1=4.16826651610099e-3 l2=1.4274670366380277e-2 l3=1.430665400265116e-2 l4=1.4511505870681372e-2 l5=1.4710997387239091e-2 l6=2.276154986798809e-2
info: ISSUE079_CREEP_TRACE stage=post_ingress hour=158 l0=3.037889362596893e-3 l1=4.16826651610099e-3 l2=1.4274670366380277e-2 l3=1.430665400265116e-2 l4=1.4511505870681372e-2 l5=1.4710997387239091e-2 l6=2.276154986798809e-2
info: ISSUE079_CREEP_TRACE stage=pre_ingress hour=158 dt_hours=2.5e-1 matrix_rate_m3_per_h=0e0 macro_rate_m3_per_h=0e0 l0=3.042962029481517e-3 l1=4.174723279810477e-3 l2=1.4284455119042644e-2 l3=1.4308926188701858e-2 l4=1.4511661647929448e-2 l5=1.471067291552071e-2 l6=2.2760979819506734e-2
info: ISSUE079_CREEP_TRACE stage=post_ingress hour=158 l0=3.042962029481517e-3 l1=4.174723279810477e-3 l2=1.4284455119042644e-2 l3=1.4308926188701858e-2 l4=1.4511661647929448e-2 l5=1.471067291552071e-2 l6=2.2760979819506734e-2
info: ISSUE079_CREEP_TRACE stage=pre_ingress hour=158 dt_hours=2.5e-1 matrix_rate_m3_per_h=0e0 macro_rate_m3_per_h=0e0 l0=3.0479511022335664e-3 l1=4.181025437286759e-3 l2=1.4294193698672502e-2 l3=1.4311254785030293e-2 l4=1.4511838389163957e-2 l5=1.471035546419852e-2 l6=2.2760410546500312e-2
info: ISSUE079_CREEP_TRACE stage=post_ingress hour=158 l0=3.0479511022335664e-3 l1=4.181025437286759e-3 l2=1.4294193698672502e-2 l3=1.4311254785030293e-2 l4=1.4511838389163957e-2 l5=1.471035546419852e-2 l6=2.2760410546500312e-2
info: ISSUE079_CREEP_TRACE stage=pre_ingress hour=158 dt_hours=2.5e-1 matrix_rate_m3_per_h=0e0 macro_rate_m3_per_h=0e0 l0=3.052855719880655e-3 l1=4.187181749682423e-3 l2=1.430389214211349e-2 l3=1.4313639748809408e-2 l4=1.4512036380249284e-2 l5=1.471004520581574e-2 l6=2.275984207731956e-2
info: ISSUE079_CREEP_TRACE stage=post_ingress hour=158 l0=3.052855719880655e-3 l1=4.187181749682423e-3 l2=1.430389214211349e-2 l3=1.4313639748809408e-2 l4=1.4512036380249284e-2 l5=1.471004520581574e-2 l6=2.275984207731956e-2
error: TEMP_DIAGNOSTIC n_ledger[init]: cells.len=1
error: TEMP_DIAGNOSTIC n_ledger[init]: cells.len=1
info: ISSUE079_CREEP_TRACE stage=pre_ingress hour=159 dt_hours=2.5e-1 matrix_rate_m3_per_h=0e0 macro_rate_m3_per_h=0e0 l0=3.059555984722599e-3 l1=4.193280741521788e-3 l2=1.4313591096891813e-2 l3=1.4316153916001701e-2 l4=1.451232994358822e-2 l5=1.4709854505257774e-2 l6=2.2759484672586275e-2
info: ISSUE079_CREEP_TRACE stage=post_ingress hour=159 l0=3.059555984722599e-3 l1=4.193280741521788e-3 l2=1.4313591096891813e-2 l3=1.4316153916001701e-2 l4=1.451232994358822e-2 l5=1.4709854505257774e-2 l6=2.2759484672586275e-2
info: ISSUE079_CREEP_TRACE stage=pre_ingress hour=159 dt_hours=2.5e-1 matrix_rate_m3_per_h=0e0 macro_rate_m3_per_h=0e0 l0=3.0642431011741566e-3 l1=4.199212823631074e-3 l2=1.4323214872036732e-2 l3=1.4318651284366393e-2 l4=1.4512571552617962e-2 l5=1.4709559049286194e-2 l6=2.275891745658198e-2
info: ISSUE079_CREEP_TRACE stage=post_ingress hour=159 l0=3.0642431011741566e-3 l1=4.199212823631074e-3 l2=1.4323214872036732e-2 l3=1.4318651284366393e-2 l4=1.4512571552617962e-2 l5=1.4709559049286194e-2 l6=2.275891745658198e-2
info: ISSUE079_CREEP_TRACE stage=pre_ingress hour=159 dt_hours=2.5e-1 matrix_rate_m3_per_h=0e0 macro_rate_m3_per_h=0e0 l0=3.068857817945386e-3 l1=4.205004142974723e-3 l2=1.4332782566561262e-2 l3=1.4321205082488589e-2 l4=1.4512835239132297e-2 l5=1.4709271313921241e-2 l6=2.27583511347835e-2
info: ISSUE079_CREEP_TRACE stage=post_ingress hour=159 l0=3.068857817945386e-3 l1=4.205004142974723e-3 l2=1.4332782566561262e-2 l3=1.4321205082488589e-2 l4=1.4512835239132297e-2 l5=1.4709271313921241e-2 l6=2.27583511347835e-2
info: ISSUE079_CREEP_TRACE stage=pre_ingress hour=159 dt_hours=2.5e-1 matrix_rate_m3_per_h=0e0 macro_rate_m3_per_h=0e0 l0=3.073394890581685e-3 l1=4.210664086061638e-3 l2=1.4342300246080235e-2 l3=1.4323815073443333e-2 l4=1.4513121276125791e-2 l5=1.4708991474987103e-2 l6=2.2757785737898984e-2
info: ISSUE079_CREEP_TRACE stage=post_ingress hour=159 l0=3.073394890581685e-3 l1=4.210664086061638e-3 l2=1.4342300246080235e-2 l3=1.4323815073443333e-2 l4=1.4513121276125791e-2 l5=1.4708991474987103e-2 l6=2.2757785737898984e-2
error: TEMP_DIAGNOSTIC n_ledger[init]: cells.len=1
error: TEMP_DIAGNOSTIC n_ledger[init]: cells.len=1
info: ISSUE079_CREEP_TRACE stage=pre_ingress hour=160 dt_hours=2.5e-1 matrix_rate_m3_per_h=0e0 macro_rate_m3_per_h=0e0 l0=3.079703840682137e-3 l1=4.216271790767923e-3 l2=1.4351804638038685e-2 l3=1.4326550663219497e-2 l4=1.4513503210218869e-2 l5=1.4708833021319166e-2 l6=2.2757432307317037e-2
info: ISSUE079_CREEP_TRACE stage=post_ingress hour=160 l0=3.079703840682137e-3 l1=4.216271790767923e-3 l2=1.4351804638038685e-2 l3=1.4326550663219497e-2 l4=1.4513503210218869e-2 l5=1.4708833021319166e-2 l6=2.2757432307317037e-2
info: ISSUE079_CREEP_TRACE stage=pre_ingress hour=160 dt_hours=2.5e-1 matrix_rate_m3_per_h=0e0 macro_rate_m3_per_h=0e0 l0=3.084031164308824e-3 l1=4.221737150141669e-3 l2=1.436122836667981e-2 l3=1.4329272124294253e-2 l4=1.4513835002071332e-2 l5=1.4708569395835343e-2 l6=2.2756868422783284e-2
info: ISSUE079_CREEP_TRACE stage=post_ingress hour=160 l0=3.084031164308824e-3 l1=4.221737150141669e-3 l2=1.436122836667981e-2 l3=1.4329272124294253e-2 l4=1.4513835002071332e-2 l5=1.4708569395835343e-2 l6=2.2756868422783284e-2
info: ISSUE079_CREEP_TRACE stage=pre_ingress hour=160 dt_hours=2.5e-1 matrix_rate_m3_per_h=0e0 macro_rate_m3_per_h=0e0 l0=3.0882936593705093e-3 l1=4.22707266289362e-3 l2=1.437058750076612e-2 l3=1.4332049275367544e-2 l4=1.4514189922360822e-2 l5=1.4708314202749167e-2 l6=2.275630556055428e-2
info: ISSUE079_CREEP_TRACE stage=post_ingress hour=160 l0=3.0882936593705093e-3 l1=4.22707266289362e-3 l2=1.437058750076612e-2 l3=1.4332049275367544e-2 l4=1.4514189922360822e-2 l5=1.4708314202749167e-2 l6=2.275630556055428e-2
info: ISSUE079_CREEP_TRACE stage=pre_ingress hour=160 dt_hours=2.5e-1 matrix_rate_m3_per_h=0e0 macro_rate_m3_per_h=0e0 l0=3.0924916185686552e-3 l1=4.232288100523462e-3 l2=1.4379888117376026e-2 l3=1.4334881689271696e-2 l4=1.4514568223813284e-2 l5=1.4708067620163513e-2 l6=2.275574375369773e-2
info: ISSUE079_CREEP_TRACE stage=post_ingress hour=160 l0=3.0924916185686552e-3 l1=4.232288100523462e-3 l2=1.4379888117376026e-2 l3=1.4334881689271696e-2 l4=1.4514568223813284e-2 l5=1.4708067620163513e-2 l6=2.275574375369773e-2
error: TEMP_DIAGNOSTIC n_ledger[init]: cells.len=1
error: TEMP_DIAGNOSTIC n_ledger[init]: cells.len=1
info: ISSUE079_CREEP_TRACE stage=pre_ingress hour=161 dt_hours=2.5e-1 matrix_rate_m3_per_h=0e0 macro_rate_m3_per_h=0e0 l0=3.098445746164642e-3 l1=4.237456049703156e-3 l2=1.43891633798368e-2 l3=1.433783642473174e-2 l4=1.4515041101084373e-2 l5=1.4707941800110197e-2 l6=2.2755393451990465e-2
info: ISSUE079_CREEP_TRACE stage=post_ingress hour=161 l0=3.098445746164642e-3 l1=4.237456049703156e-3 l2=1.43891633798368e-2 l3=1.433783642473174e-2 l4=1.4515041101084373e-2 l5=1.4707941800110197e-2 l6=2.2755393451990465e-2
info: ISSUE079_CREEP_TRACE stage=pre_ingress hour=161 dt_hours=2.5e-1 matrix_rate_m3_per_h=0e0 macro_rate_m3_per_h=0e0 l0=3.1024576755442857e-3 l1=4.2425041548377895e-3 l2=1.4398354142764934e-2 l3=1.4340777883849586e-2 l4=1.4515467132591976e-2 l5=1.4707712859882807e-2 l6=2.2754833435928736e-2
info: ISSUE079_CREEP_TRACE stage=post_ingress hour=161 l0=3.1024576755442857e-3 l1=4.2425041548377895e-3 l2=1.4398354142764934e-2 l3=1.4340777883849586e-2 l4=1.4515467132591976e-2 l5=1.4707712859882807e-2 l6=2.2754833435928736e-2
info: ISSUE079_CREEP_TRACE stage=pre_ingress hour=161 dt_hours=2.5e-1 matrix_rate_m3_per_h=0e0 macro_rate_m3_per_h=0e0 l0=3.1064136673796994e-3 l1=4.247433930487327e-3 l2=1.4407473724533057e-2 l3=1.4343773565365921e-2 l4=1.4515917252617212e-2 l5=1.4707493070945255e-2 l6=2.2754274579618913e-2
info: ISSUE079_CREEP_TRACE stage=post_ingress hour=161 l0=3.1064136673796994e-3 l1=4.247433930487327e-3 l2=1.4407473724533057e-2 l3=1.4343773565365921e-2 l4=1.4515917252617212e-2 l5=1.4707493070945255e-2 l6=2.2754274579618913e-2
info: ISSUE079_CREEP_TRACE stage=pre_ingress hour=161 dt_hours=2.5e-1 matrix_rate_m3_per_h=0e0 macro_rate_m3_per_h=0e0 l0=3.1103083441557824e-3 l1=4.2522554241457775e-3 l2=1.4416528403342843e-2 l3=1.4346822869116512e-2 l4=1.451639168720102e-2 l5=1.470728261238281e-2 l6=2.2753716918472507e-2
info: ISSUE079_CREEP_TRACE stage=post_ingress hour=161 l0=3.1103083441557824e-3 l1=4.2522554241457775e-3 l2=1.4416528403342843e-2 l3=1.4346822869116512e-2 l4=1.451639168720102e-2 l5=1.470728261238281e-2 l6=2.2753716918472507e-2
error: TEMP_DIAGNOSTIC n_ledger[init]: cells.len=1
error: TEMP_DIAGNOSTIC n_ledger[init]: cells.len=1
info: ISSUE079_CREEP_TRACE stage=pre_ingress hour=162 dt_hours=2.5e-1 matrix_rate_m3_per_h=0e0 macro_rate_m3_per_h=0e0 l0=3.1159295876320137e-3 l1=4.257034005905744e-3 l2=1.442554842451652e-2 l3=1.4349990231055017e-2 l4=1.4516960361995459e-2 l5=1.4707190708178884e-2 l6=2.275336767678328e-2
info: ISSUE079_CREEP_TRACE stage=post_ingress hour=162 l0=3.1159295876320137e-3 l1=4.257034005905744e-3 l2=1.442554842451652e-2 l3=1.4349990231055017e-2 l4=1.4516960361995459e-2 l5=1.4707190708178884e-2 l6=2.275336767678328e-2
info: ISSUE079_CREEP_TRACE stage=pre_ingress hour=162 dt_hours=2.5e-1 matrix_rate_m3_per_h=0e0 macro_rate_m3_per_h=0e0 l0=3.1196399683512304e-3 l1=4.261710400440082e-3 l2=1.4434481685374959e-2 l3=1.4353144797983204e-2 l4=1.4517484289096652e-2 l5=1.4706999328527455e-2 l6=2.2752812103711446e-2
info: ISSUE079_CREEP_TRACE stage=post_ingress hour=162 l0=3.1196399683512304e-3 l1=4.261710400440082e-3 l2=1.4434481685374959e-2 l3=1.4353144797983204e-2 l4=1.4517484289096652e-2 l5=1.4706999328527455e-2 l6=2.2752812103711446e-2
info: ISSUE079_CREEP_TRACE stage=pre_ingress hour=162 dt_hours=2.5e-1 matrix_rate_m3_per_h=0e0 macro_rate_m3_per_h=0e0 l0=3.123274890767765e-3 l1=4.266275452845393e-3 l2=1.4443339048548186e-2 l3=1.4356351472260031e-2 l4=1.4518033150319567e-2 l5=1.470681782063111e-2 l6=2.2752257837092414e-2
info: ISSUE079_CREEP_TRACE stage=post_ingress hour=162 l0=3.123274890767765e-3 l1=4.266275452845393e-3 l2=1.4443339048548186e-2 l3=1.4356351472260031e-2 l4=1.4518033150319567e-2 l5=1.470681782063111e-2 l6=2.2752257837092414e-2
info: ISSUE079_CREEP_TRACE stage=pre_ingress hour=162 dt_hours=2.5e-1 matrix_rate_m3_per_h=0e0 macro_rate_m3_per_h=0e0 l0=3.1268203275683563e-3 l1=4.270735207720628e-3 l2=1.4452126435807794e-2 l3=1.4359609498432764e-2 l4=1.4518607139885857e-2 l5=1.4706646363055367e-2 l6=2.2751704914644438e-2
info: ISSUE079_CREEP_TRACE stage=post_ingress hour=162 l0=3.1268203275683563e-3 l1=4.270735207720628e-3 l2=1.4452126435807794e-2 l3=1.4359609498432764e-2 l4=1.4518607139885857e-2 l5=1.4706646363055367e-2 l6=2.2751704914644438e-2
error: TEMP_DIAGNOSTIC n_ledger[init]: cells.len=1
error: TEMP_DIAGNOSTIC n_ledger[init]: cells.len=1
info: ISSUE079_CREEP_TRACE stage=pre_ingress hour=163 dt_hours=2.5e-1 matrix_rate_m3_per_h=0e0 macro_rate_m3_per_h=0e0 l0=3.1320408607136115e-3 l1=4.275143593069126e-3 l2=1.4460870572520119e-2 l3=1.4362980871152382e-2 l4=1.4519274599774886e-2 l5=1.470659238144868e-2 l6=2.275135570161844e-2
info: ISSUE079_CREEP_TRACE stage=post_ingress hour=163 l0=3.1320408607136115e-3 l1=4.275143593069126e-3 l2=1.4460870572520119e-2 l3=1.4362980871152382e-2 l4=1.4519274599774886e-2 l5=1.470659238144868e-2 l6=2.275135570161844e-2
info: ISSUE079_CREEP_TRACE stage=pre_ingress hour=163 dt_hours=2.5e-1 matrix_rate_m3_per_h=0e0 macro_rate_m3_per_h=0e0 l0=3.1353663397652907e-3 l1=4.279452925204349e-3 l2=1.4469524326840521e-2 l3=1.4366339130705086e-2 l4=1.451989959061879e-2 l5=1.470644143452694e-2 l6=2.275080518264934e-2
info: ISSUE079_CREEP_TRACE stage=post_ingress hour=163 l0=3.1353663397652907e-3 l1=4.279452925204349e-3 l2=1.4469524326840521e-2 l3=1.4366339130705086e-2 l4=1.451989959061879e-2 l5=1.470644143452694e-2 l6=2.275080518264934e-2
info: ISSUE079_CREEP_TRACE stage=pre_ingress hour=163 dt_hours=2.5e-1 matrix_rate_m3_per_h=0e0 macro_rate_m3_per_h=0e0 l0=3.138611054031654e-3 l1=4.283643886842547e-3 l2=1.4478095123700912e-2 l3=1.436974672937353e-2 l4=1.4520550226121347e-2 l5=1.4706301075144581e-2 l6=2.2750256125904346e-2
info: ISSUE079_CREEP_TRACE stage=post_ingress hour=163 l0=3.138611054031654e-3 l1=4.283643886842547e-3 l2=1.4478095123700912e-2 l3=1.436974672937353e-2 l4=1.4520550226121347e-2 l5=1.4706301075144581e-2 l6=2.2750256125904346e-2
info: ISSUE079_CREEP_TRACE stage=pre_ingress hour=163 dt_hours=2.5e-1 matrix_rate_m3_per_h=0e0 macro_rate_m3_per_h=0e0 l0=3.141767895040803e-3 l1=4.29031742250545e-3 l2=1.4475267391379443e-2 l3=1.4373202714714673e-2 l4=1.4521226662761727e-2 l5=1.4706171479659632e-2 l6=2.2749708571347258e-2
info: ISSUE079_CREEP_TRACE stage=post_ingress hour=163 l0=3.141767895040803e-3 l1=4.29031742250545e-3 l2=1.4475267391379443e-2 l3=1.4373202714714673e-2 l4=1.4521226662761727e-2 l5=1.4706171479659632e-2 l6=2.2749708571347258e-2
error: TEMP_DIAGNOSTIC n_ledger[init]: cells.len=1
error: TEMP_DIAGNOSTIC n_ledger[init]: cells.len=1
info: ISSUE079_CREEP_TRACE stage=pre_ingress hour=164 dt_hours=2.5e-1 matrix_rate_m3_per_h=0e0 macro_rate_m3_per_h=0e0 l0=3.1464700216434654e-3 l1=4.298007128344455e-3 l2=1.4471912358709165e-2 l3=1.4376604380678483e-2 l4=1.4521993626066211e-2 l5=1.4706157932750976e-2 l6=2.2749361265942146e-2
info: ISSUE079_CREEP_TRACE stage=post_ingress hour=164 l0=3.1464700216434654e-3 l1=4.298007128344455e-3 l2=1.4471912358709165e-2 l3=1.4376604380678483e-2 l4=1.4521993626066211e-2 l5=1.4706157932750976e-2 l6=2.2749361265942146e-2
info: ISSUE079_CREEP_TRACE stage=pre_ingress hour=164 dt_hours=2.5e-1 matrix_rate_m3_per_h=0e0 macro_rate_m3_per_h=0e0 l0=3.150272980328334e-3 l1=4.3061474830135595e-3 l2=1.446842580363984e-2 l3=1.4379817103780872e-2 l4=1.4522715600919072e-2 l5=1.4706050136653102e-2 l6=2.2748816449639005e-2
info: ISSUE079_CREEP_TRACE stage=post_ingress hour=164 l0=3.150272980328334e-3 l1=4.3061474830135595e-3 l2=1.446842580363984e-2 l3=1.4379817103780872e-2 l4=1.4522715600919072e-2 l5=1.4706050136653102e-2 l6=2.2748816449639005e-2
info: ISSUE079_CREEP_TRACE stage=pre_ingress hour=164 dt_hours=2.5e-1 matrix_rate_m3_per_h=0e0 macro_rate_m3_per_h=0e0 l0=3.154504614124354e-3 l1=4.314119205737028e-3 l2=1.4465484194654026e-2 l3=1.438291299511115e-2 l4=1.4523457198767572e-2 l5=1.4705953444304082e-2 l6=2.2748273262459307e-2
info: ISSUE079_CREEP_TRACE stage=post_ingress hour=164 l0=3.154504614124354e-3 l1=4.314119205737028e-3 l2=1.4465484194654026e-2 l3=1.438291299511115e-2 l4=1.4523457198767572e-2 l5=1.4705953444304082e-2 l6=2.2748273262459307e-2
info: ISSUE079_CREEP_TRACE stage=pre_ingress hour=164 dt_hours=2.5e-1 matrix_rate_m3_per_h=0e0 macro_rate_m3_per_h=0e0 l0=3.1590833201534745e-3 l1=4.321740269840007e-3 l2=1.446307431077706e-2 l3=1.4385902852074797e-2 l4=1.4524216653118083e-2 l5=1.470586790786865e-2 l6=2.2747731745787307e-2
info: ISSUE079_CREEP_TRACE stage=post_ingress hour=164 l0=3.1590833201534745e-3 l1=4.321740269840007e-3 l2=1.446307431077706e-2 l3=1.4385902852074797e-2 l4=1.4524216653118083e-2 l5=1.470586790786865e-2 l6=2.2747731745787307e-2
error: TEMP_DIAGNOSTIC n_ledger[init]: cells.len=1
error: TEMP_DIAGNOSTIC n_ledger[init]: cells.len=1
info: ISSUE079_CREEP_TRACE stage=pre_ingress hour=165 dt_hours=2.5e-1 matrix_rate_m3_per_h=0e0 macro_rate_m3_per_h=0e0 l0=3.1648588194303304e-3 l1=4.328532465073554e-3 l2=1.4461749065083254e-2 l3=1.4389492227177714e-2 l4=1.452505773939617e-2 l5=1.4705896755988879e-2 l6=2.2747386732155577e-2
info: ISSUE079_CREEP_TRACE stage=post_ingress hour=165 l0=3.1648588194303304e-3 l1=4.328532465073554e-3 l2=1.4461749065083254e-2 l3=1.4389492227177714e-2 l4=1.452505773939617e-2 l5=1.4705896755988879e-2 l6=2.2747386732155577e-2
info: ISSUE079_CREEP_TRACE stage=pre_ingress hour=165 dt_hours=2.5e-1 matrix_rate_m3_per_h=0e0 macro_rate_m3_per_h=0e0 l0=3.1697605222312706e-3 l1=4.335354432870913e-3 l2=1.4460334917693732e-2 l3=1.4392299592715452e-2 l4=1.4525848535229051e-2 l5=1.4705833460817165e-2 l6=2.274684829654327e-2
info: ISSUE079_CREEP_TRACE stage=post_ingress hour=165 l0=3.1697605222312706e-3 l1=4.335354432870913e-3 l2=1.4460334917693732e-2 l3=1.4392299592715452e-2 l4=1.4525848535229051e-2 l5=1.4705833460817165e-2 l6=2.274684829654327e-2
info: ISSUE079_CREEP_TRACE stage=pre_ingress hour=165 dt_hours=2.5e-1 matrix_rate_m3_per_h=0e0 macro_rate_m3_per_h=0e0 l0=3.1747104252695217e-3 l1=4.3417555318332355e-3 l2=1.4459381078359411e-2 l3=1.4395029516309513e-2 l4=1.4526652911060912e-2 l5=1.4705781349538472e-2 l6=2.2746311653940293e-2
info: ISSUE079_CREEP_TRACE stage=post_ingress hour=165 l0=3.1747104252695217e-3 l1=4.3417555318332355e-3 l2=1.4459381078359411e-2 l3=1.4395029516309513e-2 l4=1.4526652911060912e-2 l5=1.4705781349538472e-2 l6=2.2746311653940293e-2
info: ISSUE079_CREEP_TRACE stage=pre_ingress hour=165 dt_hours=2.5e-1 matrix_rate_m3_per_h=0e0 macro_rate_m3_per_h=0e0 l0=3.179624936380735e-3 l1=4.347774646133387e-3 l2=1.4458860793954472e-2 l3=1.4397690253208724e-2 l4=1.4527469750317929e-2 l5=1.4705740394960108e-2 l6=2.274577684399866e-2
info: ISSUE079_CREEP_TRACE stage=post_ingress hour=165 l0=3.179624936380735e-3 l1=4.347774646133387e-3 l2=1.4458860793954472e-2 l3=1.4397690253208724e-2 l4=1.4527469750317929e-2 l5=1.4705740394960108e-2 l6=2.274577684399866e-2
error: TEMP_DIAGNOSTIC n_ledger[init]: cells.len=1
error: TEMP_DIAGNOSTIC n_ledger[init]: cells.len=1
info: ISSUE079_CREEP_TRACE stage=pre_ingress hour=166 dt_hours=2.5e-1 matrix_rate_m3_per_h=0e0 macro_rate_m3_per_h=0e0 l0=3.1855256392128895e-3 l1=4.353326912895943e-3 l2=1.445833112631376e-2 l3=1.4400877244677068e-2 l4=1.4529005145101248e-2 l5=1.4705811805695851e-2 l6=2.274543499430405e-2
info: ISSUE079_CREEP_TRACE stage=post_ingress hour=166 l0=3.1855256392128895e-3 l1=4.353326912895943e-3 l2=1.445833112631376e-2 l3=1.4400877244677068e-2 l4=1.4529005145101248e-2 l5=1.4705811805695851e-2 l6=2.274543499430405e-2
info: ISSUE079_CREEP_TRACE stage=pre_ingress hour=166 dt_hours=2.5e-1 matrix_rate_m3_per_h=0e0 macro_rate_m3_per_h=0e0 l0=3.190157642886973e-3 l1=4.3587268224044564e-3 l2=1.445860397591795e-2 l3=1.4403421997574486e-2 l4=1.4529844194841733e-2 l5=1.4705792950227468e-2 l6=2.2744903594513532e-2
info: ISSUE079_CREEP_TRACE stage=post_ingress hour=166 l0=3.190157642886973e-3 l1=4.3587268224044564e-3 l2=1.445860397591795e-2 l3=1.4403421997574486e-2 l4=1.4529844194841733e-2 l5=1.4705792950227468e-2 l6=2.2744903594513532e-2
info: ISSUE079_CREEP_TRACE stage=pre_ingress hour=166 dt_hours=2.5e-1 matrix_rate_m3_per_h=0e0 macro_rate_m3_per_h=0e0 l0=3.194635648844912e-3 l1=4.363807135810594e-3 l2=1.445924015007648e-2 l3=1.440591899018826e-2 l4=1.4530693100492726e-2 l5=1.4705785098321425e-2 l6=2.2744374145681538e-2
info: ISSUE079_CREEP_TRACE stage=post_ingress hour=166 l0=3.194635648844912e-3 l1=4.363807135810594e-3 l2=1.445924015007648e-2 l3=1.440591899018826e-2 l4=1.4530693100492726e-2 l5=1.4705785098321425e-2 l6=2.2744374145681538e-2
info: ISSUE079_CREEP_TRACE stage=pre_ingress hour=166 dt_hours=2.5e-1 matrix_rate_m3_per_h=0e0 macro_rate_m3_per_h=0e0 l0=3.1989297523355043e-3 l1=4.368602115650093e-3 l2=1.4460216245979533e-2 l3=1.4408374342567741e-2 l4=1.4531551211382561e-2 l5=1.4705788180274971e-2 l6=2.274384668588974e-2
info: ISSUE079_CREEP_TRACE stage=post_ingress hour=166 l0=3.1989297523355043e-3 l1=4.368602115650093e-3 l2=1.4460216245979533e-2 l3=1.4408374342567741e-2 l4=1.4531551211382561e-2 l5=1.4705788180274971e-2 l6=2.274384668588974e-2
error: TEMP_DIAGNOSTIC n_ledger[init]: cells.len=1
error: TEMP_DIAGNOSTIC n_ledger[init]: cells.len=1
info: ISSUE079_CREEP_TRACE stage=pre_ingress hour=167 dt_hours=2.5e-1 matrix_rate_m3_per_h=0e0 macro_rate_m3_per_h=0e0 l0=3.2041466534292657e-3 l1=4.3730937327624755e-3 l2=1.4461391982657962e-2 l3=1.4410384334092323e-2 l4=1.4533014544752807e-2 l5=1.4706552379102249e-2 l6=2.2743508656022825e-2
info: ISSUE079_CREEP_TRACE stage=post_ingress hour=167 l0=3.2041466534292657e-3 l1=4.3730937327624755e-3 l2=1.4461391982657962e-2 l3=1.4410384334092323e-2 l4=1.4533014544752807e-2 l5=1.4706552379102249e-2 l6=2.2743508656022825e-2
info: ISSUE079_CREEP_TRACE stage=pre_ingress hour=167 dt_hours=2.5e-1 matrix_rate_m3_per_h=0e0 macro_rate_m3_per_h=0e0 l0=3.2079930323660267e-3 l1=4.377431775401113e-3 l2=1.4462984214454402e-2 l3=1.441277293122368e-2 l4=1.4533889641030093e-2 l5=1.470657693280495e-2 l6=2.2742984938975475e-2
info: ISSUE079_CREEP_TRACE stage=post_ingress hour=167 l0=3.2079930323660267e-3 l1=4.377431775401113e-3 l2=1.4462984214454402e-2 l3=1.441277293122368e-2 l4=1.4533889641030093e-2 l5=1.470657693280495e-2 l6=2.2742984938975475e-2
info: ISSUE079_CREEP_TRACE stage=pre_ingress hour=167 dt_hours=2.5e-1 matrix_rate_m3_per_h=0e0 macro_rate_m3_per_h=0e0 l0=3.2116671341073924e-3 l1=4.381509151980723e-3 l2=1.4464856361901736e-2 l3=1.4415135592638089e-2 l4=1.4534772508395436e-2 l5=1.4706612181122545e-2 l6=2.2742463323472396e-2
info: ISSUE079_CREEP_TRACE stage=post_ingress hour=167 l0=3.2116671341073924e-3 l1=4.381509151980723e-3 l2=1.4464856361901736e-2 l3=1.4415135592638089e-2 l4=1.4534772508395436e-2 l5=1.4706612181122545e-2 l6=2.2742463323472396e-2
info: ISSUE079_CREEP_TRACE stage=pre_ingress hour=167 dt_hours=2.5e-1 matrix_rate_m3_per_h=0e0 macro_rate_m3_per_h=0e0 l0=3.215162424525914e-3 l1=4.385359350846327e-3 l2=1.4466987624497276e-2 l3=1.4417476734994635e-2 l4=1.4535662819176507e-2 l5=1.4706658035877972e-2 l6=2.274194384566985e-2
info: ISSUE079_CREEP_TRACE stage=post_ingress hour=167 l0=3.215162424525914e-3 l1=4.385359350846327e-3 l2=1.4466987624497276e-2 l3=1.4417476734994635e-2 l4=1.4535662819176507e-2 l5=1.4706658035877972e-2 l6=2.274194384566985e-2
error: TEMP_DIAGNOSTIC n_ledger[init]: cells.len=1
error: TEMP_DIAGNOSTIC n_ledger[init]: cells.len=1
info: ISSUE079_CREEP_TRACE stage=pre_ingress hour=168 dt_hours=2.5e-1 matrix_rate_m3_per_h=0e0 macro_rate_m3_per_h=0e0 l0=3.219561329772079e-3 l1=4.389030516075119e-3 l2=1.4469324057215462e-2 l3=1.4419693440494425e-2 l4=1.453614912318315e-2 l5=1.4707339814607073e-2 l6=2.274228136915018e-2
info: ISSUE079_CREEP_TRACE stage=post_ingress hour=168 l0=3.219561329772079e-3 l1=4.389030516075119e-3 l2=1.4469324057215462e-2 l3=1.4419693440494425e-2 l4=1.453614912318315e-2 l5=1.4707339814607073e-2 l6=2.274228136915018e-2
info: ISSUE079_CREEP_TRACE stage=pre_ingress hour=168 dt_hours=2.5e-1 matrix_rate_m3_per_h=0e0 macro_rate_m3_per_h=0e0 l0=3.2226481601463075e-3 l1=4.392536967238242e-3 l2=1.447191881608583e-2 l3=1.4422003157364777e-2 l4=1.4537053804357183e-2 l5=1.4707406492381635e-2 l6=2.274176591613753e-2
info: ISSUE079_CREEP_TRACE stage=post_ingress hour=168 l0=3.2226481601463075e-3 l1=4.392536967238242e-3 l2=1.447191881608583e-2 l3=1.4422003157364777e-2 l4=1.4537053804357183e-2 l5=1.4707406492381635e-2 l6=2.274176591613753e-2
info: ISSUE079_CREEP_TRACE stage=pre_ingress hour=168 dt_hours=2.5e-1 matrix_rate_m3_per_h=0e0 macro_rate_m3_per_h=0e0 l0=3.2255853489764645e-3 l1=4.395831481968625e-3 l2=1.447472211079435e-2 l3=1.442430250774938e-2 l4=1.4537965285182532e-2 l5=1.4707483508779894e-2 l6=2.2741252707405235e-2
info: ISSUE079_CREEP_TRACE stage=post_ingress hour=168 l0=3.2255853489764645e-3 l1=4.395831481968625e-3 l2=1.447472211079435e-2 l3=1.442430250774938e-2 l4=1.4537965285182532e-2 l5=1.4707483508779894e-2 l6=2.2741252707405235e-2
info: ISSUE079_CREEP_TRACE stage=pre_ingress hour=168 dt_hours=2.5e-1 matrix_rate_m3_per_h=0e0 macro_rate_m3_per_h=0e0 l0=3.2283659535705957e-3 l1=4.39894540184938e-3 l2=1.4477716026473743e-2 l3=1.4426594560142563e-2 l4=1.4538883452315457e-2 l5=1.4707570772565928e-2 l6=2.274074177707337e-2
info: ISSUE079_CREEP_TRACE stage=post_ingress hour=168 l0=3.2283659535705957e-3 l1=4.39894540184938e-3 l2=1.4477716026473743e-2 l3=1.4426594560142563e-2 l4=1.4538883452315457e-2 l5=1.4707570772565928e-2 l6=2.274074177707337e-2
error: TEMP_DIAGNOSTIC n_ledger[init]: cells.len=1
info: daily conservation accepted: day=7 year=1998 hour=24 water=8.982509041796064e-15 heat=7.66148921542784e-14 oxygen=1.0573187491551689e-13 hydrogen=3.491515956655164e-16 carbon=7.081768165843062e-13 nitrogen=1.0905571909806161e-14 phosphorus=1.5342508877477028e-12 aluminum=3.857178886623392e-9 iron=3.7646185963234192e-6 calcium=1.6133646547996617e-9 magnesium=1e0 sodium=1.3124147494098404e-3 potassium=1.7478266915754558e-3 sulfur=0e0 chloride=0e0 silicon=5.51089204337254e-6 sand=1e0 silt=1e0 clay=0e0 rock_additive=0e0 cec=7.55831118984352e-2 aec=0e0
info: day advanced: scene_weather_hours=168 final_hour_elapsed_ms=258
error: TEMP_DIAGNOSTIC n_ledger[init]: cells.len=1
info: ISSUE079_CREEP_TRACE stage=pre_ingress hour=169 dt_hours=2.5e-1 matrix_rate_m3_per_h=0e0 macro_rate_m3_per_h=0e0 l0=3.2320244930755314e-3 l1=4.40193836948146e-3 l2=1.4480919892925877e-2 l3=1.4428859092852013e-2 l4=1.4539703685994446e-2 l5=1.4707262754500348e-2 l6=2.2740928745990315e-2
info: ISSUE079_CREEP_TRACE stage=post_ingress hour=169 l0=3.2320244930755314e-3 l1=4.40193836948146e-3 l2=1.4480919892925877e-2 l3=1.4428859092852013e-2 l4=1.4539703685994446e-2 l5=1.4707262754500348e-2 l6=2.2740928745990315e-2
info: ISSUE079_CREEP_TRACE stage=pre_ingress hour=169 dt_hours=2.5e-1 matrix_rate_m3_per_h=0e0 macro_rate_m3_per_h=0e0 l0=3.234456907155613e-3 l1=4.4047912807082985e-3 l2=1.448424905083088e-2 l3=1.4431144432411936e-2 l4=1.4540635016139086e-2 l5=1.470737024911768e-2 l6=2.2740422253235623e-2
info: ISSUE079_CREEP_TRACE stage=post_ingress hour=169 l0=3.234456907155613e-3 l1=4.4047912807082985e-3 l2=1.448424905083088e-2 l3=1.4431144432411936e-2 l4=1.4540635016139086e-2 l5=1.470737024911768e-2 l6=2.2740422253235623e-2
info: ISSUE079_CREEP_TRACE stage=pre_ingress hour=169 dt_hours=2.5e-1 matrix_rate_m3_per_h=0e0 macro_rate_m3_per_h=0e0 l0=3.2367898013808643e-3 l1=4.407468163994194e-3 l2=1.4487726978682714e-2 l3=1.443343003503562e-2 l4=1.4541572910550339e-2 l5=1.4707487724124235e-2 l6=2.2739918139268737e-2
info: ISSUE079_CREEP_TRACE stage=post_ingress hour=169 l0=3.2367898013808643e-3 l1=4.407468163994194e-3 l2=1.4487726978682714e-2 l3=1.443343003503562e-2 l4=1.4541572910550339e-2 l5=1.4707487724124235e-2 l6=2.2739918139268737e-2
info: ISSUE079_CREEP_TRACE stage=pre_ingress hour=169 dt_hours=2.5e-1 matrix_rate_m3_per_h=0e0 macro_rate_m3_per_h=0e0 l0=3.239015180897088e-3 l1=4.4100050109281705e-3 l2=1.4491338575236911e-2 l3=1.4435717915415057e-2 l4=1.4542517388249937e-2 l5=1.4707615094728822e-2 l6=2.2739416436220298e-2
info: ISSUE079_CREEP_TRACE stage=post_ingress hour=169 l0=3.239015180897088e-3 l1=4.4100050109281705e-3 l2=1.4491338575236911e-2 l3=1.4435717915415057e-2 l4=1.4542517388249937e-2 l5=1.4707615094728822e-2 l6=2.2739416436220298e-2
error: TEMP_DIAGNOSTIC n_ledger[init]: cells.len=1
error: TEMP_DIAGNOSTIC n_ledger[init]: cells.len=1
info: ISSUE079_CREEP_TRACE stage=pre_ingress hour=170 dt_hours=2.5e-1 matrix_rate_m3_per_h=0e0 macro_rate_m3_per_h=0e0 l0=3.242111849567722e-3 l1=4.4124561687846845e-3 l2=1.4495123410374077e-2 l3=1.4438057129825353e-2 l4=1.4543449195094479e-2 l5=1.4707665259771508e-2 l6=2.2738524138455098e-2
info: ISSUE079_CREEP_TRACE stage=post_ingress hour=170 l0=3.242111849567722e-3 l1=4.4124561687846845e-3 l2=1.4495123410374077e-2 l3=1.4438057129825353e-2 l4=1.4543449195094479e-2 l5=1.4707665259771508e-2 l6=2.2738524138455098e-2
info: ISSUE079_CREEP_TRACE stage=pre_ingress hour=170 dt_hours=2.5e-1 matrix_rate_m3_per_h=0e0 macro_rate_m3_per_h=0e0 l0=3.2440691449302944e-3 l1=4.414814964711703e-3 l2=1.4498966286049833e-2 l3=1.4440354573845038e-2 l4=1.4544407044082311e-2 l5=1.47078119846186e-2 l6=2.273802729280545e-2
info: ISSUE079_CREEP_TRACE stage=post_ingress hour=170 l0=3.2440691449302944e-3 l1=4.414814964711703e-3 l2=1.4498966286049833e-2 l3=1.4440354573845038e-2 l4=1.4544407044082311e-2 l5=1.47078119846186e-2 l6=2.273802729280545e-2
info: ISSUE079_CREEP_TRACE stage=pre_ingress hour=170 dt_hours=2.5e-1 matrix_rate_m3_per_h=0e0 macro_rate_m3_per_h=0e0 l0=3.2459599657124905e-3 l1=4.417034496072744e-3 l2=1.4502910960614668e-2 l3=1.4442659127657471e-2 l4=1.4545371651519512e-2 l5=1.4707968371024678e-2 l6=2.2737532951345805e-2
info: ISSUE079_CREEP_TRACE stage=post_ingress hour=170 l0=3.2459599657124905e-3 l1=4.417034496072744e-3 l2=1.4502910960614668e-2 l3=1.4442659127657471e-2 l4=1.4545371651519512e-2 l5=1.4707968371024678e-2 l6=2.2737532951345805e-2
info: ISSUE079_CREEP_TRACE stage=pre_ingress hour=170 dt_hours=2.5e-1 matrix_rate_m3_per_h=0e0 macro_rate_m3_per_h=0e0 l0=3.247775621949402e-3 l1=4.419148910364958e-3 l2=1.4506945333439098e-2 l3=1.4444972028418438e-2 l4=1.4546343110474284e-2 l5=1.4708134345274305e-2 l6=2.2737041144430495e-2
info: ISSUE079_CREEP_TRACE stage=post_ingress hour=170 l0=3.247775621949402e-3 l1=4.419148910364958e-3 l2=1.4506945333439098e-2 l3=1.4444972028418438e-2 l4=1.4546343110474284e-2 l5=1.4708134345274305e-2 l6=2.2737041144430495e-2
error: TEMP_DIAGNOSTIC n_ledger[init]: cells.len=1
error: TEMP_DIAGNOSTIC n_ledger[init]: cells.len=1
info: ISSUE079_CREEP_TRACE stage=pre_ingress hour=171 dt_hours=2.5e-1 matrix_rate_m3_per_h=0e0 macro_rate_m3_per_h=0e0 l0=3.2504593154769074e-3 l1=4.421198368260613e-3 l2=1.4511105369166328e-2 l3=1.44473580908927e-2 l4=1.4547373317394032e-2 l5=1.4708311401517151e-2 l6=2.2736506031586834e-2
info: ISSUE079_CREEP_TRACE stage=post_ingress hour=171 l0=3.2504593154769074e-3 l1=4.421198368260613e-3 l2=1.4511105369166328e-2 l3=1.44473580908927e-2 l4=1.4547373317394032e-2 l5=1.4708311401517151e-2 l6=2.2736506031586834e-2
info: ISSUE079_CREEP_TRACE stage=pre_ingress hour=171 dt_hours=2.5e-1 matrix_rate_m3_per_h=0e0 macro_rate_m3_per_h=0e0 l0=3.2520719565927144e-3 l1=4.42319895585919e-3 l2=1.4515292014152506e-2 l3=1.4449690606444163e-2 l4=1.454835887825714e-2 l5=1.4708496194712449e-2 l6=2.2736019215439444e-2
info: ISSUE079_CREEP_TRACE stage=post_ingress hour=171 l0=3.2520719565927144e-3 l1=4.42319895585919e-3 l2=1.4515292014152506e-2 l3=1.4449690606444163e-2 l4=1.454835887825714e-2 l5=1.4708496194712449e-2 l6=2.2736019215439444e-2
info: ISSUE079_CREEP_TRACE stage=pre_ingress hour=171 dt_hours=2.5e-1 matrix_rate_m3_per_h=0e0 macro_rate_m3_per_h=0e0 l0=3.2536609289310356e-3 l1=4.426679530247942e-3 l2=1.4519545184114527e-2 l3=1.44520343222509e-2 l4=1.4549351623234119e-2 l5=1.470869037743655e-2 l6=2.2735535022777874e-2
info: ISSUE079_CREEP_TRACE stage=post_ingress hour=171 l0=3.2536609289310356e-3 l1=4.426679530247942e-3 l2=1.4519545184114527e-2 l3=1.44520343222509e-2 l4=1.4549351623234119e-2 l5=1.470869037743655e-2 l6=2.2735535022777874e-2
info: ISSUE079_CREEP_TRACE stage=pre_ingress hour=171 dt_hours=2.5e-1 matrix_rate_m3_per_h=0e0 macro_rate_m3_per_h=0e0 l0=3.257873242780898e-3 l1=4.422597351734927e-3 l2=1.452396711773541e-2 l3=1.4454391542129911e-2 l4=1.4550351702699119e-2 l5=1.4708893889619429e-2 l6=2.2735053482632377e-2
info: ISSUE079_CREEP_TRACE stage=post_ingress hour=171 l0=3.257873242780898e-3 l1=4.422597351734927e-3 l2=1.452396711773541e-2 l3=1.4454391542129911e-2 l4=1.4550351702699119e-2 l5=1.4708893889619429e-2 l6=2.2735053482632377e-2
error: TEMP_DIAGNOSTIC n_ledger[init]: cells.len=1
error: TEMP_DIAGNOSTIC n_ledger[init]: cells.len=1
info: ISSUE079_CREEP_TRACE stage=pre_ingress hour=172 dt_hours=2.5e-1 matrix_rate_m3_per_h=0e0 macro_rate_m3_per_h=0e0 l0=3.262182072647528e-3 l1=4.417956075974117e-3 l2=1.4528089527292518e-2 l3=1.44568138790476e-2 l4=1.4551427580918938e-2 l5=1.470918082908841e-2 l6=2.2734625464616784e-2
info: ISSUE079_CREEP_TRACE stage=post_ingress hour=172 l0=3.262182072647528e-3 l1=4.417956075974117e-3 l2=1.4528089527292518e-2 l3=1.44568138790476e-2 l4=1.4551427580918938e-2 l5=1.470918082908841e-2 l6=2.2734625464616784e-2
info: ISSUE079_CREEP_TRACE stage=pre_ingress hour=172 dt_hours=2.5e-1 matrix_rate_m3_per_h=0e0 macro_rate_m3_per_h=0e0 l0=3.2644799030048357e-3 l1=4.414567587956389e-3 l2=1.4531785481821703e-2 l3=1.4459182080094423e-2 l4=1.4552442556145283e-2 l5=1.4709402688888198e-2 l6=2.2734149126915154e-2
info: ISSUE079_CREEP_TRACE stage=post_ingress hour=172 l0=3.2644799030048357e-3 l1=4.414567587956389e-3 l2=1.4531785481821703e-2 l3=1.4459182080094423e-2 l4=1.4552442556145283e-2 l5=1.4709402688888198e-2 l6=2.2734149126915154e-2
info: ISSUE079_CREEP_TRACE stage=pre_ingress hour=172 dt_hours=2.5e-1 matrix_rate_m3_per_h=0e0 macro_rate_m3_per_h=0e0 l0=3.2658780296961187e-3 l1=4.412235156893043e-3 l2=1.4535190412311851e-2 l3=1.4461548780973424e-2 l4=1.4553464856742937e-2 l5=1.4709633712729198e-2 l6=2.2733675528736747e-2
info: ISSUE079_CREEP_TRACE stage=post_ingress hour=172 l0=3.2658780296961187e-3 l1=4.412235156893043e-3 l2=1.4535190412311851e-2 l3=1.4461548780973424e-2 l4=1.4553464856742937e-2 l5=1.4709633712729198e-2 l6=2.2733675528736747e-2
info: ISSUE079_CREEP_TRACE stage=pre_ingress hour=172 dt_hours=2.5e-1 matrix_rate_m3_per_h=0e0 macro_rate_m3_per_h=0e0 l0=3.2667420478353494e-3 l1=4.410622827086329e-3 l2=1.4538373529785193e-2 l3=1.4463910902506753e-2 l4=1.455449437118987e-2 l5=1.4709873843835278e-2 l6=2.2733204697960366e-2
info: ISSUE079_CREEP_TRACE stage=post_ingress hour=172 l0=3.2667420478353494e-3 l1=4.410622827086329e-3 l2=1.4538373529785193e-2 l3=1.4463910902506753e-2 l4=1.455449437118987e-2 l5=1.4709873843835278e-2 l6=2.2733204697960366e-2
error: TEMP_DIAGNOSTIC n_ledger[init]: cells.len=1
error: TEMP_DIAGNOSTIC n_ledger[init]: cells.len=1
info: ISSUE079_CREEP_TRACE stage=pre_ingress hour=173 dt_hours=2.5e-1 matrix_rate_m3_per_h=0e0 macro_rate_m3_per_h=0e0 l0=3.267520372257676e-3 l1=4.409900382747072e-3 l2=1.454172119828941e-2 l3=1.446631034654431e-2 l4=1.4555592115824398e-2 l5=1.4710213254117258e-2 l6=2.2732863928463357e-2
info: ISSUE079_CREEP_TRACE stage=post_ingress hour=173 l0=3.267520372257676e-3 l1=4.409900382747072e-3 l2=1.454172119828941e-2 l3=1.446631034654431e-2 l4=1.4555592115824398e-2 l5=1.4710213254117258e-2 l6=2.2732863928463357e-2
info: ISSUE079_CREEP_TRACE stage=pre_ingress hour=173 dt_hours=2.5e-1 matrix_rate_m3_per_h=0e0 macro_rate_m3_per_h=0e0 l0=3.2679371186363835e-3 l1=4.409165208499941e-3 l2=1.4544593726092616e-2 l3=1.4468656835233249e-2 l4=1.4556635686799295e-2 l5=1.4710471292530784e-2 l6=2.2732398517094188e-2
info: ISSUE079_CREEP_TRACE stage=post_ingress hour=173 l0=3.2679371186363835e-3 l1=4.409165208499941e-3 l2=1.4544593726092616e-2 l3=1.4468656835233249e-2 l4=1.4556635686799295e-2 l5=1.4710471292530784e-2 l6=2.2732398517094188e-2
info: ISSUE079_CREEP_TRACE stage=pre_ingress hour=173 dt_hours=2.5e-1 matrix_rate_m3_per_h=0e0 macro_rate_m3_per_h=0e0 l0=3.2683120170031816e-3 l1=4.408698482738739e-3 l2=1.4547355959110393e-2 l3=1.4470993436462458e-2 l4=1.4557685980264795e-2 l5=1.4710738263847396e-2 l6=2.2731935954003673e-2
info: ISSUE079_CREEP_TRACE stage=post_ingress hour=173 l0=3.2683120170031816e-3 l1=4.408698482738739e-3 l2=1.4547355959110393e-2 l3=1.4470993436462458e-2 l4=1.4557685980264795e-2 l5=1.4710738263847396e-2 l6=2.2731935954003673e-2
info: ISSUE079_CREEP_TRACE stage=pre_ingress hour=173 dt_hours=2.5e-1 matrix_rate_m3_per_h=0e0 macro_rate_m3_per_h=0e0 l0=3.2686871490758807e-3 l1=4.408443571130812e-3 l2=1.4550028735235592e-2 l3=1.4473319195053805e-2 l4=1.455874280779297e-2 l5=1.4711014106064528e-2 l6=2.273147626513394e-2
info: ISSUE079_CREEP_TRACE stage=post_ingress hour=173 l0=3.2686871490758807e-3 l1=4.408443571130812e-3 l2=1.4550028735235592e-2 l3=1.4473319195053805e-2 l4=1.455874280779297e-2 l5=1.4711014106064528e-2 l6=2.273147626513394e-2
error: TEMP_DIAGNOSTIC n_ledger[init]: cells.len=1
error: TEMP_DIAGNOSTIC n_ledger[init]: cells.len=1
info: ISSUE079_CREEP_TRACE stage=pre_ingress hour=174 dt_hours=2.5e-1 matrix_rate_m3_per_h=0e0 macro_rate_m3_per_h=0e0 l0=3.2694479185884947e-3 l1=4.408198883850711e-3 l2=1.455301569468812e-2 l3=1.4475979727625916e-2 l4=1.4559854533277853e-2 l5=1.4711380615886692e-2 l6=2.2731161703929564e-2
info: ISSUE079_CREEP_TRACE stage=post_ingress hour=174 l0=3.2694479185884947e-3 l1=4.408198883850711e-3 l2=1.455301569468812e-2 l3=1.4475979727625916e-2 l4=1.4559854533277853e-2 l5=1.4711380615886692e-2 l6=2.2731161703929564e-2
info: ISSUE079_CREEP_TRACE stage=pre_ingress hour=174 dt_hours=2.5e-1 matrix_rate_m3_per_h=0e0 macro_rate_m3_per_h=0e0 l0=3.2698558396992805e-3 l1=4.408271968178071e-3 l2=1.4555557990953974e-2 l3=1.4478281840430622e-2 l4=1.4560923923940655e-2 l5=1.4711673877427464e-2 l6=2.2730707652572457e-2
info: ISSUE079_CREEP_TRACE stage=post_ingress hour=174 l0=3.2698558396992805e-3 l1=4.408271968178071e-3 l2=1.4555557990953974e-2 l3=1.4478281840430622e-2 l4=1.4560923923940655e-2 l5=1.4711673877427464e-2 l6=2.2730707652572457e-2
info: ISSUE079_CREEP_TRACE stage=pre_ingress hour=174 dt_hours=2.5e-1 matrix_rate_m3_per_h=0e0 macro_rate_m3_per_h=0e0 l0=3.2703087897240544e-3 l1=4.4084620006671895e-3 l2=1.455805391636298e-2 l3=1.4480571690642466e-2 l4=1.456199925348488e-2 l5=1.471197581792047e-2 l6=2.2730256551280116e-2
info: ISSUE079_CREEP_TRACE stage=post_ingress hour=174 l0=3.2703087897240544e-3 l1=4.4084620006671895e-3 l2=1.455805391636298e-2 l3=1.4480571690642466e-2 l4=1.456199925348488e-2 l5=1.471197581792047e-2 l6=2.2730256551280116e-2
info: ISSUE079_CREEP_TRACE stage=pre_ingress hour=174 dt_hours=2.5e-1 matrix_rate_m3_per_h=0e0 macro_rate_m3_per_h=0e0 l0=3.2708045283204863e-3 l1=4.408754711929627e-3 l2=1.4560513190820756e-2 l3=1.4482849145358674e-2 l4=1.456308032742235e-2 l5=1.471228636935135e-2 l6=2.2729808424443457e-2
info: ISSUE079_CREEP_TRACE stage=post_ingress hour=174 l0=3.2708045283204863e-3 l1=4.408754711929627e-3 l2=1.4560513190820756e-2 l3=1.4482849145358674e-2 l4=1.456308032742235e-2 l5=1.471228636935135e-2 l6=2.2729808424443457e-2
error: TEMP_DIAGNOSTIC n_ledger[init]: cells.len=1
error: TEMP_DIAGNOSTIC n_ledger[init]: cells.len=1
info: ISSUE079_CREEP_TRACE stage=pre_ingress hour=175 dt_hours=2.5e-1 matrix_rate_m3_per_h=0e0 macro_rate_m3_per_h=0e0 l0=3.2717352023878487e-3 l1=4.409101110012226e-3 l2=1.456278429886858e-2 l3=1.4485505424918855e-2 l4=1.456451942157995e-2 l5=1.4712673639851544e-2 l6=2.272949450255506e-2
info: ISSUE079_CREEP_TRACE stage=post_ingress hour=175 l0=3.2717352023878487e-3 l1=4.409101110012226e-3 l2=1.456278429886858e-2 l3=1.4485505424918855e-2 l4=1.456451942157995e-2 l5=1.4712673639851544e-2 l6=2.272949450255506e-2
info: ISSUE079_CREEP_TRACE stage=pre_ingress hour=175 dt_hours=2.5e-1 matrix_rate_m3_per_h=0e0 macro_rate_m3_per_h=0e0 l0=3.2722753559312097e-3 l1=4.4095782126872375e-3 l2=1.4565195079937686e-2 l3=1.4487758147015159e-2 l4=1.4565611459291486e-2 l5=1.4713001095518798e-2 l6=2.2729052222787764e-2
info: ISSUE079_CREEP_TRACE stage=post_ingress hour=175 l0=3.2722753559312097e-3 l1=4.4095782126872375e-3 l2=1.4565195079937686e-2 l3=1.4487758147015159e-2 l4=1.4565611459291486e-2 l5=1.4713001095518798e-2 l6=2.2729052222787764e-2
info: ISSUE079_CREEP_TRACE stage=pre_ingress hour=175 dt_hours=2.5e-1 matrix_rate_m3_per_h=0e0 macro_rate_m3_per_h=0e0 l0=3.2728556117951023e-3 l1=4.4101195069581045e-3 l2=1.4567591702637364e-2 l3=1.4489998767375225e-2 l4=1.4566708682094837e-2 l5=1.471333695209176e-2 l6=2.2728612988781097e-2
info: ISSUE079_CREEP_TRACE stage=post_ingress hour=175 l0=3.2728556117951023e-3 l1=4.4101195069581045e-3 l2=1.4567591702637364e-2 l3=1.4489998767375225e-2 l4=1.4566708682094837e-2 l5=1.471333695209176e-2 l6=2.2728612988781097e-2
info: ISSUE079_CREEP_TRACE stage=pre_ingress hour=175 dt_hours=2.5e-1 matrix_rate_m3_per_h=0e0 macro_rate_m3_per_h=0e0 l0=3.2734697083874266e-3 l1=4.410719975016298e-3 l2=1.4569979270356703e-2 l3=1.4492227545867124e-2 l4=1.4567810918070941e-2 l5=1.4713681136777281e-2 l6=2.2728176823409392e-2
info: ISSUE079_CREEP_TRACE stage=post_ingress hour=175 l0=3.2734697083874266e-3 l1=4.410719975016298e-3 l2=1.4569979270356703e-2 l3=1.4492227545867124e-2 l4=1.4567810918070941e-2 l5=1.4713681136777281e-2 l6=2.2728176823409392e-2
error: TEMP_DIAGNOSTIC n_ledger[init]: cells.len=1
error: TEMP_DIAGNOSTIC n_ledger[init]: cells.len=1
info: ISSUE079_CREEP_TRACE stage=pre_ingress hour=176 dt_hours=2.5e-1 matrix_rate_m3_per_h=0e0 macro_rate_m3_per_h=0e0 l0=3.2745633543408426e-3 l1=4.411315878544062e-3 l2=1.457232691018346e-2 l3=1.4494287675840484e-2 l4=1.4569314115815723e-2 l5=1.4714408061514547e-2 l6=2.2727858743893617e-2
info: ISSUE079_CREEP_TRACE stage=post_ingress hour=176 l0=3.2745633543408426e-3 l1=4.411315878544062e-3 l2=1.457232691018346e-2 l3=1.4494287675840484e-2 l4=1.4569314115815723e-2 l5=1.4714408061514547e-2 l6=2.2727858743893617e-2
info: ISSUE079_CREEP_TRACE stage=pre_ingress hour=176 dt_hours=2.5e-1 matrix_rate_m3_per_h=0e0 macro_rate_m3_per_h=0e0 l0=3.2751966892226913e-3 l1=4.412034233637008e-3 l2=1.4574710131567314e-2 l3=1.4496493786221067e-2 l4=1.457042595221384e-2 l5=1.4714768545361665e-2 l6=2.272742862851001e-2
info: ISSUE079_CREEP_TRACE stage=post_ingress hour=176 l0=3.2751966892226913e-3 l1=4.412034233637008e-3 l2=1.4574710131567314e-2 l3=1.4496493786221067e-2 l4=1.457042595221384e-2 l5=1.4714768545361665e-2 l6=2.272742862851001e-2
info: ISSUE079_CREEP_TRACE stage=pre_ingress hour=176 dt_hours=2.5e-1 matrix_rate_m3_per_h=0e0 macro_rate_m3_per_h=0e0 l0=3.275831191872568e-3 l1=4.412788394299237e-3 l2=1.4577096726932718e-2 l3=1.4498689163817533e-2 l4=1.4571542331895776e-2 l5=1.4715137136603676e-2 l6=2.2727001648271024e-2
info: ISSUE079_CREEP_TRACE stage=post_ingress hour=176 l0=3.275831191872568e-3 l1=4.412788394299237e-3 l2=1.4577096726932718e-2 l3=1.4498689163817533e-2 l4=1.4571542331895776e-2 l5=1.4715137136603676e-2 l6=2.2727001648271024e-2
info: ISSUE079_CREEP_TRACE stage=pre_ingress hour=176 dt_hours=2.5e-1 matrix_rate_m3_per_h=0e0 macro_rate_m3_per_h=0e0 l0=3.2764562169126034e-3 l1=4.413571999794707e-3 l2=1.457948882136148e-2 l3=1.4500874241310007e-2 l4=1.4572663116491514e-2 l5=1.4715513759661273e-2 l6=2.272657782453501e-2
info: ISSUE079_CREEP_TRACE stage=post_ingress hour=176 l0=3.2764562169126034e-3 l1=4.413571999794707e-3 l2=1.457948882136148e-2 l3=1.4500874241310007e-2 l4=1.4572663116491514e-2 l5=1.4715513759661273e-2 l6=2.272657782453501e-2
error: TEMP_DIAGNOSTIC n_ledger[init]: cells.len=1
error: TEMP_DIAGNOSTIC n_ledger[init]: cells.len=1
info: ISSUE079_CREEP_TRACE stage=pre_ingress hour=177 dt_hours=2.5e-1 matrix_rate_m3_per_h=0e0 macro_rate_m3_per_h=0e0 l0=3.277578502311586e-3 l1=4.414329102765952e-3 l2=1.4581831167523504e-2 l3=1.4503017862113662e-2 l4=1.4573631078465937e-2 l5=1.4716310089737015e-2 l6=2.2726585981898823e-2
info: ISSUE079_CREEP_TRACE stage=post_ingress hour=177 l0=3.277578502311586e-3 l1=4.414329102765952e-3 l2=1.4581831167523504e-2 l3=1.4503017862113662e-2 l4=1.4573631078465937e-2 l5=1.4716310089737015e-2 l6=2.2726585981898823e-2
info: ISSUE079_CREEP_TRACE stage=pre_ingress hour=177 dt_hours=2.5e-1 matrix_rate_m3_per_h=0e0 macro_rate_m3_per_h=0e0 l0=3.2781753822099524e-3 l1=4.415169554462471e-3 l2=1.4584239187083329e-2 l3=1.4505183619741019e-2 l4=1.4574760379889447e-2 l5=1.4716702428928485e-2 l6=2.2726168381822856e-2
info: ISSUE079_CREEP_TRACE stage=post_ingress hour=177 l0=3.2781753822099524e-3 l1=4.415169554462471e-3 l2=1.4584239187083329e-2 l3=1.4505183619741019e-2 l4=1.4574760379889447e-2 l5=1.4716702428928485e-2 l6=2.2726168381822856e-2
info: ISSUE079_CREEP_TRACE stage=pre_ingress hour=177 dt_hours=2.5e-1 matrix_rate_m3_per_h=0e0 macro_rate_m3_per_h=0e0 l0=3.2787702941201972e-3 l1=4.416016810797463e-3 l2=1.4586656736800954e-2 l3=1.450734043444749e-2 l4=1.457589371691495e-2 l5=1.4717102575047358e-2 l6=2.2725754000196e-2
info: ISSUE079_CREEP_TRACE stage=post_ingress hour=177 l0=3.2787702941201972e-3 l1=4.416016810797463e-3 l2=1.4586656736800954e-2 l3=1.450734043444749e-2 l4=1.457589371691495e-2 l5=1.4717102575047358e-2 l6=2.2725754000196e-2
info: ISSUE079_CREEP_TRACE stage=pre_ingress hour=177 dt_hours=2.5e-1 matrix_rate_m3_per_h=0e0 macro_rate_m3_per_h=0e0 l0=3.2793408747029164e-3 l1=4.416869241728006e-3 l2=1.4589083786460656e-2 l3=1.4509488746508726e-2 l4=1.457703098492131e-2 l5=1.4717510451758668e-2 l6=2.2725342856873176e-2
info: ISSUE079_CREEP_TRACE stage=post_ingress hour=177 l0=3.2793408747029164e-3 l1=4.416869241728006e-3 l2=1.4589083786460656e-2 l3=1.4509488746508726e-2 l4=1.457703098492131e-2 l5=1.4717510451758668e-2 l6=2.2725342856873176e-2
error: TEMP_DIAGNOSTIC n_ledger[init]: cells.len=1
error: TEMP_DIAGNOSTIC n_ledger[init]: cells.len=1
info: ISSUE079_CREEP_TRACE stage=pre_ingress hour=178 dt_hours=2.5e-1 matrix_rate_m3_per_h=0e0 macro_rate_m3_per_h=0e0 l0=3.280421029623679e-3 l1=4.41768714689109e-3 l2=1.459147304443675e-2 l3=1.4511576402263443e-2 l4=1.4578141981398401e-2 l5=1.4717771265025433e-2 l6=2.2725386336758382e-2
info: ISSUE079_CREEP_TRACE stage=post_ingress hour=178 l0=3.280421029623679e-3 l1=4.41768714689109e-3 l2=1.459147304443675e-2 l3=1.4511576402263443e-2 l4=1.4578141981398401e-2 l5=1.4717771265025433e-2 l6=2.2725386336758382e-2
info: ISSUE079_CREEP_TRACE stage=pre_ingress hour=178 dt_hours=2.5e-1 matrix_rate_m3_per_h=0e0 macro_rate_m3_per_h=0e0 l0=3.2809344071280367e-3 l1=4.418552988318879e-3 l2=1.4593918359298939e-2 l3=1.4513708910439562e-2 l4=1.4579286780242168e-2 l5=1.4718194330262953e-2 l6=2.2724981643449108e-2
info: ISSUE079_CREEP_TRACE stage=post_ingress hour=178 l0=3.2809344071280367e-3 l1=4.418552988318879e-3 l2=1.4593918359298939e-2 l3=1.4513708910439562e-2 l4=1.4579286780242168e-2 l5=1.4718194330262953e-2 l6=2.2724981643449108e-2
info: ISSUE079_CREEP_TRACE stage=pre_ingress hour=178 dt_hours=2.5e-1 matrix_rate_m3_per_h=0e0 macro_rate_m3_per_h=0e0 l0=3.2814320146973617e-3 l1=4.419405434673456e-3 l2=1.459637187976539e-2 l3=1.451583413374618e-2 l4=1.4580435239272067e-2 l5=1.4718624898206164e-2 l6=2.2724580245936578e-2
info: ISSUE079_CREEP_TRACE stage=post_ingress hour=178 l0=3.2814320146973617e-3 l1=4.419405434673456e-3 l2=1.459637187976539e-2 l3=1.451583413374618e-2 l4=1.4580435239272067e-2 l5=1.4718624898206164e-2 l6=2.2724580245936578e-2
info: ISSUE079_CREEP_TRACE stage=pre_ingress hour=178 dt_hours=2.5e-1 matrix_rate_m3_per_h=0e0 macro_rate_m3_per_h=0e0 l0=3.28190553573394e-3 l1=4.420243976700716e-3 l2=1.4598832080008345e-2 l3=1.4517952422979997e-2 l4=1.4581587280957717e-2 l5=1.4719062893617227e-2 l6=2.2724182162584275e-2
info: ISSUE079_CREEP_TRACE stage=post_ingress hour=178 l0=3.28190553573394e-3 l1=4.420243976700716e-3 l2=1.4598832080008345e-2 l3=1.4517952422979997e-2 l4=1.4581587280957717e-2 l5=1.4719062893617227e-2 l6=2.2724182162584275e-2
error: TEMP_DIAGNOSTIC n_ledger[init]: cells.len=1
error: TEMP_DIAGNOSTIC n_ledger[init]: cells.len=1
info: ISSUE079_CREEP_TRACE stage=pre_ingress hour=179 dt_hours=2.5e-1 matrix_rate_m3_per_h=0e0 macro_rate_m3_per_h=0e0 l0=3.284382067830002e-3 l1=4.421049527757342e-3 l2=1.4601265113633124e-2 l3=1.4520021838676822e-2 l4=1.4582691851006933e-2 l5=1.4719484929249559e-2 l6=2.2723637550332056e-2
info: ISSUE079_CREEP_TRACE stage=post_ingress hour=179 l0=3.284382067830002e-3 l1=4.421049527757342e-3 l2=1.4601265113633124e-2 l3=1.4520021838676822e-2 l4=1.4582691851006933e-2 l5=1.4719484929249559e-2 l6=2.2723637550332056e-2
info: ISSUE079_CREEP_TRACE stage=pre_ingress hour=179 dt_hours=2.5e-1 matrix_rate_m3_per_h=0e0 macro_rate_m3_per_h=0e0 l0=3.2826574510478753e-3 l1=4.42215068815933e-3 l2=1.4603757523558853e-2 l3=1.4522127478478414e-2 l4=1.4583850841897119e-2 l5=1.471993740440412e-2 l6=2.2723246168245392e-2
info: ISSUE079_CREEP_TRACE stage=post_ingress hour=179 l0=3.2826574510478753e-3 l1=4.42215068815933e-3 l2=1.4603757523558853e-2 l3=1.4522127478478414e-2 l4=1.4583850841897119e-2 l5=1.471993740440412e-2 l6=2.2723246168245392e-2
info: ISSUE079_CREEP_TRACE stage=pre_ingress hour=179 dt_hours=2.5e-1 matrix_rate_m3_per_h=0e0 macro_rate_m3_per_h=0e0 l0=3.2785243637316695e-3 l1=4.422773733532313e-3 l2=1.4606237235988778e-2 l3=1.4524227166112694e-2 l4=1.458501321757462e-2 l5=1.4720397088285342e-2 l6=2.2722858153216306e-2
info: ISSUE079_CREEP_TRACE stage=post_ingress hour=179 l0=3.2785243637316695e-3 l1=4.422773733532313e-3 l2=1.4606237235988778e-2 l3=1.4524227166112694e-2 l4=1.458501321757462e-2 l5=1.4720397088285342e-2 l6=2.2722858153216306e-2
info: ISSUE079_CREEP_TRACE stage=pre_ingress hour=179 dt_hours=2.5e-1 matrix_rate_m3_per_h=0e0 macro_rate_m3_per_h=0e0 l0=3.2752947771189844e-3 l1=4.422564620843266e-3 l2=1.4608636088369492e-2 l3=1.452631989359937e-2 l4=1.4586178903462315e-2 l5=1.4720863908523226e-2 l6=2.2722473522936767e-2
info: ISSUE079_CREEP_TRACE stage=post_ingress hour=179 l0=3.2752947771189844e-3 l1=4.422564620843266e-3 l2=1.4608636088369492e-2 l3=1.452631989359937e-2 l4=1.4586178903462315e-2 l5=1.4720863908523226e-2 l6=2.2722473522936767e-2
error: TEMP_DIAGNOSTIC n_ledger[init]: cells.len=1
error: TEMP_DIAGNOSTIC n_ledger[init]: cells.len=1
info: ISSUE079_CREEP_TRACE stage=pre_ingress hour=180 dt_hours=2.5e-1 matrix_rate_m3_per_h=0e0 macro_rate_m3_per_h=0e0 l0=3.2732529924586144e-3 l1=4.421813752603842e-3 l2=1.461090087196016e-2 l3=1.4528376737597088e-2 l4=1.4587307497786355e-2 l5=1.4721294076627986e-2 l6=2.272208520074585e-2
info: ISSUE079_CREEP_TRACE stage=post_ingress hour=180 l0=3.2732529924586144e-3 l1=4.421813752603842e-3 l2=1.461090087196016e-2 l3=1.4528376737597088e-2 l4=1.4587307497786355e-2 l5=1.4721294076627986e-2 l6=2.272208520074585e-2
info: ISSUE079_CREEP_TRACE stage=pre_ingress hour=180 dt_hours=2.5e-1 matrix_rate_m3_per_h=0e0 macro_rate_m3_per_h=0e0 l0=3.2710477597253872e-3 l1=4.420823216069284e-3 l2=1.461304239756073e-2 l3=1.4530450542619078e-2 l4=1.4588479477298511e-2 l5=1.4721774823665887e-2 l6=2.2721707364384464e-2
info: ISSUE079_CREEP_TRACE stage=post_ingress hour=180 l0=3.2710477597253872e-3 l1=4.420823216069284e-3 l2=1.461304239756073e-2 l3=1.4530450542619078e-2 l4=1.4588479477298511e-2 l5=1.4721774823665887e-2 l6=2.2721707364384464e-2
info: ISSUE079_CREEP_TRACE stage=pre_ingress hour=180 dt_hours=2.5e-1 matrix_rate_m3_per_h=0e0 macro_rate_m3_per_h=0e0 l0=3.2691403096851e-3 l1=4.419675809258092e-3 l2=1.461503826785196e-2 l3=1.453251212557341e-2 l4=1.4589654396317764e-2 l5=1.4722262489591471e-2 l6=2.272133296291687e-2
info: ISSUE079_CREEP_TRACE stage=post_ingress hour=180 l0=3.2691403096851e-3 l1=4.419675809258092e-3 l2=1.461503826785196e-2 l3=1.453251212557341e-2 l4=1.4589654396317764e-2 l5=1.4722262489591471e-2 l6=2.272133296291687e-2
info: ISSUE079_CREEP_TRACE stage=pre_ingress hour=180 dt_hours=2.5e-1 matrix_rate_m3_per_h=0e0 macro_rate_m3_per_h=0e0 l0=3.267449939361618e-3 l1=4.418454777115803e-3 l2=1.4616887882886218e-2 l3=1.4534559639011251e-2 l4=1.459083208191823e-2 l5=1.4722756998823753e-2 l6=2.272096201208131e-2
info: ISSUE079_CREEP_TRACE stage=post_ingress hour=180 l0=3.267449939361618e-3 l1=4.418454777115803e-3 l2=1.4616887882886218e-2 l3=1.4534559639011251e-2 l4=1.459083208191823e-2 l5=1.4722756998823753e-2 l6=2.272096201208131e-2
error: TEMP_DIAGNOSTIC n_ledger[init]: cells.len=1
error: TEMP_DIAGNOSTIC n_ledger[init]: cells.len=1
info: ISSUE079_CREEP_TRACE stage=pre_ingress hour=181 dt_hours=2.5e-1 matrix_rate_m3_per_h=0e0 macro_rate_m3_per_h=0e0 l0=3.2660256398679413e-3 l1=4.417683636800686e-3 l2=1.4618553373135817e-2 l3=1.4536581220053543e-2 l4=1.4591987252470018e-2 l5=1.4723226422674311e-2 l6=2.2720568110054244e-2
info: ISSUE079_CREEP_TRACE stage=post_ingress hour=181 l0=3.2660256398679413e-3 l1=4.417683636800686e-3 l2=1.4618553373135817e-2 l3=1.4536581220053543e-2 l4=1.4591987252470018e-2 l5=1.4723226422674311e-2 l6=2.2720568110054244e-2
info: ISSUE079_CREEP_TRACE stage=pre_ingress hour=181 dt_hours=2.5e-1 matrix_rate_m3_per_h=0e0 macro_rate_m3_per_h=0e0 l0=3.264626715793528e-3 l1=4.416451056280778e-3 l2=1.462012374275255e-2 l3=1.453859543874925e-2 l4=1.4593169859203598e-2 l5=1.4723734253108385e-2 l6=2.27202040736156e-2
info: ISSUE079_CREEP_TRACE stage=post_ingress hour=181 l0=3.264626715793528e-3 l1=4.416451056280778e-3 l2=1.462012374275255e-2 l3=1.453859543874925e-2 l4=1.4593169859203598e-2 l5=1.4723734253108385e-2 l6=2.27202040736156e-2
info: ISSUE079_CREEP_TRACE stage=pre_ingress hour=181 dt_hours=2.5e-1 matrix_rate_m3_per_h=0e0 macro_rate_m3_per_h=0e0 l0=3.263331853223001e-3 l1=4.415246166324002e-3 l2=1.4621565025370176e-2 l3=1.4540590772020554e-2 l4=1.4594354587797967e-2 l5=1.4724248692415879e-2 l6=2.271984353196579e-2
info: ISSUE079_CREEP_TRACE stage=post_ingress hour=181 l0=3.263331853223001e-3 l1=4.415246166324002e-3 l2=1.4621565025370176e-2 l3=1.4540590772020554e-2 l4=1.4594354587797967e-2 l5=1.4724248692415879e-2 l6=2.271984353196579e-2
info: ISSUE079_CREEP_TRACE stage=pre_ingress hour=181 dt_hours=2.5e-1 matrix_rate_m3_per_h=0e0 macro_rate_m3_per_h=0e0 l0=3.262124016255484e-3 l1=4.414079710418584e-3 l2=1.4622885110774066e-2 l3=1.4542565917818818e-2 l4=1.4595541192242519e-2 l5=1.4724769657577262e-2 l6=2.271948649912474e-2
info: ISSUE079_CREEP_TRACE stage=post_ingress hour=181 l0=3.262124016255484e-3 l1=4.414079710418584e-3 l2=1.4622885110774066e-2 l3=1.4542565917818818e-2 l4=1.4595541192242519e-2 l5=1.4724769657577262e-2 l6=2.271948649912474e-2
error: TEMP_DIAGNOSTIC n_ledger[init]: cells.len=1
error: TEMP_DIAGNOSTIC n_ledger[init]: cells.len=1
info: ISSUE079_CREEP_TRACE stage=pre_ingress hour=182 dt_hours=2.5e-1 matrix_rate_m3_per_h=0e0 macro_rate_m3_per_h=0e0 l0=3.2610155388869285e-3 l1=4.413034521119821e-3 l2=1.4624561738120713e-2 l3=1.4544483274954112e-2 l4=1.4596721827336017e-2 l5=1.4725281446630071e-2 l6=2.271912146816101e-2
info: ISSUE079_CREEP_TRACE stage=post_ingress hour=182 l0=3.2610155388869285e-3 l1=4.413034521119821e-3 l2=1.4624561738120713e-2 l3=1.4544483274954112e-2 l4=1.4596721827336017e-2 l5=1.4725281446630071e-2 l6=2.271912146816101e-2
info: ISSUE079_CREEP_TRACE stage=pre_ingress hour=182 dt_hours=2.5e-1 matrix_rate_m3_per_h=0e0 macro_rate_m3_per_h=0e0 l0=3.2599477852805663e-3 l1=4.4119596141149065e-3 l2=1.4625663515050555e-2 l3=1.4546414699103415e-2 l4=1.4597911398262498e-2 l5=1.4725815073688132e-2 l6=2.2718771448402446e-2
info: ISSUE079_CREEP_TRACE stage=post_ingress hour=182 l0=3.2599477852805663e-3 l1=4.4119596141149065e-3 l2=1.4625663515050555e-2 l3=1.4546414699103415e-2 l4=1.4597911398262498e-2 l5=1.4725815073688132e-2 l6=2.2718771448402446e-2
info: ISSUE079_CREEP_TRACE stage=pre_ingress hour=182 dt_hours=2.5e-1 matrix_rate_m3_per_h=0e0 macro_rate_m3_per_h=0e0 l0=3.2589392623200764e-3 l1=4.410931390567754e-3 l2=1.4626667660197299e-2 l3=1.454832293234395e-2 l4=1.4599102043890675e-2 l5=1.4726354965985393e-2 l6=2.2718424976707913e-2
info: ISSUE079_CREEP_TRACE stage=post_ingress hour=182 l0=3.2589392623200764e-3 l1=4.410931390567754e-3 l2=1.4626667660197299e-2 l3=1.454832293234395e-2 l4=1.4599102043890675e-2 l5=1.4726354965985393e-2 l6=2.2718424976707913e-2
info: ISSUE079_CREEP_TRACE stage=pre_ingress hour=182 dt_hours=2.5e-1 matrix_rate_m3_per_h=0e0 macro_rate_m3_per_h=0e0 l0=3.257984463406137e-3 l1=4.4099492425945025e-3 l2=1.4627581386334805e-2 l3=1.4550207246074455e-2 l4=1.46002934856e-2 l5=1.4726901030945545e-2 l6=2.271808206542677e-2
info: ISSUE079_CREEP_TRACE stage=post_ingress hour=182 l0=3.257984463406137e-3 l1=4.4099492425945025e-3 l2=1.4627581386334805e-2 l3=1.4550207246074455e-2 l4=1.46002934856e-2 l5=1.4726901030945545e-2 l6=2.271808206542677e-2
error: TEMP_DIAGNOSTIC n_ledger[init]: cells.len=1
error: TEMP_DIAGNOSTIC n_ledger[init]: cells.len=1
info: ISSUE079_CREEP_TRACE stage=pre_ingress hour=183 dt_hours=2.5e-1 matrix_rate_m3_per_h=0e0 macro_rate_m3_per_h=0e0 l0=3.2571034496270534e-3 l1=4.409011803702066e-3 l2=1.4628488300400672e-2 l3=1.4552539449033581e-2 l4=1.4601451500428285e-2 l5=1.472745578634206e-2 l6=2.271775013185047e-2
info: ISSUE079_CREEP_TRACE stage=post_ingress hour=183 l0=3.2571034496270534e-3 l1=4.409011803702066e-3 l2=1.4628488300400672e-2 l3=1.4552539449033581e-2 l4=1.4601451500428285e-2 l5=1.472745578634206e-2 l6=2.271775013185047e-2
info: ISSUE079_CREEP_TRACE stage=pre_ingress hour=183 dt_hours=2.5e-1 matrix_rate_m3_per_h=0e0 macro_rate_m3_per_h=0e0 l0=3.256242685484203e-3 l1=4.408118360844623e-3 l2=1.4629241341389296e-2 l3=1.4554374198196421e-2 l4=1.4602643705152836e-2 l5=1.472801377659128e-2 l6=2.2717414322033953e-2
info: ISSUE079_CREEP_TRACE stage=post_ingress hour=183 l0=3.256242685484203e-3 l1=4.408118360844623e-3 l2=1.4629241341389296e-2 l3=1.4554374198196421e-2 l4=1.4602643705152836e-2 l5=1.472801377659128e-2 l6=2.2717414322033953e-2
info: ISSUE079_CREEP_TRACE stage=pre_ingress hour=183 dt_hours=2.5e-1 matrix_rate_m3_per_h=0e0 macro_rate_m3_per_h=0e0 l0=3.255424439434526e-3 l1=4.407265629031834e-3 l2=1.4629923182136075e-2 l3=1.4556183535047984e-2 l4=1.4603835854482704e-2 l5=1.472857764975659e-2 l6=2.2717082106761242e-2
info: ISSUE079_CREEP_TRACE stage=post_ingress hour=183 l0=3.255424439434526e-3 l1=4.407265629031834e-3 l2=1.4629923182136075e-2 l3=1.4556183535047984e-2 l4=1.4603835854482704e-2 l5=1.472857764975659e-2 l6=2.2717082106761242e-2
info: ISSUE079_CREEP_TRACE stage=pre_ingress hour=183 dt_hours=2.5e-1 matrix_rate_m3_per_h=0e0 macro_rate_m3_per_h=0e0 l0=3.2546457783204107e-3 l1=4.40645168918386e-3 l2=1.4630539370957256e-2 l3=1.4557967158573128e-2 l4=1.4605027667248688e-2 l5=1.4729147303514562e-2 l6=2.2716753496605405e-2
info: ISSUE079_CREEP_TRACE stage=post_ingress hour=183 l0=3.2546457783204107e-3 l1=4.40645168918386e-3 l2=1.4630539370957256e-2 l3=1.4557967158573128e-2 l4=1.4605027667248688e-2 l5=1.4729147303514562e-2 l6=2.2716753496605405e-2
error: TEMP_DIAGNOSTIC n_ledger[init]: cells.len=1
error: TEMP_DIAGNOSTIC n_ledger[init]: cells.len=1
info: ISSUE079_CREEP_TRACE stage=pre_ingress hour=184 dt_hours=2.5e-1 matrix_rate_m3_per_h=0e0 macro_rate_m3_per_h=0e0 l0=3.253928663195556e-3 l1=4.405674579725845e-3 l2=1.463109501684257e-2 l3=1.4559802105031078e-2 l4=1.4606695902814886e-2 l5=1.4729698883876832e-2 l6=2.2716456187172683e-2
info: ISSUE079_CREEP_TRACE stage=post_ingress hour=184 l0=3.253928663195556e-3 l1=4.405674579725845e-3 l2=1.463109501684257e-2 l3=1.4559802105031078e-2 l4=1.4606695902814886e-2 l5=1.4729698883876832e-2 l6=2.2716456187172683e-2
info: ISSUE079_CREEP_TRACE stage=pre_ingress hour=184 dt_hours=2.5e-1 matrix_rate_m3_per_h=0e0 macro_rate_m3_per_h=0e0 l0=3.253220885626203e-3 l1=4.404933394247208e-3 l2=1.46315951399045e-2 l3=1.4561533791535321e-2 l4=1.4607886177342029e-2 l5=1.4730279686956919e-2 l6=2.2716134755353265e-2
info: ISSUE079_CREEP_TRACE stage=post_ingress hour=184 l0=3.253220885626203e-3 l1=4.404933394247208e-3 l2=1.46315951399045e-2 l3=1.4561533791535321e-2 l4=1.4607886177342029e-2 l5=1.4730279686956919e-2 l6=2.2716134755353265e-2
info: ISSUE079_CREEP_TRACE stage=pre_ingress hour=184 dt_hours=2.5e-1 matrix_rate_m3_per_h=0e0 macro_rate_m3_per_h=0e0 l0=3.252545913479803e-3 l1=4.404224906607864e-3 l2=1.4632044097180425e-2 l3=1.4563239338450124e-2 l4=1.4609075293023176e-2 l5=1.4730865950872597e-2 l6=2.2715816957475387e-2
info: ISSUE079_CREEP_TRACE stage=post_ingress hour=184 l0=3.252545913479803e-3 l1=4.404224906607864e-3 l2=1.4632044097180425e-2 l3=1.4563239338450124e-2 l4=1.4609075293023176e-2 l5=1.4730865950872597e-2 l6=2.2715816957475387e-2
info: ISSUE079_CREEP_TRACE stage=pre_ingress hour=184 dt_hours=2.5e-1 matrix_rate_m3_per_h=0e0 macro_rate_m3_per_h=0e0 l0=3.251901704891594e-3 l1=4.403547438884595e-3 l2=1.4632446010381517e-2 l3=1.4564918738870902e-2 l4=1.4610262984982568e-2 l5=1.4731457564862726e-2 l6=2.271550280222224e-2
info: ISSUE079_CREEP_TRACE stage=post_ingress hour=184 l0=3.251901704891594e-3 l1=4.403547438884595e-3 l2=1.4632446010381517e-2 l3=1.4564918738870902e-2 l4=1.4610262984982568e-2 l5=1.4731457564862726e-2 l6=2.271550280222224e-2
error: TEMP_DIAGNOSTIC n_ledger[init]: cells.len=1
error: TEMP_DIAGNOSTIC n_ledger[init]: cells.len=1
info: ISSUE079_CREEP_TRACE stage=pre_ingress hour=185 dt_hours=2.5e-1 matrix_rate_m3_per_h=0e0 macro_rate_m3_per_h=0e0 l0=3.2513109836935635e-3 l1=4.402899368187503e-3 l2=1.4632804658260178e-2 l3=1.4566572143122453e-2 l4=1.461152699724124e-2 l5=1.4732546787190968e-2 l6=2.2715193594907333e-2
info: ISSUE079_CREEP_TRACE stage=post_ingress hour=185 l0=3.2513109836935635e-3 l1=4.402899368187503e-3 l2=1.4632804658260178e-2 l3=1.4566572143122453e-2 l4=1.461152699724124e-2 l5=1.4732546787190968e-2 l6=2.2715193594907333e-2
info: ISSUE079_CREEP_TRACE stage=pre_ingress hour=185 dt_hours=2.5e-1 matrix_rate_m3_per_h=0e0 macro_rate_m3_per_h=0e0 l0=3.250722099441368e-3 l1=4.40228014196121e-3 l2=1.463312378328192e-2 l3=1.4568199483046827e-2 l4=1.4612711144193097e-2 l5=1.4733148596498605e-2 l6=2.2714886696641266e-2
info: ISSUE079_CREEP_TRACE stage=post_ingress hour=185 l0=3.250722099441368e-3 l1=4.40228014196121e-3 l2=1.463312378328192e-2 l3=1.4568199483046827e-2 l4=1.4612711144193097e-2 l5=1.4733148596498605e-2 l6=2.2714886696641266e-2
info: ISSUE079_CREEP_TRACE stage=pre_ingress hour=185 dt_hours=2.5e-1 matrix_rate_m3_per_h=0e0 macro_rate_m3_per_h=0e0 l0=3.250159135038862e-3 l1=4.401686918163802e-3 l2=1.4633406591461732e-2 l3=1.4569800973239797e-2 l4=1.4613893107156025e-2 l5=1.4733755417311263e-2 l6=2.2714583463599797e-2
info: ISSUE079_CREEP_TRACE stage=post_ingress hour=185 l0=3.250159135038862e-3 l1=4.401686918163802e-3 l2=1.4633406591461732e-2 l3=1.4569800973239797e-2 l4=1.4613893107156025e-2 l5=1.4733755417311263e-2 l6=2.2714583463599797e-2
info: ISSUE079_CREEP_TRACE stage=pre_ingress hour=185 dt_hours=2.5e-1 matrix_rate_m3_per_h=0e0 macro_rate_m3_per_h=0e0 l0=3.249620538574343e-3 l1=4.4011184076302255e-3 l2=1.4633656117392034e-2 l3=1.4571376799697392e-2 l4=1.4615072648786838e-2 l5=1.4734367132180763e-2 l6=2.271428390250766e-2
info: ISSUE079_CREEP_TRACE stage=post_ingress hour=185 l0=3.249620538574343e-3 l1=4.4011184076302255e-3 l2=1.4633656117392034e-2 l3=1.4571376799697392e-2 l4=1.4615072648786838e-2 l5=1.4734367132180763e-2 l6=2.271428390250766e-2
error: TEMP_DIAGNOSTIC n_ledger[init]: cells.len=1
error: TEMP_DIAGNOSTIC n_ledger[init]: cells.len=1
info: ISSUE079_CREEP_TRACE stage=pre_ingress hour=186 dt_hours=2.5e-1 matrix_rate_m3_per_h=0e0 macro_rate_m3_per_h=0e0 l0=3.2491294992760622e-3 l1=4.400573375732657e-3 l2=1.4633875133828342e-2 l3=1.45729272847414e-2 l4=1.4616249726048542e-2 l5=1.47350642359107e-2 l6=2.2714521814089936e-2
info: ISSUE079_CREEP_TRACE stage=post_ingress hour=186 l0=3.2491294992760622e-3 l1=4.400573375732657e-3 l2=1.4633875133828342e-2 l3=1.45729272847414e-2 l4=1.4616249726048542e-2 l5=1.47350642359107e-2 l6=2.2714521814089936e-2
info: ISSUE079_CREEP_TRACE stage=pre_ingress hour=186 dt_hours=2.5e-1 matrix_rate_m3_per_h=0e0 macro_rate_m3_per_h=0e0 l0=3.2486346943697915e-3 l1=4.4000516191547955e-3 l2=1.4634066432776626e-2 l3=1.4574452510866264e-2 l4=1.461742372243584e-2 l5=1.4735685336978633e-2 l6=2.2714229533924886e-2
info: ISSUE079_CREEP_TRACE stage=post_ingress hour=186 l0=3.2486346943697915e-3 l1=4.4000516191547955e-3 l2=1.4634066432776626e-2 l3=1.4574452510866264e-2 l4=1.461742372243584e-2 l5=1.4735685336978633e-2 l6=2.2714229533924886e-2
info: ISSUE079_CREEP_TRACE stage=pre_ingress hour=186 dt_hours=2.5e-1 matrix_rate_m3_per_h=0e0 macro_rate_m3_per_h=0e0 l0=3.248160628316283e-3 l1=4.399550641275374e-3 l2=1.4634232355223292e-2 l3=1.4575952830629768e-2 l4=1.4618594633711969e-2 l5=1.4736310972922504e-2 l6=2.271394094293652e-2
info: ISSUE079_CREEP_TRACE stage=post_ingress hour=186 l0=3.248160628316283e-3 l1=4.399550641275374e-3 l2=1.4634232355223292e-2 l3=1.4575952830629768e-2 l4=1.4618594633711969e-2 l5=1.4736310972922504e-2 l6=2.271394094293652e-2
info: ISSUE079_CREEP_TRACE stage=pre_ingress hour=186 dt_hours=2.5e-1 matrix_rate_m3_per_h=0e0 macro_rate_m3_per_h=0e0 l0=3.247706086232195e-3 l1=4.39906947986592e-3 l2=1.4634375126554466e-2 l3=1.4577428550236587e-2 l4=1.4619762255160903e-2 l5=1.473694102198904e-2 l6=2.271365604581664e-2
info: ISSUE079_CREEP_TRACE stage=post_ingress hour=186 l0=3.247706086232195e-3 l1=4.39906947986592e-3 l2=1.4634375126554466e-2 l3=1.4577428550236587e-2 l4=1.4619762255160903e-2 l5=1.473694102198904e-2 l6=2.271365604581664e-2
error: TEMP_DIAGNOSTIC n_ledger[init]: cells.len=1
error: TEMP_DIAGNOSTIC n_ledger[init]: cells.len=1
info: ISSUE079_CREEP_TRACE stage=pre_ingress hour=187 dt_hours=2.5e-1 matrix_rate_m3_per_h=0e0 macro_rate_m3_per_h=0e0 l0=3.2472945972492535e-3 l1=4.398607214881205e-3 l2=1.4634496773092451e-2 l3=1.4578880092461312e-2 l4=1.462092657736513e-2 l5=1.4737575989839964e-2 l6=2.2713462640710242e-2
info: ISSUE079_CREEP_TRACE stage=post_ingress hour=187 l0=3.2472945972492535e-3 l1=4.398607214881205e-3 l2=1.4634496773092451e-2 l3=1.4578880092461312e-2 l4=1.462092657736513e-2 l5=1.4737575989839964e-2 l6=2.2713462640710242e-2
info: ISSUE079_CREEP_TRACE stage=pre_ingress hour=187 dt_hours=2.5e-1 matrix_rate_m3_per_h=0e0 macro_rate_m3_per_h=0e0 l0=3.246875049360773e-3 l1=4.3981639199999305e-3 l2=1.4634599378907154e-2 l3=1.4580307646024762e-2 l4=1.4622086999238485e-2 l5=1.4738214392408836e-2 l6=2.2713185183957305e-2
info: ISSUE079_CREEP_TRACE stage=post_ingress hour=187 l0=3.246875049360773e-3 l1=4.3981639199999305e-3 l2=1.4634599378907154e-2 l3=1.4580307646024762e-2 l4=1.4622086999238485e-2 l5=1.4738214392408836e-2 l6=2.2713185183957305e-2
info: ISSUE079_CREEP_TRACE stage=pre_ingress hour=187 dt_hours=2.5e-1 matrix_rate_m3_per_h=0e0 macro_rate_m3_per_h=0e0 l0=3.2464722708172174e-3 l1=4.397737366293824e-3 l2=1.4634684645912383e-2 l3=1.4581711634236062e-2 l4=1.4623243568373034e-2 l5=1.4738856840617955e-2 l6=2.271291143141064e-2
info: ISSUE079_CREEP_TRACE stage=post_ingress hour=187 l0=3.2464722708172174e-3 l1=4.397737366293824e-3 l2=1.4634684645912383e-2 l3=1.4581711634236062e-2 l4=1.4623243568373034e-2 l5=1.4738856840617955e-2 l6=2.271291143141064e-2
info: ISSUE079_CREEP_TRACE stage=pre_ingress hour=187 dt_hours=2.5e-1 matrix_rate_m3_per_h=0e0 macro_rate_m3_per_h=0e0 l0=3.246085295554282e-3 l1=4.397326843892799e-3 l2=1.463475420006677e-2 l3=1.4583092432139916e-2 l4=1.4624396114266426e-2 l5=1.4739503210615635e-2 l6=2.271264138571386e-2
info: ISSUE079_CREEP_TRACE stage=post_ingress hour=187 l0=3.246085295554282e-3 l1=4.397326843892799e-3 l2=1.463475420006677e-2 l3=1.4583092432139916e-2 l4=1.4624396114266426e-2 l5=1.4739503210615635e-2 l6=2.271264138571386e-2
error: TEMP_DIAGNOSTIC n_ledger[init]: cells.len=1
error: TEMP_DIAGNOSTIC n_ledger[init]: cells.len=1
info: ISSUE079_CREEP_TRACE stage=pre_ingress hour=188 dt_hours=2.5e-1 matrix_rate_m3_per_h=0e0 macro_rate_m3_per_h=0e0 l0=3.245737913722435e-3 l1=4.396931674807044e-3 l2=1.463480951770982e-2 l3=1.4584450516461744e-2 l4=1.4625544656051807e-2 l5=1.4740154005222812e-2 l6=2.2712376913102635e-2
info: ISSUE079_CREEP_TRACE stage=post_ingress hour=188 l0=3.245737913722435e-3 l1=4.396931674807044e-3 l2=1.463480951770982e-2 l3=1.4584450516461744e-2 l4=1.4625544656051807e-2 l5=1.4740154005222812e-2 l6=2.2712376913102635e-2
info: ISSUE079_CREEP_TRACE stage=pre_ingress hour=188 dt_hours=2.5e-1 matrix_rate_m3_per_h=0e0 macro_rate_m3_per_h=0e0 l0=3.2453791499366404e-3 l1=4.396552143261354e-3 l2=1.4634852152761902e-2 l3=1.4585786137536215e-2 l4=1.462668863962051e-2 l5=1.47408077301368e-2 l6=2.2712114339691215e-2
info: ISSUE079_CREEP_TRACE stage=post_ingress hour=188 l0=3.2453791499366404e-3 l1=4.396552143261354e-3 l2=1.4634852152761902e-2 l3=1.4585786137536215e-2 l4=1.462668863962051e-2 l5=1.47408077301368e-2 l6=2.2712114339691215e-2
info: ISSUE079_CREEP_TRACE stage=pre_ingress hour=188 dt_hours=2.5e-1 matrix_rate_m3_per_h=0e0 macro_rate_m3_per_h=0e0 l0=3.2450340886804947e-3 l1=4.39618622270408e-3 l2=1.4634883337551242e-2 l3=1.4587099751888134e-2 l4=1.4627828138787049e-2 l5=1.4741465006558296e-2 l6=2.2711855477257608e-2
info: ISSUE079_CREEP_TRACE stage=post_ingress hour=188 l0=3.2450340886804947e-3 l1=4.39618622270408e-3 l2=1.4634883337551242e-2 l3=1.4587099751888134e-2 l4=1.4627828138787049e-2 l5=1.4741465006558296e-2 l6=2.2711855477257608e-2
info: ISSUE079_CREEP_TRACE stage=pre_ingress hour=188 dt_hours=2.5e-1 matrix_rate_m3_per_h=0e0 macro_rate_m3_per_h=0e0 l0=3.2447019510116297e-3 l1=4.395833395080383e-3 l2=1.4634904254367396e-2 l3=1.4588391767763232e-2 l4=1.462896301641134e-2 l5=1.4742125710625614e-2 l6=2.2711600326412753e-2
info: ISSUE079_CREEP_TRACE stage=post_ingress hour=188 l0=3.2447019510116297e-3 l1=4.395833395080383e-3 l2=1.4634904254367396e-2 l3=1.4588391767763232e-2 l4=1.462896301641134e-2 l5=1.4742125710625614e-2 l6=2.2711600326412753e-2
error: TEMP_DIAGNOSTIC n_ledger[init]: cells.len=1
error: TEMP_DIAGNOSTIC n_ledger[init]: cells.len=1
info: ISSUE079_CREEP_TRACE stage=pre_ingress hour=189 dt_hours=2.5e-1 matrix_rate_m3_per_h=0e0 macro_rate_m3_per_h=0e0 l0=3.244406732572832e-3 l1=4.3954931669704525e-3 l2=1.4634915974541977e-2 l3=1.458966268515628e-2 l4=1.4630093318793008e-2 l5=1.4742790338343668e-2 l6=2.271135075743337e-2
info: ISSUE079_CREEP_TRACE stage=post_ingress hour=189 l0=3.244406732572832e-3 l1=4.3954931669704525e-3 l2=1.4634915974541977e-2 l3=1.458966268515628e-2 l4=1.4630093318793008e-2 l5=1.4742790338343668e-2 l6=2.271135075743337e-2
info: ISSUE079_CREEP_TRACE stage=pre_ingress hour=189 dt_hours=2.5e-1 matrix_rate_m3_per_h=0e0 macro_rate_m3_per_h=0e0 l0=3.244097541265456e-3 l1=4.395165983092059e-3 l2=1.4634919655723415e-2 l3=1.4590912782285135e-2 l4=1.4631218537390852e-2 l5=1.4743457413017597e-2 l6=2.271110308003854e-2
info: ISSUE079_CREEP_TRACE stage=post_ingress hour=189 l0=3.244097541265456e-3 l1=4.395165983092059e-3 l2=1.4634919655723415e-2 l3=1.4590912782285135e-2 l4=1.4631218537390852e-2 l5=1.4743457413017597e-2 l6=2.271110308003854e-2
info: ISSUE079_CREEP_TRACE stage=pre_ingress hour=189 dt_hours=2.5e-1 matrix_rate_m3_per_h=0e0 macro_rate_m3_per_h=0e0 l0=3.2437996679502514e-3 l1=4.3948499682080425e-3 l2=1.4634916184764566e-2 l3=1.4592142524726105e-2 l4=1.4632338770267409e-2 l5=1.4744127547879663e-2 l6=2.2710859112317523e-2
info: ISSUE079_CREEP_TRACE stage=post_ingress hour=189 l0=3.2437996679502514e-3 l1=4.3948499682080425e-3 l2=1.4634916184764566e-2 l3=1.4592142524726105e-2 l4=1.4632338770267409e-2 l5=1.4744127547879663e-2 l6=2.2710859112317523e-2
info: ISSUE079_CREEP_TRACE stage=pre_ingress hour=189 dt_hours=2.5e-1 matrix_rate_m3_per_h=0e0 macro_rate_m3_per_h=0e0 l0=3.2435124753078825e-3 l1=4.3945447502004254e-3 l2=1.4634906415616898e-2 l3=1.4593352329713462e-2 l4=1.4633453911338848e-2 l5=1.4744800620917533e-2 l6=2.271061885289301e-2
info: ISSUE079_CREEP_TRACE stage=post_ingress hour=189 l0=3.2435124753078825e-3 l1=4.3945447502004254e-3 l2=1.4634906415616898e-2 l3=1.4593352329713462e-2 l4=1.4633453911338848e-2 l5=1.4744800620917533e-2 l6=2.271061885289301e-2
error: TEMP_DIAGNOSTIC n_ledger[init]: cells.len=1
error: TEMP_DIAGNOSTIC n_ledger[init]: cells.len=1
info: ISSUE079_CREEP_TRACE stage=pre_ingress hour=190 dt_hours=2.5e-1 matrix_rate_m3_per_h=0e0 macro_rate_m3_per_h=0e0 l0=3.2432601234532953e-3 l1=4.394249976470461e-3 l2=1.4634891121825075e-2 l3=1.4594542699588509e-2 l4=1.4634564033009572e-2 l5=1.474547712297997e-2 l6=2.2710384169891407e-2
info: ISSUE079_CREEP_TRACE stage=post_ingress hour=190 l0=3.2432601234532953e-3 l1=4.394249976470461e-3 l2=1.4634891121825075e-2 l3=1.4594542699588509e-2 l4=1.4634564033009572e-2 l5=1.474547712297997e-2 l6=2.2710384169891407e-2
info: ISSUE079_CREEP_TRACE stage=pre_ingress hour=190 dt_hours=2.5e-1 matrix_rate_m3_per_h=0e0 macro_rate_m3_per_h=0e0 l0=3.2429917612289204e-3 l1=4.393966217368821e-3 l2=1.4634871163220734e-2 l3=1.459571391794875e-2 l4=1.4635668666274085e-2 l5=1.4746155596723482e-2 l6=2.2710151370687395e-2
info: ISSUE079_CREEP_TRACE stage=post_ingress hour=190 l0=3.2429917612289204e-3 l1=4.393966217368821e-3 l2=1.4634871163220734e-2 l3=1.459571391794875e-2 l4=1.4635668666274085e-2 l5=1.4746155596723482e-2 l6=2.2710151370687395e-2
info: ISSUE079_CREEP_TRACE stage=pre_ingress hour=190 dt_hours=2.5e-1 matrix_rate_m3_per_h=0e0 macro_rate_m3_per_h=0e0 l0=3.2427328520083024e-3 l1=4.393691707403272e-3 l2=1.463484717399022e-2 l3=1.4596866443400114e-2 l4=1.4636767932273684e-2 l5=1.4746836649173251e-2 l6=2.2709922272011428e-2
info: ISSUE079_CREEP_TRACE stage=post_ingress hour=190 l0=3.2427328520083024e-3 l1=4.393691707403272e-3 l2=1.463484717399022e-2 l3=1.4596866443400114e-2 l4=1.4636767932273684e-2 l5=1.4746836649173251e-2 l6=2.2709922272011428e-2
info: ISSUE079_CREEP_TRACE stage=pre_ingress hour=190 dt_hours=2.5e-1 matrix_rate_m3_per_h=0e0 macro_rate_m3_per_h=0e0 l0=3.242482866820784e-3 l1=4.3934261867022e-3 l2=1.4634819765204133e-2 l3=1.459800068617237e-2 l4=1.4637861752897115e-2 l5=1.4747520161740663e-2 l6=2.2709696870572487e-2
info: ISSUE079_CREEP_TRACE stage=post_ingress hour=190 l0=3.242482866820784e-3 l1=4.3934261867022e-3 l2=1.4634819765204133e-2 l3=1.459800068617237e-2 l4=1.4637861752897115e-2 l5=1.4747520161740663e-2 l6=2.2709696870572487e-2
error: TEMP_DIAGNOSTIC n_ledger[init]: cells.len=1
error: TEMP_DIAGNOSTIC n_ledger[init]: cells.len=1
info: ISSUE079_CREEP_TRACE stage=pre_ingress hour=191 dt_hours=2.5e-1 matrix_rate_m3_per_h=0e0 macro_rate_m3_per_h=0e0 l0=3.242266098793665e-3 l1=4.393169411553551e-3 l2=1.4634789491882561e-2 l3=1.459911713745948e-2 l4=1.463895022421677e-2 l5=1.4748206623021403e-2 l6=2.2709477032471607e-2
info: ISSUE079_CREEP_TRACE stage=post_ingress hour=191 l0=3.242266098793665e-3 l1=4.393169411553551e-3 l2=1.4634789491882561e-2 l3=1.459911713745948e-2 l4=1.463895022421677e-2 l5=1.4748206623021403e-2 l6=2.2709477032471607e-2
info: ISSUE079_CREEP_TRACE stage=pre_ingress hour=191 dt_hours=2.5e-1 matrix_rate_m3_per_h=0e0 macro_rate_m3_per_h=0e0 l0=3.2420317139974404e-3 l1=4.392922053365507e-3 l2=1.4634756990274887e-2 l3=1.4600216071155168e-2 l4=1.4640032911670674e-2 l5=1.4748894593310784e-2 l6=2.270925906300861e-2
info: ISSUE079_CREEP_TRACE stage=post_ingress hour=191 l0=3.2420317139974404e-3 l1=4.392922053365507e-3 l2=1.4634756990274887e-2 l3=1.4600216071155168e-2 l4=1.4640032911670674e-2 l5=1.4748894593310784e-2 l6=2.270925906300861e-2
info: ISSUE079_CREEP_TRACE stage=pre_ingress hour=191 dt_hours=2.5e-1 matrix_rate_m3_per_h=0e0 macro_rate_m3_per_h=0e0 l0=3.241805313128346e-3 l1=4.392682425318541e-3 l2=1.4634722710127026e-2 l3=1.4601297928872868e-2 l4=1.464110995708109e-2 l5=1.4749584676474766e-2 l6=2.2709044777390608e-2
info: ISSUE079_CREEP_TRACE stage=post_ingress hour=191 l0=3.241805313128346e-3 l1=4.392682425318541e-3 l2=1.4634722710127026e-2 l3=1.4601297928872868e-2 l4=1.464110995708109e-2 l5=1.4749584676474766e-2 l6=2.2709044777390608e-2
info: ISSUE079_CREEP_TRACE stage=pre_ingress hour=191 dt_hours=2.5e-1 matrix_rate_m3_per_h=0e0 macro_rate_m3_per_h=0e0 l0=3.241586448548658e-3 l1=4.392450353161735e-3 l2=1.4634687082929618e-2 l3=1.4602363103668374e-2 l4=1.4642181306862423e-2 l5=1.4750276758599691e-2 l6=2.2708834170489106e-2
info: ISSUE079_CREEP_TRACE stage=post_ingress hour=191 l0=3.241586448548658e-3 l1=4.392450353161735e-3 l2=1.4634687082929618e-2 l3=1.4602363103668374e-2 l4=1.4642181306862423e-2 l5=1.4750276758599691e-2 l6=2.2708834170489106e-2
error: TEMP_DIAGNOSTIC n_ledger[init]: cells.len=1
error: TEMP_DIAGNOSTIC n_ledger[init]: cells.len=1
info: ISSUE079_CREEP_TRACE stage=pre_ingress hour=192 dt_hours=2.5e-1 matrix_rate_m3_per_h=0e0 macro_rate_m3_per_h=0e0 l0=3.2413995211686567e-3 l1=4.392225677591446e-3 l2=1.4634650504870195e-2 l3=1.460341206751346e-2 l4=1.4643247077909058e-2 l5=1.4750971327570637e-2 l6=2.270862910786624e-2
info: ISSUE079_CREEP_TRACE stage=post_ingress hour=192 l0=3.2413995211686567e-3 l1=4.392225677591446e-3 l2=1.4634650504870195e-2 l3=1.460341206751346e-2 l4=1.4643247077909058e-2 l5=1.4750971327570637e-2 l6=2.270862910786624e-2
info: ISSUE079_CREEP_TRACE stage=pre_ingress hour=192 dt_hours=2.5e-1 matrix_rate_m3_per_h=0e0 macro_rate_m3_per_h=0e0 l0=3.2411936907762264e-3 l1=4.3920091478329365e-3 l2=1.4634613442342714e-2 l3=1.460444507473718e-2 l4=1.4644306865333778e-2 l5=1.4751666961679661e-2 l6=2.2708425890126775e-2
info: ISSUE079_CREEP_TRACE stage=post_ingress hour=192 l0=3.2411936907762264e-3 l1=4.3920091478329365e-3 l2=1.4634613442342714e-2 l3=1.460444507473718e-2 l4=1.4644306865333778e-2 l5=1.4751666961679661e-2 l6=2.2708425890126775e-2
info: ISSUE079_CREEP_TRACE stage=pre_ingress hour=192 dt_hours=2.5e-1 matrix_rate_m3_per_h=0e0 macro_rate_m3_per_h=0e0 l0=3.240994680125011e-3 l1=4.391799133212095e-3 l2=1.4634576210579297e-2 l3=1.4605462544149963e-2 l4=1.4645360828888704e-2 l5=1.4752364263115436e-2 l6=2.270822633238878e-2
info: ISSUE079_CREEP_TRACE stage=post_ingress hour=192 l0=3.240994680125011e-3 l1=4.391799133212095e-3 l2=1.4634576210579297e-2 l3=1.4605462544149963e-2 l4=1.4645360828888704e-2 l5=1.4752364263115436e-2 l6=2.270822633238878e-2
info: ISSUE079_CREEP_TRACE stage=pre_ingress hour=192 dt_hours=2.5e-1 matrix_rate_m3_per_h=0e0 macro_rate_m3_per_h=0e0 l0=3.240802104197647e-3 l1=4.391595526546259e-3 l2=1.4634539108332546e-2 l3=1.4606464845629885e-2 l4=1.4646408936086762e-2 l5=1.4753063123643674e-2 l6=2.2708030427812647e-2
info: ISSUE079_CREEP_TRACE stage=post_ingress hour=192 l0=3.240802104197647e-3 l1=4.391595526546259e-3 l2=1.4634539108332546e-2 l3=1.4606464845629885e-2 l4=1.4646408936086762e-2 l5=1.4753063123643674e-2 l6=2.2708030427812647e-2
error: TEMP_DIAGNOSTIC n_ledger[init]: cells.len=1
info: daily conservation accepted: day=8 year=1998 hour=24 water=6.937095153427634e-15 heat=8.352387206646489e-14 oxygen=1.084166859746789e-13 hydrogen=4.520334338803398e-16 carbon=4.5324671425237893e-13 nitrogen=1.2990469046896931e-14 phosphorus=1.5684328413078486e-12 aluminum=3.1421394191291446e-9 iron=3.5048433327806763e-6 calcium=1.2517235728125564e-9 magnesium=0e0 sodium=0e0 potassium=0e0 sulfur=0e0 chloride=0e0 silicon=3.664915142949276e-6 sand=1e0 silt=1e0 clay=0e0 rock_additive=0e0 cec=6.677099634846113e-2 aec=3.008225616921269e-2
info: day advanced: scene_weather_hours=192 final_hour_elapsed_ms=240
error: TEMP_DIAGNOSTIC n_ledger[init]: cells.len=1
info: ISSUE079_CREEP_TRACE stage=pre_ingress hour=193 dt_hours=2.5e-1 matrix_rate_m3_per_h=0e0 macro_rate_m3_per_h=0e0 l0=3.240640451488941e-3 l1=4.39139823493622e-3 l2=1.463450241696708e-2 l3=1.4607452428257712e-2 l4=1.464745132207828e-2 l5=1.4753764032029631e-2 l6=2.2707840042124797e-2
info: ISSUE079_CREEP_TRACE stage=post_ingress hour=193 l0=3.240640451488941e-3 l1=4.39139823493622e-3 l2=1.463450241696708e-2 l3=1.4607452428257712e-2 l4=1.464745132207828e-2 l5=1.4753764032029631e-2 l6=2.2707840042124797e-2
info: ISSUE079_CREEP_TRACE stage=pre_ingress hour=193 dt_hours=2.5e-1 matrix_rate_m3_per_h=0e0 macro_rate_m3_per_h=0e0 l0=3.2404588640275673e-3 l1=4.391208067681802e-3 l2=1.463446647215404e-2 l3=1.4608425519009517e-2 l4=1.4648487606470958e-2 l5=1.4754465583955394e-2 l6=2.2707651470362543e-2
info: ISSUE079_CREEP_TRACE stage=post_ingress hour=193 l0=3.2404588640275673e-3 l1=4.391208067681802e-3 l2=1.463446647215404e-2 l3=1.4608425519009517e-2 l4=1.4648487606470958e-2 l5=1.4754465583955394e-2 l6=2.2707651470362543e-2
info: ISSUE079_CREEP_TRACE stage=pre_ingress hour=193 dt_hours=2.5e-1 matrix_rate_m3_per_h=0e0 macro_rate_m3_per_h=0e0 l0=3.2402831658152305e-3 l1=4.3910234379901155e-3 l2=1.4634431492939803e-2 l3=1.4609384511880943e-2 l4=1.4649517964517406e-2 l5=1.4755168381526792e-2 l6=2.2707466528109743e-2
info: ISSUE079_CREEP_TRACE stage=post_ingress hour=193 l0=3.2402831658152305e-3 l1=4.3910234379901155e-3 l2=1.4634431492939803e-2 l3=1.4609384511880943e-2 l4=1.4649517964517406e-2 l5=1.4755168381526792e-2 l6=2.2707466528109743e-2
info: ISSUE079_CREEP_TRACE stage=pre_ingress hour=193 dt_hours=2.5e-1 matrix_rate_m3_per_h=0e0 macro_rate_m3_per_h=0e0 l0=3.240113019620004e-3 l1=4.390844290729046e-3 l2=1.4634397680234553e-2 l3=1.4610329750389209e-2 l4=1.4650542381510083e-2 l5=1.4755872322906453e-2 l6=2.2707285206942283e-2
info: ISSUE079_CREEP_TRACE stage=post_ingress hour=193 l0=3.240113019620004e-3 l1=4.390844290729046e-3 l2=1.4634397680234553e-2 l3=1.4610329750389209e-2 l4=1.4650542381510083e-2 l5=1.4755872322906453e-2 l6=2.2707285206942283e-2
error: TEMP_DIAGNOSTIC n_ledger[init]: cells.len=1
error: TEMP_DIAGNOSTIC n_ledger[init]: cells.len=1
info: ISSUE079_CREEP_TRACE stage=pre_ingress hour=194 dt_hours=2.5e-1 matrix_rate_m3_per_h=0e0 macro_rate_m3_per_h=0e0 l0=3.2399729880548144e-3 l1=4.390670583430072e-3 l2=1.4634365232161026e-2 l3=1.4611261659214768e-2 l4=1.4651561009063487e-2 l5=1.4756577899047017e-2 l6=2.2707109373525533e-2
info: ISSUE079_CREEP_TRACE stage=post_ingress hour=194 l0=3.2399729880548144e-3 l1=4.390670583430072e-3 l2=1.4634365232161026e-2 l3=1.4611261659214768e-2 l4=1.4651561009063487e-2 l5=1.4756577899047017e-2 l6=2.2707109373525533e-2
info: ISSUE079_CREEP_TRACE stage=pre_ingress hour=194 dt_hours=2.5e-1 matrix_rate_m3_per_h=0e0 macro_rate_m3_per_h=0e0 l0=3.2398121820366916e-3 l1=4.3905031753541076e-3 l2=1.4634334384414697e-2 l3=1.4612180433299692e-2 l4=1.4652573485025668e-2 l5=1.4757283722085887e-2 l6=2.2706935316386283e-2
info: ISSUE079_CREEP_TRACE stage=post_ingress hour=194 l0=3.2398121820366916e-3 l1=4.3905031753541076e-3 l2=1.4634334384414697e-2 l3=1.4612180433299692e-2 l4=1.4652573485025668e-2 l5=1.4757283722085887e-2 l6=2.2706935316386283e-2
info: ISSUE079_CREEP_TRACE stage=pre_ingress hour=194 dt_hours=2.5e-1 matrix_rate_m3_per_h=0e0 macro_rate_m3_per_h=0e0 l0=3.2396565160668217e-3 l1=4.390340510611523e-3 l2=1.4634305287706647e-2 l3=1.4613086441669074e-2 l4=1.4653579998606258e-2 l5=1.4757990395473338e-2 l6=2.2706764852138364e-2
info: ISSUE079_CREEP_TRACE stage=post_ingress hour=194 l0=3.2396565160668217e-3 l1=4.390340510611523e-3 l2=1.4634305287706647e-2 l3=1.4613086441669074e-2 l4=1.4653579998606258e-2 l5=1.4757990395473338e-2 l6=2.2706764852138364e-2
info: ISSUE079_CREEP_TRACE stage=pre_ingress hour=194 dt_hours=2.5e-1 matrix_rate_m3_per_h=0e0 macro_rate_m3_per_h=0e0 l0=3.239505656484896e-3 l1=4.390182559853434e-3 l2=1.4634278067421574e-2 l3=1.4613979999940402e-2 l4=1.4654580549779606e-2 l5=1.4758697824249732e-2 l6=2.2706597970911964e-2
info: ISSUE079_CREEP_TRACE stage=post_ingress hour=194 l0=3.239505656484896e-3 l1=4.390182559853434e-3 l2=1.4634278067421574e-2 l3=1.4613979999940402e-2 l4=1.4654580549779606e-2 l5=1.4758697824249732e-2 l6=2.2706597970911964e-2
error: TEMP_DIAGNOSTIC n_ledger[init]: cells.len=1
error: TEMP_DIAGNOSTIC n_ledger[init]: cells.len=1
info: ISSUE079_CREEP_TRACE stage=pre_ingress hour=195 dt_hours=2.5e-1 matrix_rate_m3_per_h=0e0 macro_rate_m3_per_h=0e0 l0=3.2393843328496126e-3 l1=4.390029344731868e-3 l2=1.4634252863837661e-2 l3=1.4614861507813213e-2 l4=1.4655575305071167e-2 l5=1.4759406503595618e-2 l6=2.2706436541304536e-2
info: ISSUE079_CREEP_TRACE stage=post_ingress hour=195 l0=3.2393843328496126e-3 l1=4.390029344731868e-3 l2=1.4634252863837661e-2 l3=1.4614861507813213e-2 l4=1.4655575305071167e-2 l5=1.4759406503595618e-2 l6=2.2706436541304536e-2
info: ISSUE079_CREEP_TRACE stage=pre_ingress hour=195 dt_hours=2.5e-1 matrix_rate_m3_per_h=0e0 macro_rate_m3_per_h=0e0 l0=3.23924143724836e-3 l1=4.38988177187297e-3 l2=1.463422984069986e-2 l3=1.4615731127843616e-2 l4=1.46565639151571e-2 l5=1.4760115059583521e-2 l6=2.270627684404539e-2
info: ISSUE079_CREEP_TRACE stage=post_ingress hour=195 l0=3.23924143724836e-3 l1=4.38988177187297e-3 l2=1.463422984069986e-2 l3=1.4615731127843616e-2 l4=1.46565639151571e-2 l5=1.4760115059583521e-2 l6=2.270627684404539e-2
info: ISSUE079_CREEP_TRACE stage=pre_ingress hour=195 dt_hours=2.5e-1 matrix_rate_m3_per_h=0e0 macro_rate_m3_per_h=0e0 l0=3.2391031043538564e-3 l1=4.389738282651529e-3 l2=1.463420909856336e-2 l3=1.4616589203715443e-2 l4=1.4657546581372258e-2 l5=1.4760824098594442e-2 l6=2.2706120697502243e-2
info: ISSUE079_CREEP_TRACE stage=post_ingress hour=195 l0=3.2391031043538564e-3 l1=4.389738282651529e-3 l2=1.463420909856336e-2 l3=1.4616589203715443e-2 l4=1.4657546581372258e-2 l5=1.4760824098594442e-2 l6=2.2706120697502243e-2
info: ISSUE079_CREEP_TRACE stage=pre_ingress hour=195 dt_hours=2.5e-1 matrix_rate_m3_per_h=0e0 macro_rate_m3_per_h=0e0 l0=3.2389690359007884e-3 l1=4.389598908872392e-3 l2=1.4634190715072734e-2 l3=1.4617436023969373e-2 l4=1.4658523315578771e-2 l5=1.4761533532720627e-2 l6=2.270596809039573e-2
info: ISSUE079_CREEP_TRACE stage=post_ingress hour=195 l0=3.2389690359007884e-3 l1=4.389598908872392e-3 l2=1.4634190715072734e-2 l3=1.4617436023969373e-2 l4=1.4658523315578771e-2 l5=1.4761533532720627e-2 l6=2.270596809039573e-2
error: TEMP_DIAGNOSTIC n_ledger[init]: cells.len=1
error: TEMP_DIAGNOSTIC n_ledger[init]: cells.len=1
info: ISSUE079_CREEP_TRACE stage=pre_ingress hour=196 dt_hours=2.5e-1 matrix_rate_m3_per_h=0e0 macro_rate_m3_per_h=0e0 l0=3.2388638985117795e-3 l1=4.389463689100224e-3 l2=1.4634174787327047e-2 l3=1.4618271959829506e-2 l4=1.4659494294719041e-2 l5=1.4762243861568436e-2 l6=2.270582089409143e-2
info: ISSUE079_CREEP_TRACE stage=post_ingress hour=196 l0=3.2388638985117795e-3 l1=4.389463689100224e-3 l2=1.4634174787327047e-2 l3=1.4618271959829506e-2 l4=1.4659494294719041e-2 l5=1.4762243861568436e-2 l6=2.270582089409143e-2
info: ISSUE079_CREEP_TRACE stage=pre_ingress hour=196 dt_hours=2.5e-1 matrix_rate_m3_per_h=0e0 macro_rate_m3_per_h=0e0 l0=3.23873675596478e-3 l1=4.389333567907963e-3 l2=1.4634161429556654e-2 l3=1.4619097148843485e-2 l4=1.4660459181761993e-2 l5=1.4762953724258501e-2 l6=2.270567537906684e-2
info: ISSUE079_CREEP_TRACE stage=post_ingress hour=196 l0=3.23873675596478e-3 l1=4.389333567907963e-3 l2=1.4634161429556654e-2 l3=1.4619097148843485e-2 l4=1.4660459181761993e-2 l5=1.4762953724258501e-2 l6=2.270567537906684e-2
info: ISSUE079_CREEP_TRACE stage=pre_ingress hour=196 dt_hours=2.5e-1 matrix_rate_m3_per_h=0e0 macro_rate_m3_per_h=0e0 l0=3.2386136518714652e-3 l1=4.3892069988404215e-3 l2=1.4634150698015666e-2 l3=1.4619911906749767e-2 l4=1.466141818698485e-2 l5=1.4763663730866268e-2 l6=2.270553336693237e-2
info: ISSUE079_CREEP_TRACE stage=post_ingress hour=196 l0=3.2386136518714652e-3 l1=4.3892069988404215e-3 l2=1.4634150698015666e-2 l3=1.4619911906749767e-2 l4=1.466141818698485e-2 l5=1.4763663730866268e-2 l6=2.270553336693237e-2
info: ISSUE079_CREEP_TRACE stage=pre_ingress hour=196 dt_hours=2.5e-1 matrix_rate_m3_per_h=0e0 macro_rate_m3_per_h=0e0 l0=3.238494338487252e-3 l1=4.3890840339523e-3 l2=1.463414263180276e-2 l3=1.4620716495717636e-2 l4=1.4662371331866332e-2 l5=1.476437380075159e-2 l6=2.2705394845192246e-2
info: ISSUE079_CREEP_TRACE stage=post_ingress hour=196 l0=3.238494338487252e-3 l1=4.3890840339523e-3 l2=1.463414263180276e-2 l3=1.4620716495717636e-2 l4=1.4662371331866332e-2 l5=1.476437380075159e-2 l6=2.2705394845192246e-2
error: TEMP_DIAGNOSTIC n_ledger[init]: cells.len=1
error: TEMP_DIAGNOSTIC n_ledger[init]: cells.len=1
info: ISSUE079_CREEP_TRACE stage=pre_ingress hour=197 dt_hours=2.5e-1 matrix_rate_m3_per_h=0e0 macro_rate_m3_per_h=0e0 l0=3.2384034832091428e-3 l1=4.388964754192718e-3 l2=1.4634137318611306e-2 l3=1.462151126935017e-2 l4=1.4663318800827713e-2 l5=1.4765084437782895e-2 l6=2.270526168901328e-2
info: ISSUE079_CREEP_TRACE stage=post_ingress hour=197 l0=3.2384034832091428e-3 l1=4.388964754192718e-3 l2=1.4634137318611306e-2 l3=1.462151126935017e-2 l4=1.4663318800827713e-2 l5=1.4765084437782895e-2 l6=2.270526168901328e-2
info: ISSUE079_CREEP_TRACE stage=pre_ingress hour=197 dt_hours=2.5e-1 matrix_rate_m3_per_h=0e0 macro_rate_m3_per_h=0e0 l0=3.238290137864141e-3 l1=4.388850100148813e-3 l2=1.4634134801862965e-2 l3=1.462229632521524e-2 l4=1.4664260270142653e-2 l5=1.4765794295779457e-2 l6=2.270513015759874e-2
info: ISSUE079_CREEP_TRACE stage=post_ingress hour=197 l0=3.238290137864141e-3 l1=4.388850100148813e-3 l2=1.4634134801862965e-2 l3=1.462229632521524e-2 l4=1.4664260270142653e-2 l5=1.4765794295779457e-2 l6=2.270513015759874e-2
info: ISSUE079_CREEP_TRACE stage=pre_ingress hour=197 dt_hours=2.5e-1 matrix_rate_m3_per_h=0e0 macro_rate_m3_per_h=0e0 l0=3.238180432110977e-3 l1=4.3887385359847085e-3 l2=1.463413511769681e-2 l3=1.4623071959427244e-2 l4=1.4665195954868563e-2 l5=1.476650398766991e-2 l6=2.2705002076624244e-2
info: ISSUE079_CREEP_TRACE stage=post_ingress hour=197 l0=3.238180432110977e-3 l1=4.3887385359847085e-3 l2=1.463413511769681e-2 l3=1.4623071959427244e-2 l4=1.4665195954868563e-2 l5=1.476650398766991e-2 l6=2.2705002076624244e-2
info: ISSUE079_CREEP_TRACE stage=pre_ingress hour=197 dt_hours=2.5e-1 matrix_rate_m3_per_h=0e0 macro_rate_m3_per_h=0e0 l0=3.2380741311638325e-3 l1=4.38863012388472e-3 l2=1.4634138272807446e-2 l3=1.4623838408868753e-2 l4=1.4666125884050146e-2 l5=1.4767213440129705e-2 l6=2.270487743258403e-2
info: ISSUE079_CREEP_TRACE stage=post_ingress hour=197 l0=3.2380741311638325e-3 l1=4.38863012388472e-3 l2=1.4634138272807446e-2 l3=1.4623838408868753e-2 l4=1.4666125884050146e-2 l5=1.4767213440129705e-2 l6=2.270487743258403e-2
error: TEMP_DIAGNOSTIC n_ledger[init]: cells.len=1
error: TEMP_DIAGNOSTIC n_ledger[init]: cells.len=1
info: ISSUE079_CREEP_TRACE stage=pre_ingress hour=198 dt_hours=2.5e-1 matrix_rate_m3_per_h=0e0 macro_rate_m3_per_h=0e0 l0=3.237995916904721e-3 l1=4.3885249639332834e-3 l2=1.4634144347825064e-2 l3=1.4624596026761288e-2 l4=1.4667050256829219e-2 l5=1.4767923160197323e-2 l6=2.270475810395938e-2
info: ISSUE079_CREEP_TRACE stage=post_ingress hour=198 l0=3.237995916904721e-3 l1=4.3885249639332834e-3 l2=1.4634144347825064e-2 l3=1.4624596026761288e-2 l4=1.4667050256829219e-2 l5=1.4767923160197323e-2 l6=2.270475810395938e-2
info: ISSUE079_CREEP_TRACE stage=pre_ingress hour=198 dt_hours=2.5e-1 matrix_rate_m3_per_h=0e0 macro_rate_m3_per_h=0e0 l0=3.237894913185549e-3 l1=4.388423985558926e-3 l2=1.463415330826364e-2 l3=1.4625344839072208e-2 l4=1.4667968743678062e-2 l5=1.4768631819495535e-2 l6=2.2704640341016526e-2
info: ISSUE079_CREEP_TRACE stage=post_ingress hour=198 l0=3.237894913185549e-3 l1=4.388423985558926e-3 l2=1.463415330826364e-2 l3=1.4625344839072208e-2 l4=1.4667968743678062e-2 l5=1.4768631819495535e-2 l6=2.2704640341016526e-2
info: ISSUE079_CREEP_TRACE stage=pre_ingress hour=198 dt_hours=2.5e-1 matrix_rate_m3_per_h=0e0 macro_rate_m3_per_h=0e0 l0=3.2377971886753194e-3 l1=4.388325743515725e-3 l2=1.4634165201244572e-2 l3=1.462608514171451e-2 l4=1.4668881571591366e-2 l5=1.4769340032513035e-2 l6=2.2704525972960063e-2
info: ISSUE079_CREEP_TRACE stage=post_ingress hour=198 l0=3.2377971886753194e-3 l1=4.388325743515725e-3 l2=1.4634165201244572e-2 l3=1.462608514171451e-2 l4=1.4668881571591366e-2 l5=1.4769340032513035e-2 l6=2.2704525972960063e-2
info: ISSUE079_CREEP_TRACE stage=pre_ingress hour=198 dt_hours=2.5e-1 matrix_rate_m3_per_h=0e0 macro_rate_m3_per_h=0e0 l0=3.23770252812179e-3 l1=4.38823032111638e-3 l2=1.4634180017513326e-2 l3=1.4626817148171102e-2 l4=1.4669788775333764e-2 l5=1.477004773315531e-2 l6=2.2704414985557753e-2
info: ISSUE079_CREEP_TRACE stage=post_ingress hour=198 l0=3.23770252812179e-3 l1=4.38823032111638e-3 l2=1.4634180017513326e-2 l3=1.4626817148171102e-2 l4=1.4669788775333764e-2 l5=1.477004773315531e-2 l6=2.2704414985557753e-2
error: TEMP_DIAGNOSTIC n_ledger[init]: cells.len=1
error: TEMP_DIAGNOSTIC n_ledger[init]: cells.len=1
info: ISSUE079_CREEP_TRACE stage=pre_ingress hour=199 dt_hours=2.5e-1 matrix_rate_m3_per_h=0e0 macro_rate_m3_per_h=0e0 l0=3.2376356468128177e-3 l1=4.3881378039796835e-3 l2=1.4634197808994836e-2 l3=1.4627541203500833e-2 l4=1.467069058114178e-2 l5=1.4770755439864332e-2 l6=2.270430925901506e-2
info: ISSUE079_CREEP_TRACE stage=post_ingress hour=199 l0=3.2376356468128177e-3 l1=4.3881378039796835e-3 l2=1.4634197808994836e-2 l3=1.4627541203500833e-2 l4=1.467069058114178e-2 l5=1.4770755439864332e-2 l6=2.270430925901506e-2
info: ISSUE079_CREEP_TRACE stage=pre_ingress hour=199 dt_hours=2.5e-1 matrix_rate_m3_per_h=0e0 macro_rate_m3_per_h=0e0 l0=3.237545702134805e-3 l1=4.3880491725033785e-3 l2=1.4634218540074208e-2 l3=1.4628257277829106e-2 l4=1.4671586620465365e-2 l5=1.4771461823524932e-2 l6=2.270420503732934e-2
info: ISSUE079_CREEP_TRACE stage=post_ingress hour=199 l0=3.237545702134805e-3 l1=4.3880491725033785e-3 l2=1.4634218540074208e-2 l3=1.4628257277829106e-2 l4=1.4671586620465365e-2 l5=1.4771461823524932e-2 l6=2.270420503732934e-2
info: ISSUE079_CREEP_TRACE stage=pre_ingress hour=199 dt_hours=2.5e-1 matrix_rate_m3_per_h=0e0 macro_rate_m3_per_h=0e0 l0=3.237458728357269e-3 l1=4.387962978006485e-3 l2=1.4634242241381868e-2 l3=1.4628965662586728e-2 l4=1.46724771459019e-2 l5=1.477216750842785e-2 l6=2.270410415152182e-2
info: ISSUE079_CREEP_TRACE stage=post_ingress hour=199 l0=3.237458728357269e-3 l1=4.387962978006485e-3 l2=1.4634242241381868e-2 l3=1.4628965662586728e-2 l4=1.46724771459019e-2 l5=1.477216750842785e-2 l6=2.270410415152182e-2
info: ISSUE079_CREEP_TRACE stage=pre_ingress hour=199 dt_hours=2.5e-1 matrix_rate_m3_per_h=0e0 macro_rate_m3_per_h=0e0 l0=3.2373745223470986e-3 l1=4.3878793061835186e-3 l2=1.4634268889535229e-2 l3=1.4629666549663323e-2 l4=1.467336219622104e-2 l5=1.4772872435227393e-2 l6=2.2704006586507668e-2
info: ISSUE079_CREEP_TRACE stage=post_ingress hour=199 l0=3.2373745223470986e-3 l1=4.3878793061835186e-3 l2=1.4634268889535229e-2 l3=1.4629666549663323e-2 l4=1.467336219622104e-2 l5=1.4772872435227393e-2 l6=2.2704006586507668e-2
error: TEMP_DIAGNOSTIC n_ledger[init]: cells.len=1
error: TEMP_DIAGNOSTIC n_ledger[init]: cells.len=1
info: ISSUE079_CREEP_TRACE stage=pre_ingress hour=200 dt_hours=2.5e-1 matrix_rate_m3_per_h=0e0 macro_rate_m3_per_h=0e0 l0=3.237317836393508e-3 l1=4.3877982566399515e-3 l2=1.4634298502119952e-2 l3=1.4630360246548875e-2 l4=1.467424201451733e-2 l5=1.477357714822464e-2 l6=2.2703914233250026e-2
info: ISSUE079_CREEP_TRACE stage=post_ingress hour=200 l0=3.237317836393508e-3 l1=4.3877982566399515e-3 l2=1.4634298502119952e-2 l3=1.4630360246548875e-2 l4=1.467424201451733e-2 l5=1.477357714822464e-2 l6=2.2703914233250026e-2
info: ISSUE079_CREEP_TRACE stage=pre_ingress hour=200 dt_hours=2.5e-1 matrix_rate_m3_per_h=0e0 macro_rate_m3_per_h=0e0 l0=3.237237744865318e-3 l1=4.3877208222650056e-3 l2=1.463433107387243e-2 l3=1.46310467345368e-2 l4=1.4675116210197193e-2 l5=1.4774280288215145e-2 l6=2.270382331173761e-2
info: ISSUE079_CREEP_TRACE stage=post_ingress hour=200 l0=3.237237744865318e-3 l1=4.3877208222650056e-3 l2=1.463433107387243e-2 l3=1.46310467345368e-2 l4=1.4675116210197193e-2 l5=1.4774280288215145e-2 l6=2.270382331173761e-2
info: ISSUE079_CREEP_TRACE stage=pre_ingress hour=200 dt_hours=2.5e-1 matrix_rate_m3_per_h=0e0 macro_rate_m3_per_h=0e0 l0=3.237160384618959e-3 l1=4.387645539934412e-3 l2=1.4634366603706692e-2 l3=1.4631726270139473e-2 l4=1.4675985051664524e-2 l5=1.4774982503910088e-2 l6=2.270373566417096e-2
info: ISSUE079_CREEP_TRACE stage=post_ingress hour=200 l0=3.237160384618959e-3 l1=4.387645539934412e-3 l2=1.4634366603706692e-2 l3=1.4631726270139473e-2 l4=1.4675985051664524e-2 l5=1.4774982503910088e-2 l6=2.270373566417096e-2
info: ISSUE079_CREEP_TRACE stage=pre_ingress hour=200 dt_hours=2.5e-1 matrix_rate_m3_per_h=0e0 macro_rate_m3_per_h=0e0 l0=3.2370855628524823e-3 l1=4.387572512138375e-3 l2=1.4634405058034863e-2 l3=1.4632399025702167e-2 l4=1.4676848580636288e-2 l5=1.4775683742564931e-2 l6=2.2703651274855928e-2
info: ISSUE079_CREEP_TRACE stage=post_ingress hour=200 l0=3.2370855628524823e-3 l1=4.387572512138375e-3 l2=1.4634405058034863e-2 l3=1.4632399025702167e-2 l4=1.4676848580636288e-2 l5=1.4775683742564931e-2 l6=2.2703651274855928e-2
error: TEMP_DIAGNOSTIC n_ledger[init]: cells.len=1
error: TEMP_DIAGNOSTIC n_ledger[init]: cells.len=1
error: TEMP_DIAGNOSTIC n_ledger[init]: cells.len=1
error: TEMP_DIAGNOSTIC n_ledger[init]: cells.len=1
error: TEMP_DIAGNOSTIC n_ledger[init]: cells.len=1
error: TEMP_DIAGNOSTIC n_ledger[init]: cells.len=1
error: TEMP_DIAGNOSTIC n_ledger[init]: cells.len=1
error: TEMP_DIAGNOSTIC n_ledger[init]: cells.len=1
error: TEMP_DIAGNOSTIC n_ledger[init]: cells.len=1
error: TEMP_DIAGNOSTIC n_ledger[init]: cells.len=1
error: TEMP_DIAGNOSTIC n_ledger[init]: cells.len=1
error: TEMP_DIAGNOSTIC n_ledger[init]: cells.len=1
error: TEMP_DIAGNOSTIC n_ledger[init]: cells.len=1
error: TEMP_DIAGNOSTIC n_ledger[init]: cells.len=1
error: TEMP_DIAGNOSTIC n_ledger[init]: cells.len=1
error: TEMP_DIAGNOSTIC n_ledger[init]: cells.len=1
error: TEMP_DIAGNOSTIC n_ledger[init]: cells.len=1
error: TEMP_DIAGNOSTIC n_ledger[init]: cells.len=1
error: TEMP_DIAGNOSTIC n_ledger[init]: cells.len=1
error: TEMP_DIAGNOSTIC n_ledger[init]: cells.len=1
error: TEMP_DIAGNOSTIC n_ledger[init]: cells.len=1
error: TEMP_DIAGNOSTIC n_ledger[init]: cells.len=1
error: TEMP_DIAGNOSTIC n_ledger[init]: cells.len=1
error: TEMP_DIAGNOSTIC n_ledger[init]: cells.len=1
error: TEMP_DIAGNOSTIC n_ledger[init]: cells.len=1
error: TEMP_DIAGNOSTIC n_ledger[init]: cells.len=1
error: TEMP_DIAGNOSTIC n_ledger[init]: cells.len=1
error: TEMP_DIAGNOSTIC n_ledger[init]: cells.len=1
error: TEMP_DIAGNOSTIC n_ledger[init]: cells.len=1
error: TEMP_DIAGNOSTIC n_ledger[init]: cells.len=1
error: TEMP_DIAGNOSTIC n_ledger[init]: cells.len=1
error: TEMP_DIAGNOSTIC n_ledger[init]: cells.len=1
error: TEMP_DIAGNOSTIC n_ledger[init]: cells.len=1
info: daily conservation accepted: day=9 year=1998 hour=24 water=6.056581045983907e-15 heat=7.220538273532812e-14 oxygen=1.069694051356283e-13 hydrogen=4.454787171047712e-16 carbon=1.2992815608776046e-12 nitrogen=1.2109317323128092e-14 phosphorus=1.2006614682287475e-12 aluminum=1.683637537383008e-9 iron=8.216177698937426e-7 calcium=1.4085065312749632e-9 magnesium=1e0 sodium=1.1458853984921311e-3 potassium=3.052098053415149e-3 sulfur=0e0 chloride=0e0 silicon=6.873437175245288e-7 sand=1e0 silt=1e0 clay=0e0 rock_additive=0e0 cec=6.015037593984962e-2 aec=0e0
info: day advanced: scene_weather_hours=216 final_hour_elapsed_ms=217
error: TEMP_DIAGNOSTIC n_ledger[init]: cells.len=1
error: TEMP_DIAGNOSTIC n_ledger[init]: cells.len=1
error: TEMP_DIAGNOSTIC n_ledger[init]: cells.len=1
error: TEMP_DIAGNOSTIC n_ledger[init]: cells.len=1
error: TEMP_DIAGNOSTIC n_ledger[init]: cells.len=1
error: TEMP_DIAGNOSTIC n_ledger[init]: cells.len=1
error: TEMP_DIAGNOSTIC n_ledger[init]: cells.len=1
error: TEMP_DIAGNOSTIC n_ledger[init]: cells.len=1
error: TEMP_DIAGNOSTIC n_ledger[init]: cells.len=1
error: TEMP_DIAGNOSTIC n_ledger[init]: cells.len=1
error: TEMP_DIAGNOSTIC n_ledger[init]: cells.len=1
error: TEMP_DIAGNOSTIC n_ledger[init]: cells.len=1
error: TEMP_DIAGNOSTIC n_ledger[init]: cells.len=1
error: TEMP_DIAGNOSTIC n_ledger[init]: cells.len=1
error: TEMP_DIAGNOSTIC n_ledger[init]: cells.len=1
error: TEMP_DIAGNOSTIC n_ledger[init]: cells.len=1
error: TEMP_DIAGNOSTIC n_ledger[init]: cells.len=1
error: TEMP_DIAGNOSTIC n_ledger[init]: cells.len=1
error: TEMP_DIAGNOSTIC n_ledger[init]: cells.len=1
error: TEMP_DIAGNOSTIC n_ledger[init]: cells.len=1
error: TEMP_DIAGNOSTIC n_ledger[init]: cells.len=1
error: TEMP_DIAGNOSTIC n_ledger[init]: cells.len=1
error: TEMP_DIAGNOSTIC n_ledger[init]: cells.len=1
error: TEMP_DIAGNOSTIC n_ledger[init]: cells.len=1
error: TEMP_DIAGNOSTIC n_ledger[init]: cells.len=1
error: TEMP_DIAGNOSTIC n_ledger[init]: cells.len=1
error: TEMP_DIAGNOSTIC n_ledger[init]: cells.len=1
error: TEMP_DIAGNOSTIC n_ledger[init]: cells.len=1
error: TEMP_DIAGNOSTIC n_ledger[init]: cells.len=1
error: TEMP_DIAGNOSTIC n_ledger[init]: cells.len=1
error: TEMP_DIAGNOSTIC n_ledger[init]: cells.len=1
error: TEMP_DIAGNOSTIC n_ledger[init]: cells.len=1
error: TEMP_DIAGNOSTIC n_ledger[init]: cells.len=1
error: TEMP_DIAGNOSTIC n_ledger[init]: cells.len=1
error: TEMP_DIAGNOSTIC n_ledger[init]: cells.len=1
error: TEMP_DIAGNOSTIC n_ledger[init]: cells.len=1
error: TEMP_DIAGNOSTIC n_ledger[init]: cells.len=1
error: TEMP_DIAGNOSTIC n_ledger[init]: cells.len=1
error: TEMP_DIAGNOSTIC n_ledger[init]: cells.len=1
error: TEMP_DIAGNOSTIC n_ledger[init]: cells.len=1
error: TEMP_DIAGNOSTIC n_ledger[init]: cells.len=1
error: TEMP_DIAGNOSTIC n_ledger[init]: cells.len=1
error: TEMP_DIAGNOSTIC n_ledger[init]: cells.len=1
error: TEMP_DIAGNOSTIC n_ledger[init]: cells.len=1
error: TEMP_DIAGNOSTIC n_ledger[init]: cells.len=1
error: TEMP_DIAGNOSTIC n_ledger[init]: cells.len=1
error: TEMP_DIAGNOSTIC n_ledger[init]: cells.len=1
error: TEMP_DIAGNOSTIC n_ledger[init]: cells.len=1
info: daily conservation accepted: day=10 year=1998 hour=24 water=6.984360071332401e-15 heat=6.837438682025982e-14 oxygen=1.0600070500589826e-13 hydrogen=2.679508511320271e-16 carbon=1.4765406609154276e-12 nitrogen=1.3932712622299325e-14 phosphorus=1.384253870806479e-12 aluminum=1.1903567528455958e-9 iron=7.745279719234858e-7 calcium=2.213001826487577e-9 magnesium=1e0 sodium=1.0802706645195708e-3 potassium=2.157998590644774e-3 sulfur=0e0 chloride=0e0 silicon=1.943921616086193e-6 sand=1e0 silt=1e0 clay=0e0 rock_additive=0e0 cec=5.64622849580944e-2 aec=0e0
info: day advanced: scene_weather_hours=240 final_hour_elapsed_ms=6766
error: TEMP_DIAGNOSTIC n_ledger[init]: cells.len=1
error: TEMP_DIAGNOSTIC n_ledger[init]: cells.len=1
error: TEMP_DIAGNOSTIC n_ledger[init]: cells.len=1
error: TEMP_DIAGNOSTIC n_ledger[init]: cells.len=1
error: TEMP_DIAGNOSTIC n_ledger[init]: cells.len=1
error: TEMP_DIAGNOSTIC n_ledger[init]: cells.len=1
error: TEMP_DIAGNOSTIC n_ledger[init]: cells.len=1
error: TEMP_DIAGNOSTIC n_ledger[init]: cells.len=1
error: TEMP_DIAGNOSTIC n_ledger[init]: cells.len=1
error: TEMP_DIAGNOSTIC n_ledger[init]: cells.len=1
error: TEMP_DIAGNOSTIC n_ledger[init]: cells.len=1
error: TEMP_DIAGNOSTIC n_ledger[init]: cells.len=1
error: TEMP_DIAGNOSTIC n_ledger[init]: cells.len=1
error: TEMP_DIAGNOSTIC n_ledger[init]: cells.len=1
error: TEMP_DIAGNOSTIC n_ledger[init]: cells.len=1
error: TEMP_DIAGNOSTIC n_ledger[init]: cells.len=1
error: TEMP_DIAGNOSTIC n_ledger[init]: cells.len=1
error: TEMP_DIAGNOSTIC n_ledger[init]: cells.len=1
error: TEMP_DIAGNOSTIC n_ledger[init]: cells.len=1
error: TEMP_DIAGNOSTIC n_ledger[init]: cells.len=1
error: TEMP_DIAGNOSTIC n_ledger[init]: cells.len=1
error: TEMP_DIAGNOSTIC n_ledger[init]: cells.len=1
error: TEMP_DIAGNOSTIC n_ledger[init]: cells.len=1
error: TEMP_DIAGNOSTIC n_ledger[init]: cells.len=1
error: TEMP_DIAGNOSTIC n_ledger[init]: cells.len=1
error: TEMP_DIAGNOSTIC n_ledger[init]: cells.len=1
error: TEMP_DIAGNOSTIC n_ledger[init]: cells.len=1
error: TEMP_DIAGNOSTIC n_ledger[init]: cells.len=1
error: TEMP_DIAGNOSTIC n_ledger[init]: cells.len=1
error: TEMP_DIAGNOSTIC n_ledger[init]: cells.len=1
error: TEMP_DIAGNOSTIC n_ledger[init]: cells.len=1
error: TEMP_DIAGNOSTIC n_ledger[init]: cells.len=1
error: TEMP_DIAGNOSTIC n_ledger[init]: cells.len=1
error: TEMP_DIAGNOSTIC n_ledger[init]: cells.len=1
error: TEMP_DIAGNOSTIC n_ledger[init]: cells.len=1
error: TEMP_DIAGNOSTIC n_ledger[init]: cells.len=1
error: TEMP_DIAGNOSTIC n_ledger[init]: cells.len=1
error: TEMP_DIAGNOSTIC n_ledger[init]: cells.len=1
error: TEMP_DIAGNOSTIC n_ledger[init]: cells.len=1
error: TEMP_DIAGNOSTIC n_ledger[init]: cells.len=1
error: TEMP_DIAGNOSTIC n_ledger[init]: cells.len=1
error: TEMP_DIAGNOSTIC n_ledger[init]: cells.len=1
error: TEMP_DIAGNOSTIC n_ledger[init]: cells.len=1
error: TEMP_DIAGNOSTIC n_ledger[init]: cells.len=1
error: TEMP_DIAGNOSTIC n_ledger[init]: cells.len=1
error: TEMP_DIAGNOSTIC n_ledger[init]: cells.len=1
error: TEMP_DIAGNOSTIC n_ledger[init]: cells.len=1
error: TEMP_DIAGNOSTIC n_ledger[init]: cells.len=1
info: daily conservation accepted: day=11 year=1998 hour=24 water=7.472440698772333e-15 heat=6.419819770541911e-14 oxygen=1.0397763209623906e-13 hydrogen=2.5728071940677653e-16 carbon=1.5989845034620828e-12 nitrogen=1.3192614522471435e-14 phosphorus=1.5493072745272209e-12 aluminum=7.511255959712982e-10 iron=2.1993029052907713e-6 calcium=2.0946646187057185e-9 magnesium=1e0 sodium=2.3859275963938483e-3 potassium=4.766239339244066e-3 sulfur=0e0 chloride=0e0 silicon=6.133360090485485e-7 sand=1e0 silt=0e0 clay=0e0 rock_additive=0e0 cec=5.204309819068916e-2 aec=0e0
info: day advanced: scene_weather_hours=264 final_hour_elapsed_ms=221
error: TEMP_DIAGNOSTIC n_ledger[init]: cells.len=1
error: TEMP_DIAGNOSTIC n_ledger[init]: cells.len=1
error: TEMP_DIAGNOSTIC n_ledger[init]: cells.len=1
error: TEMP_DIAGNOSTIC n_ledger[init]: cells.len=1
error: TEMP_DIAGNOSTIC n_ledger[init]: cells.len=1
error: TEMP_DIAGNOSTIC n_ledger[init]: cells.len=1
error: TEMP_DIAGNOSTIC n_ledger[init]: cells.len=1
error: TEMP_DIAGNOSTIC n_ledger[init]: cells.len=1
error: TEMP_DIAGNOSTIC n_ledger[init]: cells.len=1
error: TEMP_DIAGNOSTIC n_ledger[init]: cells.len=1
error: TEMP_DIAGNOSTIC n_ledger[init]: cells.len=1
error: TEMP_DIAGNOSTIC n_ledger[init]: cells.len=1
error: TEMP_DIAGNOSTIC n_ledger[init]: cells.len=1
error: TEMP_DIAGNOSTIC n_ledger[init]: cells.len=1
error: TEMP_DIAGNOSTIC n_ledger[init]: cells.len=1
error: TEMP_DIAGNOSTIC n_ledger[init]: cells.len=1
error: TEMP_DIAGNOSTIC n_ledger[init]: cells.len=1
error: TEMP_DIAGNOSTIC n_ledger[init]: cells.len=1
error: TEMP_DIAGNOSTIC n_ledger[init]: cells.len=1
error: TEMP_DIAGNOSTIC n_ledger[init]: cells.len=1
error: TEMP_DIAGNOSTIC n_ledger[init]: cells.len=1
error: TEMP_DIAGNOSTIC n_ledger[init]: cells.len=1
error: TEMP_DIAGNOSTIC n_ledger[init]: cells.len=1
error: TEMP_DIAGNOSTIC n_ledger[init]: cells.len=1
error: TEMP_DIAGNOSTIC n_ledger[init]: cells.len=1
error: TEMP_DIAGNOSTIC n_ledger[init]: cells.len=1
error: TEMP_DIAGNOSTIC n_ledger[init]: cells.len=1
error: TEMP_DIAGNOSTIC n_ledger[init]: cells.len=1
error: TEMP_DIAGNOSTIC n_ledger[init]: cells.len=1
error: TEMP_DIAGNOSTIC n_ledger[init]: cells.len=1
error: TEMP_DIAGNOSTIC n_ledger[init]: cells.len=1
error: TEMP_DIAGNOSTIC n_ledger[init]: cells.len=1
error: TEMP_DIAGNOSTIC n_ledger[init]: cells.len=1
error: TEMP_DIAGNOSTIC n_ledger[init]: cells.len=1
error: TEMP_DIAGNOSTIC n_ledger[init]: cells.len=1
error: TEMP_DIAGNOSTIC n_ledger[init]: cells.len=1
error: TEMP_DIAGNOSTIC n_ledger[init]: cells.len=1
error: TEMP_DIAGNOSTIC n_ledger[init]: cells.len=1
error: TEMP_DIAGNOSTIC n_ledger[init]: cells.len=1
error: TEMP_DIAGNOSTIC n_ledger[init]: cells.len=1
error: TEMP_DIAGNOSTIC n_ledger[init]: cells.len=1
error: TEMP_DIAGNOSTIC n_ledger[init]: cells.len=1
error: TEMP_DIAGNOSTIC n_ledger[init]: cells.len=1
error: TEMP_DIAGNOSTIC n_ledger[init]: cells.len=1
error: TEMP_DIAGNOSTIC n_ledger[init]: cells.len=1
error: TEMP_DIAGNOSTIC n_ledger[init]: cells.len=1
error: TEMP_DIAGNOSTIC n_ledger[init]: cells.len=1
error: TEMP_DIAGNOSTIC n_ledger[init]: cells.len=1
info: daily conservation accepted: day=12 year=1998 hour=24 water=6.487103042912692e-15 heat=5.571614764861099e-14 oxygen=1.0203317024750954e-13 hydrogen=4.8621407996242296e-17 carbon=1.412872267906142e-12 nitrogen=1.2484185366202542e-14 phosphorus=1.6982615759175058e-12 aluminum=3.5660161561262066e-10 iron=2.088265882986094e-6 calcium=2.784507094521859e-9 magnesium=1e0 sodium=2.9119985676595082e-3 potassium=5.170792702266576e-3 sulfur=0e0 chloride=0e0 silicon=5.823006564518733e-7 sand=1e0 silt=0e0 clay=1e0 rock_additive=0e0 cec=4.7346032920288515e-2 aec=1.923944085375019e-2
info: day advanced: scene_weather_hours=288 final_hour_elapsed_ms=260
error: TEMP_DIAGNOSTIC n_ledger[init]: cells.len=1
error: TEMP_DIAGNOSTIC n_ledger[init]: cells.len=1
error: TEMP_DIAGNOSTIC n_ledger[init]: cells.len=1
error: TEMP_DIAGNOSTIC n_ledger[init]: cells.len=1
error: TEMP_DIAGNOSTIC n_ledger[init]: cells.len=1
error: TEMP_DIAGNOSTIC n_ledger[init]: cells.len=1
error: TEMP_DIAGNOSTIC n_ledger[init]: cells.len=1
error: TEMP_DIAGNOSTIC n_ledger[init]: cells.len=1
error: TEMP_DIAGNOSTIC n_ledger[init]: cells.len=1
error: TEMP_DIAGNOSTIC n_ledger[init]: cells.len=1
error: TEMP_DIAGNOSTIC n_ledger[init]: cells.len=1
error: TEMP_DIAGNOSTIC n_ledger[init]: cells.len=1
error: TEMP_DIAGNOSTIC n_ledger[init]: cells.len=1
error: TEMP_DIAGNOSTIC n_ledger[init]: cells.len=1
error: TEMP_DIAGNOSTIC n_ledger[init]: cells.len=1
error: TEMP_DIAGNOSTIC n_ledger[init]: cells.len=1
error: TEMP_DIAGNOSTIC n_ledger[init]: cells.len=1
error: TEMP_DIAGNOSTIC n_ledger[init]: cells.len=1
error: TEMP_DIAGNOSTIC n_ledger[init]: cells.len=1
error: TEMP_DIAGNOSTIC n_ledger[init]: cells.len=1
error: TEMP_DIAGNOSTIC n_ledger[init]: cells.len=1
error: TEMP_DIAGNOSTIC n_ledger[init]: cells.len=1
error: TEMP_DIAGNOSTIC n_ledger[init]: cells.len=1
error: TEMP_DIAGNOSTIC n_ledger[init]: cells.len=1
error: TEMP_DIAGNOSTIC n_ledger[init]: cells.len=1
error: TEMP_DIAGNOSTIC n_ledger[init]: cells.len=1
error: TEMP_DIAGNOSTIC n_ledger[init]: cells.len=1
error: TEMP_DIAGNOSTIC n_ledger[init]: cells.len=1
error: TEMP_DIAGNOSTIC n_ledger[init]: cells.len=1
error: TEMP_DIAGNOSTIC n_ledger[init]: cells.len=1
error: TEMP_DIAGNOSTIC n_ledger[init]: cells.len=1
error: TEMP_DIAGNOSTIC n_ledger[init]: cells.len=1
error: TEMP_DIAGNOSTIC n_ledger[init]: cells.len=1
error: TEMP_DIAGNOSTIC n_ledger[init]: cells.len=1
error: TEMP_DIAGNOSTIC n_ledger[init]: cells.len=1
error: TEMP_DIAGNOSTIC n_ledger[init]: cells.len=1
error: TEMP_DIAGNOSTIC n_ledger[init]: cells.len=1
error: TEMP_DIAGNOSTIC n_ledger[init]: cells.len=1
error: TEMP_DIAGNOSTIC n_ledger[init]: cells.len=1
error: TEMP_DIAGNOSTIC n_ledger[init]: cells.len=1
error: TEMP_DIAGNOSTIC n_ledger[init]: cells.len=1
error: TEMP_DIAGNOSTIC n_ledger[init]: cells.len=1
error: TEMP_DIAGNOSTIC n_ledger[init]: cells.len=1
error: TEMP_DIAGNOSTIC n_ledger[init]: cells.len=1
error: TEMP_DIAGNOSTIC n_ledger[init]: cells.len=1
error: TEMP_DIAGNOSTIC n_ledger[init]: cells.len=1
error: TEMP_DIAGNOSTIC n_ledger[init]: cells.len=1
error: TEMP_DIAGNOSTIC n_ledger[init]: cells.len=1
info: daily conservation accepted: day=13 year=1998 hour=24 water=6.189559744605413e-15 heat=5.4416054373135885e-14 oxygen=1.0017195262548257e-13 hydrogen=1.7820384284339585e-17 carbon=1.0351789462178702e-12 nitrogen=1.294461283672683e-14 phosphorus=1.185586581028649e-12 aluminum=0e0 iron=6.625988025658984e-7 calcium=3.218546572639854e-9 magnesium=1e0 sodium=3.078854920924896e-3 potassium=6.765505694001627e-3 sulfur=0e0 chloride=0e0 silicon=0e0 sand=1e0 silt=1e0 clay=1e0 rock_additive=0e0 cec=4.410751206064783e-2 aec=1.7367706919945727e-2
info: day advanced: scene_weather_hours=312 final_hour_elapsed_ms=219
error: TEMP_DIAGNOSTIC n_ledger[init]: cells.len=1
error: TEMP_DIAGNOSTIC n_ledger[init]: cells.len=1
error: TEMP_DIAGNOSTIC n_ledger[init]: cells.len=1
error: TEMP_DIAGNOSTIC n_ledger[init]: cells.len=1
error: TEMP_DIAGNOSTIC n_ledger[init]: cells.len=1
error: TEMP_DIAGNOSTIC n_ledger[init]: cells.len=1
error: TEMP_DIAGNOSTIC n_ledger[init]: cells.len=1
error: TEMP_DIAGNOSTIC n_ledger[init]: cells.len=1
error: TEMP_DIAGNOSTIC n_ledger[init]: cells.len=1
error: TEMP_DIAGNOSTIC n_ledger[init]: cells.len=1
error: TEMP_DIAGNOSTIC n_ledger[init]: cells.len=1
error: TEMP_DIAGNOSTIC n_ledger[init]: cells.len=1
error: TEMP_DIAGNOSTIC n_ledger[init]: cells.len=1
error: TEMP_DIAGNOSTIC n_ledger[init]: cells.len=1
error: TEMP_DIAGNOSTIC n_ledger[init]: cells.len=1
error: TEMP_DIAGNOSTIC n_ledger[init]: cells.len=1
error: TEMP_DIAGNOSTIC n_ledger[init]: cells.len=1
error: TEMP_DIAGNOSTIC n_ledger[init]: cells.len=1
error: TEMP_DIAGNOSTIC n_ledger[init]: cells.len=1
error: TEMP_DIAGNOSTIC n_ledger[init]: cells.len=1
error: TEMP_DIAGNOSTIC n_ledger[init]: cells.len=1
error: TEMP_DIAGNOSTIC n_ledger[init]: cells.len=1
error: TEMP_DIAGNOSTIC n_ledger[init]: cells.len=1
error: TEMP_DIAGNOSTIC n_ledger[init]: cells.len=1
error: TEMP_DIAGNOSTIC n_ledger[init]: cells.len=1
error: TEMP_DIAGNOSTIC n_ledger[init]: cells.len=1
error: TEMP_DIAGNOSTIC n_ledger[init]: cells.len=1
error: TEMP_DIAGNOSTIC n_ledger[init]: cells.len=1
error: TEMP_DIAGNOSTIC n_ledger[init]: cells.len=1
error: TEMP_DIAGNOSTIC n_ledger[init]: cells.len=1
error: TEMP_DIAGNOSTIC n_ledger[init]: cells.len=1
error: TEMP_DIAGNOSTIC n_ledger[init]: cells.len=1
error: TEMP_DIAGNOSTIC n_ledger[init]: cells.len=1
error: TEMP_DIAGNOSTIC n_ledger[init]: cells.len=1
error: TEMP_DIAGNOSTIC n_ledger[init]: cells.len=1
error: TEMP_DIAGNOSTIC n_ledger[init]: cells.len=1
error: TEMP_DIAGNOSTIC n_ledger[init]: cells.len=1
error: TEMP_DIAGNOSTIC n_ledger[init]: cells.len=1
error: TEMP_DIAGNOSTIC n_ledger[init]: cells.len=1
error: TEMP_DIAGNOSTIC n_ledger[init]: cells.len=1
error: TEMP_DIAGNOSTIC n_ledger[init]: cells.len=1
error: TEMP_DIAGNOSTIC n_ledger[init]: cells.len=1
error: TEMP_DIAGNOSTIC n_ledger[init]: cells.len=1
error: TEMP_DIAGNOSTIC n_ledger[init]: cells.len=1
error: TEMP_DIAGNOSTIC n_ledger[init]: cells.len=1
error: TEMP_DIAGNOSTIC n_ledger[init]: cells.len=1
error: TEMP_DIAGNOSTIC n_ledger[init]: cells.len=1
error: TEMP_DIAGNOSTIC n_ledger[init]: cells.len=1
info: daily conservation accepted: day=14 year=1998 hour=24 water=7.341853853740934e-15 heat=4.7125142800723594e-14 oxygen=9.77489947058032e-14 hydrogen=1.4357860141384361e-16 carbon=5.031923568095056e-13 nitrogen=1.4479224177597382e-14 phosphorus=1.3437382149225598e-12 aluminum=0e0 iron=1.2704081481439302e-6 calcium=3.81150340627267e-9 magnesium=1e0 sodium=2.9501192702542484e-3 potassium=5.303959597571395e-3 sulfur=0e0 chloride=0e0 silicon=0e0 sand=1e0 silt=0e0 clay=1e0 rock_additive=0e0 cec=0e0 aec=1.642078255291854e-2
info: day advanced: scene_weather_hours=336 final_hour_elapsed_ms=253
error: TEMP_DIAGNOSTIC n_ledger[init]: cells.len=1
error: TEMP_DIAGNOSTIC n_ledger[init]: cells.len=1
error: TEMP_DIAGNOSTIC n_ledger[init]: cells.len=1
error: TEMP_DIAGNOSTIC n_ledger[init]: cells.len=1
error: TEMP_DIAGNOSTIC n_ledger[init]: cells.len=1
error: TEMP_DIAGNOSTIC n_ledger[init]: cells.len=1
error: TEMP_DIAGNOSTIC n_ledger[init]: cells.len=1
error: TEMP_DIAGNOSTIC n_ledger[init]: cells.len=1
error: TEMP_DIAGNOSTIC n_ledger[init]: cells.len=1
error: TEMP_DIAGNOSTIC n_ledger[init]: cells.len=1
error: TEMP_DIAGNOSTIC n_ledger[init]: cells.len=1
error: TEMP_DIAGNOSTIC n_ledger[init]: cells.len=1
error: TEMP_DIAGNOSTIC n_ledger[init]: cells.len=1
error: TEMP_DIAGNOSTIC n_ledger[init]: cells.len=1
error: TEMP_DIAGNOSTIC n_ledger[init]: cells.len=1
error: TEMP_DIAGNOSTIC n_ledger[init]: cells.len=1
error: TEMP_DIAGNOSTIC n_ledger[init]: cells.len=1
error: TEMP_DIAGNOSTIC n_ledger[init]: cells.len=1
error: TEMP_DIAGNOSTIC n_ledger[init]: cells.len=1
error: TEMP_DIAGNOSTIC n_ledger[init]: cells.len=1
error: TEMP_DIAGNOSTIC n_ledger[init]: cells.len=1
error: TEMP_DIAGNOSTIC n_ledger[init]: cells.len=1
error: TEMP_DIAGNOSTIC n_ledger[init]: cells.len=1
error: TEMP_DIAGNOSTIC n_ledger[init]: cells.len=1
error: TEMP_DIAGNOSTIC n_ledger[init]: cells.len=1
error: TEMP_DIAGNOSTIC n_ledger[init]: cells.len=1
error: TEMP_DIAGNOSTIC n_ledger[init]: cells.len=1
error: TEMP_DIAGNOSTIC n_ledger[init]: cells.len=1
error: TEMP_DIAGNOSTIC n_ledger[init]: cells.len=1
error: TEMP_DIAGNOSTIC n_ledger[init]: cells.len=1
error: TEMP_DIAGNOSTIC n_ledger[init]: cells.len=1
error: TEMP_DIAGNOSTIC n_ledger[init]: cells.len=1
error: TEMP_DIAGNOSTIC n_ledger[init]: cells.len=1
error: TEMP_DIAGNOSTIC n_ledger[init]: cells.len=1
error: TEMP_DIAGNOSTIC n_ledger[init]: cells.len=1
error: TEMP_DIAGNOSTIC n_ledger[init]: cells.len=1
error: TEMP_DIAGNOSTIC n_ledger[init]: cells.len=1
error: TEMP_DIAGNOSTIC n_ledger[init]: cells.len=1
error: TEMP_DIAGNOSTIC n_ledger[init]: cells.len=1
error: TEMP_DIAGNOSTIC n_ledger[init]: cells.len=1
error: TEMP_DIAGNOSTIC n_ledger[init]: cells.len=1
error: TEMP_DIAGNOSTIC n_ledger[init]: cells.len=1
error: TEMP_DIAGNOSTIC n_ledger[init]: cells.len=1
error: TEMP_DIAGNOSTIC n_ledger[init]: cells.len=1
error: TEMP_DIAGNOSTIC n_ledger[init]: cells.len=1
error: TEMP_DIAGNOSTIC n_ledger[init]: cells.len=1
error: TEMP_DIAGNOSTIC n_ledger[init]: cells.len=1
error: TEMP_DIAGNOSTIC n_ledger[init]: cells.len=1
info: daily conservation accepted: day=15 year=1998 hour=24 water=8.115981378565171e-15 heat=5.2323373025327184e-14 oxygen=9.500335773724393e-14 hydrogen=1.9485915307113883e-16 carbon=9.191255473878749e-13 nitrogen=1.7934740342279727e-14 phosphorus=1.4941098344649737e-12 aluminum=9.404627936201083e-10 iron=1.2238596115711325e-6 calcium=4.54613230132494e-9 magnesium=1e0 sodium=1.7051459262058533e-3 potassium=2.2708496748009505e-3 sulfur=0e0 chloride=0e0 silicon=2.558530971743117e-6 sand=1e0 silt=1e0 clay=0e0 rock_additive=0e0 cec=3.748718699663201e-2 aec=0e0
info: day advanced: scene_weather_hours=360 final_hour_elapsed_ms=251
error: TEMP_DIAGNOSTIC n_ledger[init]: cells.len=1
error: TEMP_DIAGNOSTIC n_ledger[init]: cells.len=1
error: TEMP_DIAGNOSTIC n_ledger[init]: cells.len=1
error: TEMP_DIAGNOSTIC n_ledger[init]: cells.len=1
error: TEMP_DIAGNOSTIC n_ledger[init]: cells.len=1
error: TEMP_DIAGNOSTIC n_ledger[init]: cells.len=1
error: TEMP_DIAGNOSTIC n_ledger[init]: cells.len=1
error: TEMP_DIAGNOSTIC n_ledger[init]: cells.len=1
error: TEMP_DIAGNOSTIC n_ledger[init]: cells.len=1
error: TEMP_DIAGNOSTIC n_ledger[init]: cells.len=1
error: TEMP_DIAGNOSTIC n_ledger[init]: cells.len=1
error: TEMP_DIAGNOSTIC n_ledger[init]: cells.len=1
error: TEMP_DIAGNOSTIC n_ledger[init]: cells.len=1
error: TEMP_DIAGNOSTIC n_ledger[init]: cells.len=1
error: TEMP_DIAGNOSTIC n_ledger[init]: cells.len=1
error: TEMP_DIAGNOSTIC n_ledger[init]: cells.len=1
error: TEMP_DIAGNOSTIC n_ledger[init]: cells.len=1
error: TEMP_DIAGNOSTIC n_ledger[init]: cells.len=1
error: TEMP_DIAGNOSTIC n_ledger[init]: cells.len=1
error: TEMP_DIAGNOSTIC n_ledger[init]: cells.len=1
error: TEMP_DIAGNOSTIC n_ledger[init]: cells.len=1
error: TEMP_DIAGNOSTIC n_ledger[init]: cells.len=1
error: TEMP_DIAGNOSTIC n_ledger[init]: cells.len=1
error: TEMP_DIAGNOSTIC n_ledger[init]: cells.len=1
error: TEMP_DIAGNOSTIC n_ledger[init]: cells.len=1
error: TEMP_DIAGNOSTIC n_ledger[init]: cells.len=1
error: TEMP_DIAGNOSTIC n_ledger[init]: cells.len=1
error: TEMP_DIAGNOSTIC n_ledger[init]: cells.len=1
error: TEMP_DIAGNOSTIC n_ledger[init]: cells.len=1
error: TEMP_DIAGNOSTIC n_ledger[init]: cells.len=1
error: TEMP_DIAGNOSTIC n_ledger[init]: cells.len=1
error: TEMP_DIAGNOSTIC n_ledger[init]: cells.len=1
error: TEMP_DIAGNOSTIC n_ledger[init]: cells.len=1
error: TEMP_DIAGNOSTIC n_ledger[init]: cells.len=1
error: TEMP_DIAGNOSTIC n_ledger[init]: cells.len=1
error: TEMP_DIAGNOSTIC n_ledger[init]: cells.len=1
error: TEMP_DIAGNOSTIC n_ledger[init]: cells.len=1
error: TEMP_DIAGNOSTIC n_ledger[init]: cells.len=1
error: TEMP_DIAGNOSTIC n_ledger[init]: cells.len=1
error: TEMP_DIAGNOSTIC n_ledger[init]: cells.len=1
error: TEMP_DIAGNOSTIC n_ledger[init]: cells.len=1
error: TEMP_DIAGNOSTIC n_ledger[init]: cells.len=1
error: TEMP_DIAGNOSTIC n_ledger[init]: cells.len=1
error: TEMP_DIAGNOSTIC n_ledger[init]: cells.len=1
error: TEMP_DIAGNOSTIC n_ledger[init]: cells.len=1
error: TEMP_DIAGNOSTIC n_ledger[init]: cells.len=1
error: TEMP_DIAGNOSTIC n_ledger[init]: cells.len=1
error: TEMP_DIAGNOSTIC n_ledger[init]: cells.len=1
info: daily conservation accepted: day=16 year=1998 hour=24 water=8.710900950172246e-15 heat=4.688432490041438e-14 oxygen=9.280244670416417e-14 hydrogen=3.547592222972249e-16 carbon=1.2087304285668183e-13 nitrogen=1.5409135796783055e-14 phosphorus=1.2528934251288876e-12 aluminum=1.820440494806782e-9 iron=5.922519283914993e-7 calcium=4.569201647170344e-9 magnesium=1e0 sodium=1.6504188617682003e-3 potassium=2.747457912469429e-3 sulfur=0e0 chloride=0e0 silicon=9.905368789161924e-7 sand=1e0 silt=0e0 clay=0e0 rock_additive=0e0 cec=0e0 aec=1.441279135232519e-2
info: day advanced: scene_weather_hours=384 final_hour_elapsed_ms=202
error: TEMP_DIAGNOSTIC n_ledger[init]: cells.len=1
error: TEMP_DIAGNOSTIC n_ledger[init]: cells.len=1
error: TEMP_DIAGNOSTIC n_ledger[init]: cells.len=1
error: TEMP_DIAGNOSTIC n_ledger[init]: cells.len=1
error: TEMP_DIAGNOSTIC n_ledger[init]: cells.len=1
error: TEMP_DIAGNOSTIC n_ledger[init]: cells.len=1
error: TEMP_DIAGNOSTIC n_ledger[init]: cells.len=1
error: TEMP_DIAGNOSTIC n_ledger[init]: cells.len=1
error: TEMP_DIAGNOSTIC n_ledger[init]: cells.len=1
error: TEMP_DIAGNOSTIC n_ledger[init]: cells.len=1
error: TEMP_DIAGNOSTIC n_ledger[init]: cells.len=1
error: TEMP_DIAGNOSTIC n_ledger[init]: cells.len=1
error: TEMP_DIAGNOSTIC n_ledger[init]: cells.len=1
error: TEMP_DIAGNOSTIC n_ledger[init]: cells.len=1
error: TEMP_DIAGNOSTIC n_ledger[init]: cells.len=1
error: TEMP_DIAGNOSTIC n_ledger[init]: cells.len=1
error: TEMP_DIAGNOSTIC n_ledger[init]: cells.len=1
error: TEMP_DIAGNOSTIC n_ledger[init]: cells.len=1
error: TEMP_DIAGNOSTIC n_ledger[init]: cells.len=1
error: TEMP_DIAGNOSTIC n_ledger[init]: cells.len=1
error: TEMP_DIAGNOSTIC n_ledger[init]: cells.len=1
error: TEMP_DIAGNOSTIC n_ledger[init]: cells.len=1
error: TEMP_DIAGNOSTIC n_ledger[init]: cells.len=1
error: TEMP_DIAGNOSTIC n_ledger[init]: cells.len=1
error: TEMP_DIAGNOSTIC n_ledger[init]: cells.len=1
error: TEMP_DIAGNOSTIC n_ledger[init]: cells.len=1
error: TEMP_DIAGNOSTIC n_ledger[init]: cells.len=1
error: TEMP_DIAGNOSTIC n_ledger[init]: cells.len=1
error: TEMP_DIAGNOSTIC n_ledger[init]: cells.len=1
error: TEMP_DIAGNOSTIC n_ledger[init]: cells.len=1
error: TEMP_DIAGNOSTIC n_ledger[init]: cells.len=1
error: TEMP_DIAGNOSTIC n_ledger[init]: cells.len=1
error: TEMP_DIAGNOSTIC n_ledger[init]: cells.len=1
error: TEMP_DIAGNOSTIC n_ledger[init]: cells.len=1
error: TEMP_DIAGNOSTIC n_ledger[init]: cells.len=1
error: TEMP_DIAGNOSTIC n_ledger[init]: cells.len=1
error: TEMP_DIAGNOSTIC n_ledger[init]: cells.len=1
error: TEMP_DIAGNOSTIC n_ledger[init]: cells.len=1
error: TEMP_DIAGNOSTIC n_ledger[init]: cells.len=1
error: TEMP_DIAGNOSTIC n_ledger[init]: cells.len=1
error: TEMP_DIAGNOSTIC n_ledger[init]: cells.len=1
error: TEMP_DIAGNOSTIC n_ledger[init]: cells.len=1
error: TEMP_DIAGNOSTIC n_ledger[init]: cells.len=1
error: TEMP_DIAGNOSTIC n_ledger[init]: cells.len=1
error: TEMP_DIAGNOSTIC n_ledger[init]: cells.len=1
error: TEMP_DIAGNOSTIC n_ledger[init]: cells.len=1
error: TEMP_DIAGNOSTIC n_ledger[init]: cells.len=1
error: TEMP_DIAGNOSTIC n_ledger[init]: cells.len=1
info: daily conservation accepted: day=17 year=1998 hour=24 water=8.578712276258696e-15 heat=4.891943587644617e-14 oxygen=8.864523899983862e-14 hydrogen=2.493275974193427e-16 carbon=5.597007647834641e-13 nitrogen=1.3205895745942893e-14 phosphorus=1.5097931873795608e-12 aluminum=3.861109089072964e-9 iron=4.058336229874858e-6 calcium=4.141580228352201e-9 magnesium=1e0 sodium=2.4019177188592004e-3 potassium=4.7981756584652155e-3 sulfur=0e0 chloride=0e0 silicon=2.438525600463632e-6 sand=1e0 silt=1e0 clay=0e0 rock_additive=0e0 cec=0e0 aec=0e0
info: day advanced: scene_weather_hours=408 final_hour_elapsed_ms=248
error: TEMP_DIAGNOSTIC n_ledger[init]: cells.len=1
error: TEMP_DIAGNOSTIC n_ledger[init]: cells.len=1
error: TEMP_DIAGNOSTIC n_ledger[init]: cells.len=1
error: TEMP_DIAGNOSTIC n_ledger[init]: cells.len=1
error: TEMP_DIAGNOSTIC n_ledger[init]: cells.len=1
error: TEMP_DIAGNOSTIC n_ledger[init]: cells.len=1
error: TEMP_DIAGNOSTIC n_ledger[init]: cells.len=1
error: TEMP_DIAGNOSTIC n_ledger[init]: cells.len=1
error: TEMP_DIAGNOSTIC n_ledger[init]: cells.len=1
error: TEMP_DIAGNOSTIC n_ledger[init]: cells.len=1
error: TEMP_DIAGNOSTIC n_ledger[init]: cells.len=1
error: TEMP_DIAGNOSTIC n_ledger[init]: cells.len=1
error: TEMP_DIAGNOSTIC n_ledger[init]: cells.len=1
error: TEMP_DIAGNOSTIC n_ledger[init]: cells.len=1
error: TEMP_DIAGNOSTIC n_ledger[init]: cells.len=1
error: TEMP_DIAGNOSTIC n_ledger[init]: cells.len=1
error: TEMP_DIAGNOSTIC n_ledger[init]: cells.len=1
error: TEMP_DIAGNOSTIC n_ledger[init]: cells.len=1
error: TEMP_DIAGNOSTIC n_ledger[init]: cells.len=1
error: TEMP_DIAGNOSTIC n_ledger[init]: cells.len=1
error: TEMP_DIAGNOSTIC n_ledger[init]: cells.len=1
error: TEMP_DIAGNOSTIC n_ledger[init]: cells.len=1
error: TEMP_DIAGNOSTIC n_ledger[init]: cells.len=1
error: TEMP_DIAGNOSTIC n_ledger[init]: cells.len=1
error: TEMP_DIAGNOSTIC n_ledger[init]: cells.len=1
error: TEMP_DIAGNOSTIC n_ledger[init]: cells.len=1
error: TEMP_DIAGNOSTIC n_ledger[init]: cells.len=1
error: TEMP_DIAGNOSTIC n_ledger[init]: cells.len=1
error: TEMP_DIAGNOSTIC n_ledger[init]: cells.len=1
error: TEMP_DIAGNOSTIC n_ledger[init]: cells.len=1
error: TEMP_DIAGNOSTIC n_ledger[init]: cells.len=1
error: TEMP_DIAGNOSTIC n_ledger[init]: cells.len=1
error: TEMP_DIAGNOSTIC n_ledger[init]: cells.len=1
error: TEMP_DIAGNOSTIC n_ledger[init]: cells.len=1
error: TEMP_DIAGNOSTIC n_ledger[init]: cells.len=1
error: TEMP_DIAGNOSTIC n_ledger[init]: cells.len=1
error: TEMP_DIAGNOSTIC n_ledger[init]: cells.len=1
error: TEMP_DIAGNOSTIC n_ledger[init]: cells.len=1
error: TEMP_DIAGNOSTIC n_ledger[init]: cells.len=1
error: TEMP_DIAGNOSTIC n_ledger[init]: cells.len=1
error: TEMP_DIAGNOSTIC n_ledger[init]: cells.len=1
error: TEMP_DIAGNOSTIC n_ledger[init]: cells.len=1
error: TEMP_DIAGNOSTIC n_ledger[init]: cells.len=1
error: TEMP_DIAGNOSTIC n_ledger[init]: cells.len=1
error: TEMP_DIAGNOSTIC n_ledger[init]: cells.len=1
error: TEMP_DIAGNOSTIC n_ledger[init]: cells.len=1
error: TEMP_DIAGNOSTIC n_ledger[init]: cells.len=1
error: TEMP_DIAGNOSTIC n_ledger[init]: cells.len=1
info: daily conservation accepted: day=18 year=1998 hour=24 water=1.2126603277196149e-14 heat=6.063140219877632e-14 oxygen=8.604478648434006e-14 hydrogen=3.575316838223963e-16 carbon=4.1701654249749855e-13 nitrogen=1.49244340651957e-14 phosphorus=1.8683657894543184e-12 aluminum=4.410593650690302e-9 iron=6.887606662224947e-6 calcium=3.936260803010994e-9 magnesium=1e0 sodium=2.311782607867516e-3 potassium=5.131237183445063e-3 sulfur=0e0 chloride=0e0 silicon=4.3679835851102435e-6 sand=1e0 silt=1e0 clay=0e0 rock_additive=0e0 cec=0e0 aec=2.6438087369616853e-2
info: day advanced: scene_weather_hours=432 final_hour_elapsed_ms=223
error: TEMP_DIAGNOSTIC n_ledger[init]: cells.len=1
error: TEMP_DIAGNOSTIC n_ledger[init]: cells.len=1
error: TEMP_DIAGNOSTIC n_ledger[init]: cells.len=1
error: TEMP_DIAGNOSTIC n_ledger[init]: cells.len=1
error: TEMP_DIAGNOSTIC n_ledger[init]: cells.len=1
error: TEMP_DIAGNOSTIC n_ledger[init]: cells.len=1
error: TEMP_DIAGNOSTIC n_ledger[init]: cells.len=1
error: TEMP_DIAGNOSTIC n_ledger[init]: cells.len=1
error: TEMP_DIAGNOSTIC n_ledger[init]: cells.len=1
error: TEMP_DIAGNOSTIC n_ledger[init]: cells.len=1
error: TEMP_DIAGNOSTIC n_ledger[init]: cells.len=1
error: TEMP_DIAGNOSTIC n_ledger[init]: cells.len=1
error: TEMP_DIAGNOSTIC n_ledger[init]: cells.len=1
error: TEMP_DIAGNOSTIC n_ledger[init]: cells.len=1
error: TEMP_DIAGNOSTIC n_ledger[init]: cells.len=1
error: TEMP_DIAGNOSTIC n_ledger[init]: cells.len=1
error: TEMP_DIAGNOSTIC n_ledger[init]: cells.len=1
error: TEMP_DIAGNOSTIC n_ledger[init]: cells.len=1
error: TEMP_DIAGNOSTIC n_ledger[init]: cells.len=1
error: TEMP_DIAGNOSTIC n_ledger[init]: cells.len=1
error: TEMP_DIAGNOSTIC n_ledger[init]: cells.len=1
error: TEMP_DIAGNOSTIC n_ledger[init]: cells.len=1
error: TEMP_DIAGNOSTIC n_ledger[init]: cells.len=1
error: TEMP_DIAGNOSTIC n_ledger[init]: cells.len=1
error: TEMP_DIAGNOSTIC n_ledger[init]: cells.len=1
error: TEMP_DIAGNOSTIC n_ledger[init]: cells.len=1
error: TEMP_DIAGNOSTIC n_ledger[init]: cells.len=1
error: TEMP_DIAGNOSTIC n_ledger[init]: cells.len=1
error: TEMP_DIAGNOSTIC n_ledger[init]: cells.len=1
error: TEMP_DIAGNOSTIC n_ledger[init]: cells.len=1
error: TEMP_DIAGNOSTIC n_ledger[init]: cells.len=1
error: TEMP_DIAGNOSTIC n_ledger[init]: cells.len=1
error: TEMP_DIAGNOSTIC n_ledger[init]: cells.len=1
error: TEMP_DIAGNOSTIC n_ledger[init]: cells.len=1
error: TEMP_DIAGNOSTIC n_ledger[init]: cells.len=1
error: TEMP_DIAGNOSTIC n_ledger[init]: cells.len=1
error: TEMP_DIAGNOSTIC n_ledger[init]: cells.len=1
error: TEMP_DIAGNOSTIC n_ledger[init]: cells.len=1
error: TEMP_DIAGNOSTIC n_ledger[init]: cells.len=1
error: TEMP_DIAGNOSTIC n_ledger[init]: cells.len=1
error: TEMP_DIAGNOSTIC n_ledger[init]: cells.len=1
error: TEMP_DIAGNOSTIC n_ledger[init]: cells.len=1
error: TEMP_DIAGNOSTIC n_ledger[init]: cells.len=1
error: TEMP_DIAGNOSTIC n_ledger[init]: cells.len=1
error: TEMP_DIAGNOSTIC n_ledger[init]: cells.len=1
error: TEMP_DIAGNOSTIC n_ledger[init]: cells.len=1
error: TEMP_DIAGNOSTIC n_ledger[init]: cells.len=1
error: TEMP_DIAGNOSTIC n_ledger[init]: cells.len=1
info: daily conservation accepted: day=19 year=1998 hour=24 water=1.345051928157833e-14 heat=6.531916036168169e-14 oxygen=8.35117469663648e-14 hydrogen=2.0168277253090508e-16 carbon=1.463453369350882e-13 nitrogen=1.476537932617966e-14 phosphorus=1.9429665039324988e-12 aluminum=4.368856061458978e-9 iron=7.39096557994304e-6 calcium=3.4117312141894063e-9 magnesium=1e0 sodium=2.9224445243116095e-3 potassium=5.8379922091004975e-3 sulfur=0e0 chloride=0e0 silicon=4.804564534347627e-6 sand=0e0 silt=1e0 clay=0e0 rock_additive=0e0 cec=2.9885594209666123e-2 aec=1.271481076785537e-2
info: day advanced: scene_weather_hours=456 final_hour_elapsed_ms=313
error: TEMP_DIAGNOSTIC n_ledger[init]: cells.len=1
error: TEMP_DIAGNOSTIC n_ledger[init]: cells.len=1
error: TEMP_DIAGNOSTIC n_ledger[init]: cells.len=1
error: TEMP_DIAGNOSTIC n_ledger[init]: cells.len=1
error: TEMP_DIAGNOSTIC n_ledger[init]: cells.len=1
error: TEMP_DIAGNOSTIC n_ledger[init]: cells.len=1
error: TEMP_DIAGNOSTIC n_ledger[init]: cells.len=1
error: TEMP_DIAGNOSTIC n_ledger[init]: cells.len=1
error: TEMP_DIAGNOSTIC n_ledger[init]: cells.len=1
error: TEMP_DIAGNOSTIC n_ledger[init]: cells.len=1
error: TEMP_DIAGNOSTIC n_ledger[init]: cells.len=1
error: TEMP_DIAGNOSTIC n_ledger[init]: cells.len=1
error: TEMP_DIAGNOSTIC n_ledger[init]: cells.len=1
error: TEMP_DIAGNOSTIC n_ledger[init]: cells.len=1
error: TEMP_DIAGNOSTIC n_ledger[init]: cells.len=1
error: TEMP_DIAGNOSTIC n_ledger[init]: cells.len=1
error: TEMP_DIAGNOSTIC n_ledger[init]: cells.len=1
error: TEMP_DIAGNOSTIC n_ledger[init]: cells.len=1
error: TEMP_DIAGNOSTIC n_ledger[init]: cells.len=1
error: TEMP_DIAGNOSTIC n_ledger[init]: cells.len=1
error: TEMP_DIAGNOSTIC n_ledger[init]: cells.len=1
error: TEMP_DIAGNOSTIC n_ledger[init]: cells.len=1
error: TEMP_DIAGNOSTIC n_ledger[init]: cells.len=1
error: TEMP_DIAGNOSTIC n_ledger[init]: cells.len=1
error: TEMP_DIAGNOSTIC n_ledger[init]: cells.len=1
error: TEMP_DIAGNOSTIC n_ledger[init]: cells.len=1
error: TEMP_DIAGNOSTIC n_ledger[init]: cells.len=1
error: TEMP_DIAGNOSTIC n_ledger[init]: cells.len=1
error: TEMP_DIAGNOSTIC n_ledger[init]: cells.len=1
error: TEMP_DIAGNOSTIC n_ledger[init]: cells.len=1
error: TEMP_DIAGNOSTIC n_ledger[init]: cells.len=1
error: TEMP_DIAGNOSTIC n_ledger[init]: cells.len=1
error: TEMP_DIAGNOSTIC n_ledger[init]: cells.len=1
error: TEMP_DIAGNOSTIC n_ledger[init]: cells.len=1
error: TEMP_DIAGNOSTIC n_ledger[init]: cells.len=1
error: TEMP_DIAGNOSTIC n_ledger[init]: cells.len=1
error: TEMP_DIAGNOSTIC n_ledger[init]: cells.len=1
error: TEMP_DIAGNOSTIC n_ledger[init]: cells.len=1
error: TEMP_DIAGNOSTIC n_ledger[init]: cells.len=1
error: TEMP_DIAGNOSTIC n_ledger[init]: cells.len=1
error: TEMP_DIAGNOSTIC n_ledger[init]: cells.len=1
error: TEMP_DIAGNOSTIC n_ledger[init]: cells.len=1
error: TEMP_DIAGNOSTIC n_ledger[init]: cells.len=1
error: TEMP_DIAGNOSTIC n_ledger[init]: cells.len=1
error: TEMP_DIAGNOSTIC n_ledger[init]: cells.len=1
error: TEMP_DIAGNOSTIC n_ledger[init]: cells.len=1
error: TEMP_DIAGNOSTIC n_ledger[init]: cells.len=1
error: TEMP_DIAGNOSTIC n_ledger[init]: cells.len=1
info: daily conservation accepted: day=20 year=1998 hour=24 water=1.9004246998165624e-14 heat=7.027013120773764e-14 oxygen=8.144813715003373e-14 hydrogen=1.2838224114757597e-16 carbon=4.589014722393399e-14 nitrogen=1.7353065724580862e-14 phosphorus=1.4671197990958968e-12 aluminum=4.040785385003265e-9 iron=7.32423903368977e-6 calcium=3.5420464088232774e-9 magnesium=1e0 sodium=2.275034164968925e-3 potassium=4.090224224863298e-3 sulfur=0e0 chloride=0e0 silicon=4.256553755671268e-6 sand=1e0 silt=1e0 clay=1e0 rock_additive=0e0 cec=0e0 aec=0e0
info: day advanced: scene_weather_hours=480 final_hour_elapsed_ms=3187
error: TEMP_DIAGNOSTIC n_ledger[init]: cells.len=1
error: TEMP_DIAGNOSTIC n_ledger[init]: cells.len=1
error: TEMP_DIAGNOSTIC n_ledger[init]: cells.len=1
error: TEMP_DIAGNOSTIC n_ledger[init]: cells.len=1
error: TEMP_DIAGNOSTIC n_ledger[init]: cells.len=1
error: TEMP_DIAGNOSTIC n_ledger[init]: cells.len=1
error: TEMP_DIAGNOSTIC n_ledger[init]: cells.len=1
error: TEMP_DIAGNOSTIC n_ledger[init]: cells.len=1
error: TEMP_DIAGNOSTIC n_ledger[init]: cells.len=1
error: TEMP_DIAGNOSTIC n_ledger[init]: cells.len=1
error: TEMP_DIAGNOSTIC n_ledger[init]: cells.len=1
error: TEMP_DIAGNOSTIC n_ledger[init]: cells.len=1
error: TEMP_DIAGNOSTIC n_ledger[init]: cells.len=1
error: TEMP_DIAGNOSTIC n_ledger[init]: cells.len=1
error: TEMP_DIAGNOSTIC n_ledger[init]: cells.len=1
error: TEMP_DIAGNOSTIC n_ledger[init]: cells.len=1
error: TEMP_DIAGNOSTIC n_ledger[init]: cells.len=1
error: TEMP_DIAGNOSTIC n_ledger[init]: cells.len=1
error: TEMP_DIAGNOSTIC n_ledger[init]: cells.len=1
error: TEMP_DIAGNOSTIC n_ledger[init]: cells.len=1
error: TEMP_DIAGNOSTIC n_ledger[init]: cells.len=1
error: TEMP_DIAGNOSTIC n_ledger[init]: cells.len=1
error: TEMP_DIAGNOSTIC n_ledger[init]: cells.len=1
error: TEMP_DIAGNOSTIC n_ledger[init]: cells.len=1
error: TEMP_DIAGNOSTIC n_ledger[init]: cells.len=1
error: TEMP_DIAGNOSTIC n_ledger[init]: cells.len=1
error: TEMP_DIAGNOSTIC n_ledger[init]: cells.len=1
error: TEMP_DIAGNOSTIC n_ledger[init]: cells.len=1
error: TEMP_DIAGNOSTIC n_ledger[init]: cells.len=1
error: TEMP_DIAGNOSTIC n_ledger[init]: cells.len=1
error: TEMP_DIAGNOSTIC n_ledger[init]: cells.len=1
error: TEMP_DIAGNOSTIC n_ledger[init]: cells.len=1
error: TEMP_DIAGNOSTIC n_ledger[init]: cells.len=1
error: TEMP_DIAGNOSTIC n_ledger[init]: cells.len=1
error: TEMP_DIAGNOSTIC n_ledger[init]: cells.len=1
error: TEMP_DIAGNOSTIC n_ledger[init]: cells.len=1
error: TEMP_DIAGNOSTIC n_ledger[init]: cells.len=1
error: TEMP_DIAGNOSTIC n_ledger[init]: cells.len=1
error: TEMP_DIAGNOSTIC n_ledger[init]: cells.len=1
error: TEMP_DIAGNOSTIC n_ledger[init]: cells.len=1
error: TEMP_DIAGNOSTIC n_ledger[init]: cells.len=1
error: TEMP_DIAGNOSTIC n_ledger[init]: cells.len=1
error: TEMP_DIAGNOSTIC n_ledger[init]: cells.len=1
error: TEMP_DIAGNOSTIC n_ledger[init]: cells.len=1
error: TEMP_DIAGNOSTIC n_ledger[init]: cells.len=1
error: TEMP_DIAGNOSTIC n_ledger[init]: cells.len=1
error: TEMP_DIAGNOSTIC n_ledger[init]: cells.len=1
error: TEMP_DIAGNOSTIC n_ledger[init]: cells.len=1
info: daily conservation accepted: day=21 year=1998 hour=24 water=1.9770229291735483e-14 heat=7.242718681689686e-14 oxygen=7.916031359463332e-14 hydrogen=2.9975789190274207e-16 carbon=1.2985798115374674e-13 nitrogen=1.5394649235404087e-14 phosphorus=1.1818336667638678e-12 aluminum=4.291994557287927e-9 iron=7.260938081373923e-6 calcium=3.5115779140943215e-9 magnesium=1e0 sodium=1.8881940321138957e-3 potassium=3.3528218385281156e-3 sulfur=0e0 chloride=0e0 silicon=4.167054429152186e-6 sand=1e0 silt=1e0 clay=0e0 rock_additive=0e0 cec=0e0 aec=0e0
info: day advanced: scene_weather_hours=504 final_hour_elapsed_ms=281
info: TEMP_PROFILE driver geometry elapsed_ms=0
info: TEMP_PROFILE driver radiation elapsed_ms=0
info: TEMP_PROFILE driver atmospheric_chemistry elapsed_ms=0
error: TEMP_DIAGNOSTIC n_ledger[init]: cells.len=1
error: TEMP_DIAGNOSTIC n_ledger[init]: cells.len=1
info: TEMP_PROFILE driver coupled_stage elapsed_ms=142
info: TEMP_PROFILE driver geometry elapsed_ms=0
info: TEMP_PROFILE driver radiation elapsed_ms=0
info: TEMP_PROFILE driver atmospheric_chemistry elapsed_ms=0
error: TEMP_DIAGNOSTIC n_ledger[init]: cells.len=1
error: TEMP_DIAGNOSTIC n_ledger[init]: cells.len=1
info: TEMP_PROFILE driver coupled_stage elapsed_ms=203
info: TEMP_PROFILE driver geometry elapsed_ms=0
info: TEMP_PROFILE driver radiation elapsed_ms=0
info: TEMP_PROFILE driver atmospheric_chemistry elapsed_ms=0
error: TEMP_DIAGNOSTIC n_ledger[init]: cells.len=1
error: TEMP_DIAGNOSTIC n_ledger[init]: cells.len=1
info: TEMP_PROFILE driver coupled_stage elapsed_ms=191
info: TEMP_PROFILE driver geometry elapsed_ms=0
info: TEMP_PROFILE driver radiation elapsed_ms=0
info: TEMP_PROFILE driver atmospheric_chemistry elapsed_ms=0
error: TEMP_DIAGNOSTIC n_ledger[init]: cells.len=1
error: TEMP_DIAGNOSTIC n_ledger[init]: cells.len=1
info: TEMP_PROFILE driver coupled_stage elapsed_ms=169
info: TEMP_PROFILE driver geometry elapsed_ms=0
info: TEMP_PROFILE driver radiation elapsed_ms=0
info: TEMP_PROFILE driver atmospheric_chemistry elapsed_ms=0
error: TEMP_DIAGNOSTIC n_ledger[init]: cells.len=1
error: TEMP_DIAGNOSTIC n_ledger[init]: cells.len=1
info: TEMP_PROFILE driver coupled_stage elapsed_ms=159
info: TEMP_PROFILE driver geometry elapsed_ms=0
info: TEMP_PROFILE driver radiation elapsed_ms=0
info: TEMP_PROFILE driver atmospheric_chemistry elapsed_ms=0
error: TEMP_DIAGNOSTIC n_ledger[init]: cells.len=1
error: TEMP_DIAGNOSTIC n_ledger[init]: cells.len=1
info: TEMP_PROFILE driver coupled_stage elapsed_ms=165
info: TEMP_PROFILE driver geometry elapsed_ms=0
info: TEMP_PROFILE driver radiation elapsed_ms=0
info: TEMP_PROFILE driver atmospheric_chemistry elapsed_ms=0
error: TEMP_DIAGNOSTIC n_ledger[init]: cells.len=1
error: TEMP_DIAGNOSTIC n_ledger[init]: cells.len=1
info: TEMP_PROFILE driver coupled_stage elapsed_ms=155
info: TEMP_PROFILE driver geometry elapsed_ms=0
info: TEMP_PROFILE driver radiation elapsed_ms=0
info: TEMP_PROFILE driver atmospheric_chemistry elapsed_ms=0
error: TEMP_DIAGNOSTIC n_ledger[init]: cells.len=1
error: TEMP_DIAGNOSTIC n_ledger[init]: cells.len=1
info: TEMP_PROFILE driver coupled_stage elapsed_ms=161
error: TEMP_DIAGNOSTIC n_ledger[init]: cells.len=1
error: TEMP_DIAGNOSTIC n_ledger[init]: cells.len=1
error: TEMP_DIAGNOSTIC n_ledger[init]: cells.len=1
error: TEMP_DIAGNOSTIC n_ledger[init]: cells.len=1
error: TEMP_DIAGNOSTIC n_ledger[init]: cells.len=1
error: TEMP_DIAGNOSTIC n_ledger[init]: cells.len=1
error: TEMP_DIAGNOSTIC n_ledger[init]: cells.len=1
error: TEMP_DIAGNOSTIC n_ledger[init]: cells.len=1
error: TEMP_DIAGNOSTIC n_ledger[init]: cells.len=1
error: TEMP_DIAGNOSTIC n_ledger[init]: cells.len=1
error: TEMP_DIAGNOSTIC n_ledger[init]: cells.len=1
error: TEMP_DIAGNOSTIC n_ledger[init]: cells.len=1
error: TEMP_DIAGNOSTIC n_ledger[init]: cells.len=1
error: TEMP_DIAGNOSTIC n_ledger[init]: cells.len=1
error: TEMP_DIAGNOSTIC n_ledger[init]: cells.len=1
error: TEMP_DIAGNOSTIC n_ledger[init]: cells.len=1
error: TEMP_DIAGNOSTIC n_ledger[init]: cells.len=1
error: TEMP_DIAGNOSTIC n_ledger[init]: cells.len=1
error: TEMP_DIAGNOSTIC n_ledger[init]: cells.len=1
error: TEMP_DIAGNOSTIC n_ledger[init]: cells.len=1
error: TEMP_DIAGNOSTIC n_ledger[init]: cells.len=1
error: TEMP_DIAGNOSTIC n_ledger[init]: cells.len=1
error: TEMP_DIAGNOSTIC n_ledger[init]: cells.len=1
error: TEMP_DIAGNOSTIC n_ledger[init]: cells.len=1
error: TEMP_DIAGNOSTIC n_ledger[init]: cells.len=1
error: TEMP_DIAGNOSTIC n_ledger[init]: cells.len=1
error: TEMP_DIAGNOSTIC n_ledger[init]: cells.len=1
error: TEMP_DIAGNOSTIC n_ledger[init]: cells.len=1
error: TEMP_DIAGNOSTIC n_ledger[init]: cells.len=1
error: TEMP_DIAGNOSTIC n_ledger[init]: cells.len=1
error: TEMP_DIAGNOSTIC n_ledger[init]: cells.len=1
error: TEMP_DIAGNOSTIC n_ledger[init]: cells.len=1
info: daily conservation accepted: day=22 year=1998 hour=24 water=1.9650617904905875e-14 heat=6.972417513229371e-14 oxygen=7.704466330948294e-14 hydrogen=5.18471695958333e-16 carbon=4.0886392387792146e-14 nitrogen=1.616237903501325e-14 phosphorus=1.8934335525400862e-12 aluminum=3.972622853873428e-9 iron=7.754590966346379e-6 calcium=3.64090961974069e-9 magnesium=1e0 sodium=1.7216892430872654e-3 potassium=3.4393072594718264e-3 sulfur=0e0 chloride=0e0 silicon=4.507427772282085e-6 sand=1e0 silt=1e0 clay=1e0 rock_additive=0e0 cec=0e0 aec=0e0
info: day advanced: scene_weather_hours=528 final_hour_elapsed_ms=262
error: TEMP_DIAGNOSTIC n_ledger[init]: cells.len=1
error: TEMP_DIAGNOSTIC n_ledger[init]: cells.len=1
error: TEMP_DIAGNOSTIC n_ledger[init]: cells.len=1
error: TEMP_DIAGNOSTIC n_ledger[init]: cells.len=1
error: TEMP_DIAGNOSTIC n_ledger[init]: cells.len=1
error: TEMP_DIAGNOSTIC n_ledger[init]: cells.len=1
error: TEMP_DIAGNOSTIC n_ledger[init]: cells.len=1
error: TEMP_DIAGNOSTIC n_ledger[init]: cells.len=1
error: TEMP_DIAGNOSTIC n_ledger[init]: cells.len=1
error: TEMP_DIAGNOSTIC n_ledger[init]: cells.len=1
error: TEMP_DIAGNOSTIC n_ledger[init]: cells.len=1
error: TEMP_DIAGNOSTIC n_ledger[init]: cells.len=1
error: TEMP_DIAGNOSTIC n_ledger[init]: cells.len=1
error: TEMP_DIAGNOSTIC n_ledger[init]: cells.len=1
error: TEMP_DIAGNOSTIC n_ledger[init]: cells.len=1
error: TEMP_DIAGNOSTIC n_ledger[init]: cells.len=1
error: TEMP_DIAGNOSTIC n_ledger[init]: cells.len=1
error: TEMP_DIAGNOSTIC n_ledger[init]: cells.len=1
error: TEMP_DIAGNOSTIC n_ledger[init]: cells.len=1
error: TEMP_DIAGNOSTIC n_ledger[init]: cells.len=1
error: TEMP_DIAGNOSTIC n_ledger[init]: cells.len=1
error: TEMP_DIAGNOSTIC n_ledger[init]: cells.len=1
error: TEMP_DIAGNOSTIC n_ledger[init]: cells.len=1
error: TEMP_DIAGNOSTIC n_ledger[init]: cells.len=1
error: TEMP_DIAGNOSTIC n_ledger[init]: cells.len=1
error: TEMP_DIAGNOSTIC n_ledger[init]: cells.len=1
error: TEMP_DIAGNOSTIC n_ledger[init]: cells.len=1
error: TEMP_DIAGNOSTIC n_ledger[init]: cells.len=1
error: TEMP_DIAGNOSTIC n_ledger[init]: cells.len=1
error: TEMP_DIAGNOSTIC n_ledger[init]: cells.len=1
error: TEMP_DIAGNOSTIC n_ledger[init]: cells.len=1
error: TEMP_DIAGNOSTIC n_ledger[init]: cells.len=1
error: TEMP_DIAGNOSTIC n_ledger[init]: cells.len=1
error: TEMP_DIAGNOSTIC n_ledger[init]: cells.len=1
error: TEMP_DIAGNOSTIC n_ledger[init]: cells.len=1
error: TEMP_DIAGNOSTIC n_ledger[init]: cells.len=1
error: TEMP_DIAGNOSTIC n_ledger[init]: cells.len=1
error: TEMP_DIAGNOSTIC n_ledger[init]: cells.len=1
error: TEMP_DIAGNOSTIC n_ledger[init]: cells.len=1
error: TEMP_DIAGNOSTIC n_ledger[init]: cells.len=1
error: TEMP_DIAGNOSTIC n_ledger[init]: cells.len=1
error: TEMP_DIAGNOSTIC n_ledger[init]: cells.len=1
error: TEMP_DIAGNOSTIC n_ledger[init]: cells.len=1
error: TEMP_DIAGNOSTIC n_ledger[init]: cells.len=1
error: TEMP_DIAGNOSTIC n_ledger[init]: cells.len=1
error: TEMP_DIAGNOSTIC n_ledger[init]: cells.len=1
error: TEMP_DIAGNOSTIC n_ledger[init]: cells.len=1
error: TEMP_DIAGNOSTIC n_ledger[init]: cells.len=1
info: daily conservation accepted: day=23 year=1998 hour=24 water=2.152308065234993e-14 heat=7.848279658941939e-14 oxygen=7.532950056522898e-14 hydrogen=5.603143048070073e-16 carbon=7.756096917265673e-14 nitrogen=1.7788169858414665e-14 phosphorus=1.6093430355503757e-12 aluminum=4.2223935843962554e-9 iron=9.890576570661983e-6 calcium=3.2979462096362197e-9 magnesium=1e0 sodium=1.209399020734614e-3 potassium=2.41593678879739e-3 sulfur=0e0 chloride=0e0 silicon=3.927016972280809e-6 sand=1e0 silt=1e0 clay=1e0 rock_additive=0e0 cec=2.4364709241458074e-2 aec=2.130492676431425e-2
info: day advanced: scene_weather_hours=552 final_hour_elapsed_ms=198
error: TEMP_DIAGNOSTIC n_ledger[init]: cells.len=1
error: TEMP_DIAGNOSTIC n_ledger[init]: cells.len=1
error: TEMP_DIAGNOSTIC n_ledger[init]: cells.len=1
error: TEMP_DIAGNOSTIC n_ledger[init]: cells.len=1
error: TEMP_DIAGNOSTIC n_ledger[init]: cells.len=1
error: TEMP_DIAGNOSTIC n_ledger[init]: cells.len=1
error: TEMP_DIAGNOSTIC n_ledger[init]: cells.len=1
error: TEMP_DIAGNOSTIC n_ledger[init]: cells.len=1
error: TEMP_DIAGNOSTIC n_ledger[init]: cells.len=1
error: TEMP_DIAGNOSTIC n_ledger[init]: cells.len=1
error: TEMP_DIAGNOSTIC n_ledger[init]: cells.len=1
error: TEMP_DIAGNOSTIC n_ledger[init]: cells.len=1
error: TEMP_DIAGNOSTIC n_ledger[init]: cells.len=1
error: TEMP_DIAGNOSTIC n_ledger[init]: cells.len=1
error: TEMP_DIAGNOSTIC n_ledger[init]: cells.len=1
error: TEMP_DIAGNOSTIC n_ledger[init]: cells.len=1
error: TEMP_DIAGNOSTIC n_ledger[init]: cells.len=1
error: TEMP_DIAGNOSTIC n_ledger[init]: cells.len=1
error: TEMP_DIAGNOSTIC n_ledger[init]: cells.len=1
error: TEMP_DIAGNOSTIC n_ledger[init]: cells.len=1
error: TEMP_DIAGNOSTIC n_ledger[init]: cells.len=1
error: TEMP_DIAGNOSTIC n_ledger[init]: cells.len=1
error: TEMP_DIAGNOSTIC n_ledger[init]: cells.len=1
error: TEMP_DIAGNOSTIC n_ledger[init]: cells.len=1
error: TEMP_DIAGNOSTIC n_ledger[init]: cells.len=1
error: TEMP_DIAGNOSTIC n_ledger[init]: cells.len=1
error: TEMP_DIAGNOSTIC n_ledger[init]: cells.len=1
error: TEMP_DIAGNOSTIC n_ledger[init]: cells.len=1
error: TEMP_DIAGNOSTIC n_ledger[init]: cells.len=1
error: TEMP_DIAGNOSTIC n_ledger[init]: cells.len=1
error: TEMP_DIAGNOSTIC n_ledger[init]: cells.len=1
error: TEMP_DIAGNOSTIC n_ledger[init]: cells.len=1
error: TEMP_DIAGNOSTIC n_ledger[init]: cells.len=1
error: TEMP_DIAGNOSTIC n_ledger[init]: cells.len=1
error: TEMP_DIAGNOSTIC n_ledger[init]: cells.len=1
error: TEMP_DIAGNOSTIC n_ledger[init]: cells.len=1
error: TEMP_DIAGNOSTIC n_ledger[init]: cells.len=1
error: TEMP_DIAGNOSTIC n_ledger[init]: cells.len=1
error: TEMP_DIAGNOSTIC n_ledger[init]: cells.len=1
error: TEMP_DIAGNOSTIC n_ledger[init]: cells.len=1
error: TEMP_DIAGNOSTIC n_ledger[init]: cells.len=1
error: TEMP_DIAGNOSTIC n_ledger[init]: cells.len=1
error: TEMP_DIAGNOSTIC n_ledger[init]: cells.len=1
error: TEMP_DIAGNOSTIC n_ledger[init]: cells.len=1
error: TEMP_DIAGNOSTIC n_ledger[init]: cells.len=1
error: TEMP_DIAGNOSTIC n_ledger[init]: cells.len=1
error: TEMP_DIAGNOSTIC n_ledger[init]: cells.len=1
error: TEMP_DIAGNOSTIC n_ledger[init]: cells.len=1
info: daily conservation accepted: day=24 year=1998 hour=24 water=2.0144979939041066e-14 heat=8.119658488444311e-14 oxygen=7.247521806289972e-14 hydrogen=3.3516451100676878e-16 carbon=3.690953849671777e-14 nitrogen=2.2041703352979535e-14 phosphorus=1.595428925501301e-12 aluminum=3.631229310662367e-9 iron=9.269173233971768e-6 calcium=3.8961379253816706e-9 magnesium=1e0 sodium=1.7036415198606668e-3 potassium=2.784477046910137e-3 sulfur=0e0 chloride=0e0 silicon=4.200863276312145e-6 sand=1e0 silt=1e0 clay=1e0 rock_additive=0e0 cec=2.3714682723483094e-2 aec=0e0
info: day advanced: scene_weather_hours=576 final_hour_elapsed_ms=204
error: TEMP_DIAGNOSTIC n_ledger[init]: cells.len=1
error: TEMP_DIAGNOSTIC n_ledger[init]: cells.len=1
error: TEMP_DIAGNOSTIC n_ledger[init]: cells.len=1
error: TEMP_DIAGNOSTIC n_ledger[init]: cells.len=1
error: TEMP_DIAGNOSTIC n_ledger[init]: cells.len=1
error: TEMP_DIAGNOSTIC n_ledger[init]: cells.len=1
error: TEMP_DIAGNOSTIC n_ledger[init]: cells.len=1
error: TEMP_DIAGNOSTIC n_ledger[init]: cells.len=1
error: TEMP_DIAGNOSTIC n_ledger[init]: cells.len=1
error: TEMP_DIAGNOSTIC n_ledger[init]: cells.len=1
error: TEMP_DIAGNOSTIC n_ledger[init]: cells.len=1
error: TEMP_DIAGNOSTIC n_ledger[init]: cells.len=1
error: TEMP_DIAGNOSTIC n_ledger[init]: cells.len=1
error: TEMP_DIAGNOSTIC n_ledger[init]: cells.len=1
error: TEMP_DIAGNOSTIC n_ledger[init]: cells.len=1
error: TEMP_DIAGNOSTIC n_ledger[init]: cells.len=1
error: TEMP_DIAGNOSTIC n_ledger[init]: cells.len=1
error: TEMP_DIAGNOSTIC n_ledger[init]: cells.len=1
error: TEMP_DIAGNOSTIC n_ledger[init]: cells.len=1
error: TEMP_DIAGNOSTIC n_ledger[init]: cells.len=1
error: TEMP_DIAGNOSTIC n_ledger[init]: cells.len=1
error: TEMP_DIAGNOSTIC n_ledger[init]: cells.len=1
error: TEMP_DIAGNOSTIC n_ledger[init]: cells.len=1
error: TEMP_DIAGNOSTIC n_ledger[init]: cells.len=1
error: TEMP_DIAGNOSTIC n_ledger[init]: cells.len=1
error: TEMP_DIAGNOSTIC n_ledger[init]: cells.len=1
error: TEMP_DIAGNOSTIC n_ledger[init]: cells.len=1
error: TEMP_DIAGNOSTIC n_ledger[init]: cells.len=1
error: TEMP_DIAGNOSTIC n_ledger[init]: cells.len=1
error: TEMP_DIAGNOSTIC n_ledger[init]: cells.len=1
error: TEMP_DIAGNOSTIC n_ledger[init]: cells.len=1
error: TEMP_DIAGNOSTIC n_ledger[init]: cells.len=1
error: TEMP_DIAGNOSTIC n_ledger[init]: cells.len=1
error: TEMP_DIAGNOSTIC n_ledger[init]: cells.len=1
error: TEMP_DIAGNOSTIC n_ledger[init]: cells.len=1
error: TEMP_DIAGNOSTIC n_ledger[init]: cells.len=1
error: TEMP_DIAGNOSTIC n_ledger[init]: cells.len=1
error: TEMP_DIAGNOSTIC n_ledger[init]: cells.len=1
error: TEMP_DIAGNOSTIC n_ledger[init]: cells.len=1
error: TEMP_DIAGNOSTIC n_ledger[init]: cells.len=1
error: TEMP_DIAGNOSTIC n_ledger[init]: cells.len=1
error: TEMP_DIAGNOSTIC n_ledger[init]: cells.len=1
error: TEMP_DIAGNOSTIC n_ledger[init]: cells.len=1
error: TEMP_DIAGNOSTIC n_ledger[init]: cells.len=1
error: TEMP_DIAGNOSTIC n_ledger[init]: cells.len=1
error: TEMP_DIAGNOSTIC n_ledger[init]: cells.len=1
error: TEMP_DIAGNOSTIC n_ledger[init]: cells.len=1
error: TEMP_DIAGNOSTIC n_ledger[init]: cells.len=1
info: daily conservation accepted: day=25 year=1998 hour=24 water=2.16857313796926e-14 heat=8.422672334541625e-14 oxygen=7.105672542980183e-14 hydrogen=6.504001916674875e-17 carbon=3.5231937553105647e-13 nitrogen=1.838151821131151e-14 phosphorus=1.7596716917513704e-12 aluminum=3.604218526296727e-9 iron=7.576657727762808e-6 calcium=3.867426323971191e-9 magnesium=1e0 sodium=1.3807254885686339e-3 potassium=2.482361354785521e-3 sulfur=0e0 chloride=0e0 silicon=3.218766515224742e-6 sand=1e0 silt=1e0 clay=1e0 rock_additive=0e0 cec=0e0 aec=9.78069840299534e-3
info: day advanced: scene_weather_hours=600 final_hour_elapsed_ms=188
error: TEMP_DIAGNOSTIC n_ledger[init]: cells.len=1
error: TEMP_DIAGNOSTIC n_ledger[init]: cells.len=1
error: TEMP_DIAGNOSTIC n_ledger[init]: cells.len=1
error: TEMP_DIAGNOSTIC n_ledger[init]: cells.len=1
error: TEMP_DIAGNOSTIC n_ledger[init]: cells.len=1
error: TEMP_DIAGNOSTIC n_ledger[init]: cells.len=1
error: TEMP_DIAGNOSTIC n_ledger[init]: cells.len=1
error: TEMP_DIAGNOSTIC n_ledger[init]: cells.len=1
error: TEMP_DIAGNOSTIC n_ledger[init]: cells.len=1
error: TEMP_DIAGNOSTIC n_ledger[init]: cells.len=1
error: TEMP_DIAGNOSTIC n_ledger[init]: cells.len=1
error: TEMP_DIAGNOSTIC n_ledger[init]: cells.len=1
error: TEMP_DIAGNOSTIC n_ledger[init]: cells.len=1
error: TEMP_DIAGNOSTIC n_ledger[init]: cells.len=1
error: TEMP_DIAGNOSTIC n_ledger[init]: cells.len=1
error: TEMP_DIAGNOSTIC n_ledger[init]: cells.len=1
error: TEMP_DIAGNOSTIC n_ledger[init]: cells.len=1
error: TEMP_DIAGNOSTIC n_ledger[init]: cells.len=1
error: TEMP_DIAGNOSTIC n_ledger[init]: cells.len=1
error: TEMP_DIAGNOSTIC n_ledger[init]: cells.len=1
error: TEMP_DIAGNOSTIC n_ledger[init]: cells.len=1
error: TEMP_DIAGNOSTIC n_ledger[init]: cells.len=1
error: TEMP_DIAGNOSTIC n_ledger[init]: cells.len=1
error: TEMP_DIAGNOSTIC n_ledger[init]: cells.len=1
error: TEMP_DIAGNOSTIC n_ledger[init]: cells.len=1
error: TEMP_DIAGNOSTIC n_ledger[init]: cells.len=1
error: TEMP_DIAGNOSTIC n_ledger[init]: cells.len=1
error: TEMP_DIAGNOSTIC n_ledger[init]: cells.len=1
error: TEMP_DIAGNOSTIC n_ledger[init]: cells.len=1
error: TEMP_DIAGNOSTIC n_ledger[init]: cells.len=1
error: TEMP_DIAGNOSTIC n_ledger[init]: cells.len=1
error: TEMP_DIAGNOSTIC n_ledger[init]: cells.len=1
error: TEMP_DIAGNOSTIC n_ledger[init]: cells.len=1
error: TEMP_DIAGNOSTIC n_ledger[init]: cells.len=1
error: TEMP_DIAGNOSTIC n_ledger[init]: cells.len=1
error: TEMP_DIAGNOSTIC n_ledger[init]: cells.len=1
error: TEMP_DIAGNOSTIC n_ledger[init]: cells.len=1
error: TEMP_DIAGNOSTIC n_ledger[init]: cells.len=1
error: TEMP_DIAGNOSTIC n_ledger[init]: cells.len=1
error: TEMP_DIAGNOSTIC n_ledger[init]: cells.len=1
error: TEMP_DIAGNOSTIC n_ledger[init]: cells.len=1
error: TEMP_DIAGNOSTIC n_ledger[init]: cells.len=1
error: TEMP_DIAGNOSTIC n_ledger[init]: cells.len=1
error: TEMP_DIAGNOSTIC n_ledger[init]: cells.len=1
error: TEMP_DIAGNOSTIC n_ledger[init]: cells.len=1
error: TEMP_DIAGNOSTIC n_ledger[init]: cells.len=1
error: TEMP_DIAGNOSTIC n_ledger[init]: cells.len=1
error: TEMP_DIAGNOSTIC n_ledger[init]: cells.len=1
info: daily conservation accepted: day=26 year=1998 hour=24 water=2.2670184820284575e-14 heat=8.362820867360836e-14 oxygen=7.032069060388683e-14 hydrogen=4.453984782762172e-16 carbon=1.3433624936479208e-13 nitrogen=2.0028126195530122e-14 phosphorus=1.6598057326337186e-12 aluminum=3.5782812908843896e-9 iron=9.134021840054099e-6 calcium=3.5326930483292625e-9 magnesium=1e0 sodium=9.810418086551218e-4 potassium=1.469817369240576e-3 sulfur=0e0 chloride=0e0 silicon=3.451387277316032e-6 sand=1e0 silt=1e0 clay=0e0 rock_additive=0e0 cec=0e0 aec=9.336931942519514e-3
info: day advanced: scene_weather_hours=624 final_hour_elapsed_ms=254
error: TEMP_DIAGNOSTIC n_ledger[init]: cells.len=1
error: TEMP_DIAGNOSTIC n_ledger[init]: cells.len=1
error: TEMP_DIAGNOSTIC n_ledger[init]: cells.len=1
error: TEMP_DIAGNOSTIC n_ledger[init]: cells.len=1
error: TEMP_DIAGNOSTIC n_ledger[init]: cells.len=1
error: TEMP_DIAGNOSTIC n_ledger[init]: cells.len=1
error: TEMP_DIAGNOSTIC n_ledger[init]: cells.len=1
error: TEMP_DIAGNOSTIC n_ledger[init]: cells.len=1
error: TEMP_DIAGNOSTIC n_ledger[init]: cells.len=1
error: TEMP_DIAGNOSTIC n_ledger[init]: cells.len=1
error: TEMP_DIAGNOSTIC n_ledger[init]: cells.len=1
error: TEMP_DIAGNOSTIC n_ledger[init]: cells.len=1
error: TEMP_DIAGNOSTIC n_ledger[init]: cells.len=1
error: TEMP_DIAGNOSTIC n_ledger[init]: cells.len=1
error: TEMP_DIAGNOSTIC n_ledger[init]: cells.len=1
error: TEMP_DIAGNOSTIC n_ledger[init]: cells.len=1
error: TEMP_DIAGNOSTIC n_ledger[init]: cells.len=1
error: TEMP_DIAGNOSTIC n_ledger[init]: cells.len=1
error: TEMP_DIAGNOSTIC n_ledger[init]: cells.len=1
error: TEMP_DIAGNOSTIC n_ledger[init]: cells.len=1
error: TEMP_DIAGNOSTIC n_ledger[init]: cells.len=1
error: TEMP_DIAGNOSTIC n_ledger[init]: cells.len=1
error: TEMP_DIAGNOSTIC n_ledger[init]: cells.len=1
error: TEMP_DIAGNOSTIC n_ledger[init]: cells.len=1
error: TEMP_DIAGNOSTIC n_ledger[init]: cells.len=1
error: TEMP_DIAGNOSTIC n_ledger[init]: cells.len=1
error: TEMP_DIAGNOSTIC n_ledger[init]: cells.len=1
error: TEMP_DIAGNOSTIC n_ledger[init]: cells.len=1
error: TEMP_DIAGNOSTIC n_ledger[init]: cells.len=1
error: TEMP_DIAGNOSTIC n_ledger[init]: cells.len=1
error: TEMP_DIAGNOSTIC n_ledger[init]: cells.len=1
error: TEMP_DIAGNOSTIC n_ledger[init]: cells.len=1
error: TEMP_DIAGNOSTIC n_ledger[init]: cells.len=1
error: TEMP_DIAGNOSTIC n_ledger[init]: cells.len=1
error: TEMP_DIAGNOSTIC n_ledger[init]: cells.len=1
error: TEMP_DIAGNOSTIC n_ledger[init]: cells.len=1
error: TEMP_DIAGNOSTIC n_ledger[init]: cells.len=1
error: TEMP_DIAGNOSTIC n_ledger[init]: cells.len=1
error: TEMP_DIAGNOSTIC n_ledger[init]: cells.len=1
error: TEMP_DIAGNOSTIC n_ledger[init]: cells.len=1
error: TEMP_DIAGNOSTIC n_ledger[init]: cells.len=1
error: TEMP_DIAGNOSTIC n_ledger[init]: cells.len=1
error: TEMP_DIAGNOSTIC n_ledger[init]: cells.len=1
error: TEMP_DIAGNOSTIC n_ledger[init]: cells.len=1
error: TEMP_DIAGNOSTIC n_ledger[init]: cells.len=1
error: TEMP_DIAGNOSTIC n_ledger[init]: cells.len=1
error: TEMP_DIAGNOSTIC n_ledger[init]: cells.len=1
error: TEMP_DIAGNOSTIC n_ledger[init]: cells.len=1
info: daily conservation accepted: day=27 year=1998 hour=24 water=2.35898007848787e-14 heat=8.848470113774912e-14 oxygen=6.996495438443979e-14 hydrogen=4.0091804173609695e-16 carbon=1.9293225880696755e-13 nitrogen=1.8132718549562263e-14 phosphorus=1.2145027920856e-12 aluminum=3.826669802026388e-9 iron=1.067099923735035e-5 calcium=3.355810606224136e-9 magnesium=1e0 sodium=8.693503647750743e-4 potassium=1.5195564140374803e-3 sulfur=0e0 chloride=0e0 silicon=4.002758868996969e-6 sand=1e0 silt=0e0 clay=1e0 rock_additive=0e0 cec=0e0 aec=0e0
info: day advanced: scene_weather_hours=648 final_hour_elapsed_ms=219
error: TEMP_DIAGNOSTIC n_ledger[init]: cells.len=1
error: TEMP_DIAGNOSTIC n_ledger[init]: cells.len=1
error: TEMP_DIAGNOSTIC n_ledger[init]: cells.len=1
error: TEMP_DIAGNOSTIC n_ledger[init]: cells.len=1
error: TEMP_DIAGNOSTIC n_ledger[init]: cells.len=1
error: TEMP_DIAGNOSTIC n_ledger[init]: cells.len=1
error: TEMP_DIAGNOSTIC n_ledger[init]: cells.len=1
error: TEMP_DIAGNOSTIC n_ledger[init]: cells.len=1
error: TEMP_DIAGNOSTIC n_ledger[init]: cells.len=1
error: TEMP_DIAGNOSTIC n_ledger[init]: cells.len=1
error: TEMP_DIAGNOSTIC n_ledger[init]: cells.len=1
error: TEMP_DIAGNOSTIC n_ledger[init]: cells.len=1
error: TEMP_DIAGNOSTIC n_ledger[init]: cells.len=1
error: TEMP_DIAGNOSTIC n_ledger[init]: cells.len=1
error: TEMP_DIAGNOSTIC n_ledger[init]: cells.len=1
error: TEMP_DIAGNOSTIC n_ledger[init]: cells.len=1
error: TEMP_DIAGNOSTIC n_ledger[init]: cells.len=1
error: TEMP_DIAGNOSTIC n_ledger[init]: cells.len=1
error: TEMP_DIAGNOSTIC n_ledger[init]: cells.len=1
error: TEMP_DIAGNOSTIC n_ledger[init]: cells.len=1
error: TEMP_DIAGNOSTIC n_ledger[init]: cells.len=1
error: TEMP_DIAGNOSTIC n_ledger[init]: cells.len=1
error: TEMP_DIAGNOSTIC n_ledger[init]: cells.len=1
error: TEMP_DIAGNOSTIC n_ledger[init]: cells.len=1
error: TEMP_DIAGNOSTIC n_ledger[init]: cells.len=1
error: TEMP_DIAGNOSTIC n_ledger[init]: cells.len=1
error: TEMP_DIAGNOSTIC n_ledger[init]: cells.len=1
error: TEMP_DIAGNOSTIC n_ledger[init]: cells.len=1
error: TEMP_DIAGNOSTIC n_ledger[init]: cells.len=1
error: TEMP_DIAGNOSTIC n_ledger[init]: cells.len=1
error: TEMP_DIAGNOSTIC n_ledger[init]: cells.len=1
error: TEMP_DIAGNOSTIC n_ledger[init]: cells.len=1
error: TEMP_DIAGNOSTIC n_ledger[init]: cells.len=1
error: TEMP_DIAGNOSTIC n_ledger[init]: cells.len=1
error: TEMP_DIAGNOSTIC n_ledger[init]: cells.len=1
error: TEMP_DIAGNOSTIC n_ledger[init]: cells.len=1
error: TEMP_DIAGNOSTIC n_ledger[init]: cells.len=1
error: TEMP_DIAGNOSTIC n_ledger[init]: cells.len=1
error: TEMP_DIAGNOSTIC n_ledger[init]: cells.len=1
error: TEMP_DIAGNOSTIC n_ledger[init]: cells.len=1
error: TEMP_DIAGNOSTIC n_ledger[init]: cells.len=1
error: TEMP_DIAGNOSTIC n_ledger[init]: cells.len=1
error: TEMP_DIAGNOSTIC n_ledger[init]: cells.len=1
error: TEMP_DIAGNOSTIC n_ledger[init]: cells.len=1
error: TEMP_DIAGNOSTIC n_ledger[init]: cells.len=1
error: TEMP_DIAGNOSTIC n_ledger[init]: cells.len=1
error: TEMP_DIAGNOSTIC n_ledger[init]: cells.len=1
error: TEMP_DIAGNOSTIC n_ledger[init]: cells.len=1
info: daily conservation accepted: day=28 year=1998 hour=24 water=2.3725737469038772e-14 heat=8.937055613968003e-14 oxygen=6.931460757124854e-14 hydrogen=5.760935323642424e-16 carbon=9.283817805264533e-14 nitrogen=1.715412883556323e-14 phosphorus=1.6372033829859997e-12 aluminum=3.5293122710000135e-9 iron=1.0598856755667853e-5 calcium=3.1818880551715455e-9 magnesium=1e0 sodium=7.695765976742441e-4 potassium=1.537322622500117e-3 sulfur=0e0 chloride=0e0 silicon=3.782940060619237e-6 sand=1e0 silt=1e0 clay=0e0 rock_additive=0e0 cec=0e0 aec=1.7418520786555078e-2
info: day advanced: scene_weather_hours=672 final_hour_elapsed_ms=173
error: TEMP_DIAGNOSTIC n_ledger[init]: cells.len=1
error: TEMP_DIAGNOSTIC n_ledger[init]: cells.len=1
error: TEMP_DIAGNOSTIC n_ledger[init]: cells.len=1
error: TEMP_DIAGNOSTIC n_ledger[init]: cells.len=1
error: TEMP_DIAGNOSTIC n_ledger[init]: cells.len=1
error: TEMP_DIAGNOSTIC n_ledger[init]: cells.len=1
error: TEMP_DIAGNOSTIC n_ledger[init]: cells.len=1
error: TEMP_DIAGNOSTIC n_ledger[init]: cells.len=1
error: TEMP_DIAGNOSTIC n_ledger[init]: cells.len=1
error: TEMP_DIAGNOSTIC n_ledger[init]: cells.len=1
error: TEMP_DIAGNOSTIC n_ledger[init]: cells.len=1
error: TEMP_DIAGNOSTIC n_ledger[init]: cells.len=1
error: TEMP_DIAGNOSTIC n_ledger[init]: cells.len=1
error: TEMP_DIAGNOSTIC n_ledger[init]: cells.len=1
error: TEMP_DIAGNOSTIC n_ledger[init]: cells.len=1
error: TEMP_DIAGNOSTIC n_ledger[init]: cells.len=1
error: TEMP_DIAGNOSTIC n_ledger[init]: cells.len=1
error: TEMP_DIAGNOSTIC n_ledger[init]: cells.len=1
error: TEMP_DIAGNOSTIC n_ledger[init]: cells.len=1
error: TEMP_DIAGNOSTIC n_ledger[init]: cells.len=1
error: TEMP_DIAGNOSTIC n_ledger[init]: cells.len=1
error: TEMP_DIAGNOSTIC n_ledger[init]: cells.len=1
error: TEMP_DIAGNOSTIC n_ledger[init]: cells.len=1
error: TEMP_DIAGNOSTIC n_ledger[init]: cells.len=1
error: TEMP_DIAGNOSTIC n_ledger[init]: cells.len=1
error: TEMP_DIAGNOSTIC n_ledger[init]: cells.len=1
error: TEMP_DIAGNOSTIC n_ledger[init]: cells.len=1
error: TEMP_DIAGNOSTIC n_ledger[init]: cells.len=1
error: TEMP_DIAGNOSTIC n_ledger[init]: cells.len=1
error: TEMP_DIAGNOSTIC n_ledger[init]: cells.len=1
error: TEMP_DIAGNOSTIC n_ledger[init]: cells.len=1
error: TEMP_DIAGNOSTIC n_ledger[init]: cells.len=1
error: TEMP_DIAGNOSTIC n_ledger[init]: cells.len=1
error: TEMP_DIAGNOSTIC n_ledger[init]: cells.len=1
error: TEMP_DIAGNOSTIC n_ledger[init]: cells.len=1
error: TEMP_DIAGNOSTIC n_ledger[init]: cells.len=1
error: TEMP_DIAGNOSTIC n_ledger[init]: cells.len=1
error: TEMP_DIAGNOSTIC n_ledger[init]: cells.len=1
error: TEMP_DIAGNOSTIC n_ledger[init]: cells.len=1
error: TEMP_DIAGNOSTIC n_ledger[init]: cells.len=1
error: TEMP_DIAGNOSTIC n_ledger[init]: cells.len=1
error: TEMP_DIAGNOSTIC n_ledger[init]: cells.len=1
error: TEMP_DIAGNOSTIC n_ledger[init]: cells.len=1
error: TEMP_DIAGNOSTIC n_ledger[init]: cells.len=1
error: TEMP_DIAGNOSTIC n_ledger[init]: cells.len=1
error: TEMP_DIAGNOSTIC n_ledger[init]: cells.len=1
error: TEMP_DIAGNOSTIC n_ledger[init]: cells.len=1
error: TEMP_DIAGNOSTIC n_ledger[init]: cells.len=1
info: daily conservation accepted: day=29 year=1998 hour=24 water=2.4363624358997548e-14 heat=9.263682218973198e-14 oxygen=6.846600755982209e-14 hydrogen=2.5733398231740484e-16 carbon=2.386542217278392e-13 nitrogen=1.6170592915511012e-14 phosphorus=1.883287254036723e-12 aluminum=2.9667392484307567e-9 iron=1.0002826876612601e-5 calcium=3.1612869938631473e-9 magnesium=1e0 sodium=5.959287875454492e-4 potassium=8.503122782677886e-4 sulfur=0e0 chloride=0e0 silicon=2.5904263417430863e-6 sand=1e0 silt=1e0 clay=1e0 rock_additive=0e0 cec=1.9981267561660944e-2 aec=8.411644870868108e-3
info: day advanced: scene_weather_hours=696 final_hour_elapsed_ms=194
error: TEMP_DIAGNOSTIC n_ledger[init]: cells.len=1
error: TEMP_DIAGNOSTIC n_ledger[init]: cells.len=1
error: TEMP_DIAGNOSTIC n_ledger[init]: cells.len=1
error: TEMP_DIAGNOSTIC n_ledger[init]: cells.len=1
error: TEMP_DIAGNOSTIC n_ledger[init]: cells.len=1
error: TEMP_DIAGNOSTIC n_ledger[init]: cells.len=1
error: TEMP_DIAGNOSTIC n_ledger[init]: cells.len=1
error: TEMP_DIAGNOSTIC n_ledger[init]: cells.len=1
error: TEMP_DIAGNOSTIC n_ledger[init]: cells.len=1
error: TEMP_DIAGNOSTIC n_ledger[init]: cells.len=1
error: TEMP_DIAGNOSTIC n_ledger[init]: cells.len=1
error: TEMP_DIAGNOSTIC n_ledger[init]: cells.len=1
error: TEMP_DIAGNOSTIC n_ledger[init]: cells.len=1
error: TEMP_DIAGNOSTIC n_ledger[init]: cells.len=1
error: TEMP_DIAGNOSTIC n_ledger[init]: cells.len=1
error: TEMP_DIAGNOSTIC n_ledger[init]: cells.len=1
error: TEMP_DIAGNOSTIC n_ledger[init]: cells.len=1
error: TEMP_DIAGNOSTIC n_ledger[init]: cells.len=1
error: TEMP_DIAGNOSTIC n_ledger[init]: cells.len=1
error: TEMP_DIAGNOSTIC n_ledger[init]: cells.len=1
error: TEMP_DIAGNOSTIC n_ledger[init]: cells.len=1
error: TEMP_DIAGNOSTIC n_ledger[init]: cells.len=1
error: TEMP_DIAGNOSTIC n_ledger[init]: cells.len=1
error: TEMP_DIAGNOSTIC n_ledger[init]: cells.len=1
error: TEMP_DIAGNOSTIC n_ledger[init]: cells.len=1
error: TEMP_DIAGNOSTIC n_ledger[init]: cells.len=1
error: TEMP_DIAGNOSTIC n_ledger[init]: cells.len=1
error: TEMP_DIAGNOSTIC n_ledger[init]: cells.len=1
error: TEMP_DIAGNOSTIC n_ledger[init]: cells.len=1
error: TEMP_DIAGNOSTIC n_ledger[init]: cells.len=1
error: TEMP_DIAGNOSTIC n_ledger[init]: cells.len=1
error: TEMP_DIAGNOSTIC n_ledger[init]: cells.len=1
error: TEMP_DIAGNOSTIC n_ledger[init]: cells.len=1
error: TEMP_DIAGNOSTIC n_ledger[init]: cells.len=1
error: TEMP_DIAGNOSTIC n_ledger[init]: cells.len=1
error: TEMP_DIAGNOSTIC n_ledger[init]: cells.len=1
error: TEMP_DIAGNOSTIC n_ledger[init]: cells.len=1
error: TEMP_DIAGNOSTIC n_ledger[init]: cells.len=1
error: TEMP_DIAGNOSTIC n_ledger[init]: cells.len=1
error: TEMP_DIAGNOSTIC n_ledger[init]: cells.len=1
error: TEMP_DIAGNOSTIC n_ledger[init]: cells.len=1
error: TEMP_DIAGNOSTIC n_ledger[init]: cells.len=1
error: TEMP_DIAGNOSTIC n_ledger[init]: cells.len=1
error: TEMP_DIAGNOSTIC n_ledger[init]: cells.len=1
error: TEMP_DIAGNOSTIC n_ledger[init]: cells.len=1
error: TEMP_DIAGNOSTIC n_ledger[init]: cells.len=1
error: TEMP_DIAGNOSTIC n_ledger[init]: cells.len=1
error: TEMP_DIAGNOSTIC n_ledger[init]: cells.len=1
info: daily conservation accepted: day=30 year=1998 hour=24 water=2.4931553286216475e-14 heat=9.342323025332026e-14 oxygen=6.787393781440851e-14 hydrogen=4.712089009183752e-16 carbon=0e0 nitrogen=1.7740203005333602e-14 phosphorus=1.8705266963217587e-12 aluminum=3.483782450685015e-9 iron=8.89281453443206e-6 calcium=3.1414223687350693e-9 magnesium=1e0 sodium=6.785839021511168e-4 potassium=1.2049306497058246e-3 sulfur=0e0 chloride=0e0 silicon=3.039478388478924e-6 sand=1e0 silt=1e0 clay=0e0 rock_additive=0e0 cec=1.9410114489347183e-2 aec=1.6145307769929364e-2
info: day advanced: scene_weather_hours=720 final_hour_elapsed_ms=3434
error: TEMP_DIAGNOSTIC n_ledger[init]: cells.len=1
error: TEMP_DIAGNOSTIC n_ledger[init]: cells.len=1
error: TEMP_DIAGNOSTIC n_ledger[init]: cells.len=1
error: TEMP_DIAGNOSTIC n_ledger[init]: cells.len=1
error: TEMP_DIAGNOSTIC n_ledger[init]: cells.len=1
error: TEMP_DIAGNOSTIC n_ledger[init]: cells.len=1
error: TEMP_DIAGNOSTIC n_ledger[init]: cells.len=1
error: TEMP_DIAGNOSTIC n_ledger[init]: cells.len=1
error: TEMP_DIAGNOSTIC n_ledger[init]: cells.len=1
error: TEMP_DIAGNOSTIC n_ledger[init]: cells.len=1
error: TEMP_DIAGNOSTIC n_ledger[init]: cells.len=1
error: TEMP_DIAGNOSTIC n_ledger[init]: cells.len=1
error: TEMP_DIAGNOSTIC n_ledger[init]: cells.len=1
error: TEMP_DIAGNOSTIC n_ledger[init]: cells.len=1
error: TEMP_DIAGNOSTIC n_ledger[init]: cells.len=1
error: TEMP_DIAGNOSTIC n_ledger[init]: cells.len=1
error: TEMP_DIAGNOSTIC n_ledger[init]: cells.len=1
error: TEMP_DIAGNOSTIC n_ledger[init]: cells.len=1
error: TEMP_DIAGNOSTIC n_ledger[init]: cells.len=1
error: TEMP_DIAGNOSTIC n_ledger[init]: cells.len=1
error: TEMP_DIAGNOSTIC n_ledger[init]: cells.len=1
error: TEMP_DIAGNOSTIC n_ledger[init]: cells.len=1
error: TEMP_DIAGNOSTIC n_ledger[init]: cells.len=1
error: TEMP_DIAGNOSTIC n_ledger[init]: cells.len=1
error: TEMP_DIAGNOSTIC n_ledger[init]: cells.len=1
error: TEMP_DIAGNOSTIC n_ledger[init]: cells.len=1
error: TEMP_DIAGNOSTIC n_ledger[init]: cells.len=1
error: TEMP_DIAGNOSTIC n_ledger[init]: cells.len=1
error: TEMP_DIAGNOSTIC n_ledger[init]: cells.len=1
error: TEMP_DIAGNOSTIC n_ledger[init]: cells.len=1
error: TEMP_DIAGNOSTIC n_ledger[init]: cells.len=1
error: TEMP_DIAGNOSTIC n_ledger[init]: cells.len=1
error: TEMP_DIAGNOSTIC n_ledger[init]: cells.len=1
error: TEMP_DIAGNOSTIC n_ledger[init]: cells.len=1
error: TEMP_DIAGNOSTIC n_ledger[init]: cells.len=1
error: TEMP_DIAGNOSTIC n_ledger[init]: cells.len=1
error: TEMP_DIAGNOSTIC n_ledger[init]: cells.len=1
error: TEMP_DIAGNOSTIC n_ledger[init]: cells.len=1
error: TEMP_DIAGNOSTIC n_ledger[init]: cells.len=1
error: TEMP_DIAGNOSTIC n_ledger[init]: cells.len=1
error: TEMP_DIAGNOSTIC n_ledger[init]: cells.len=1
error: TEMP_DIAGNOSTIC n_ledger[init]: cells.len=1
error: TEMP_DIAGNOSTIC n_ledger[init]: cells.len=1
error: TEMP_DIAGNOSTIC n_ledger[init]: cells.len=1
error: TEMP_DIAGNOSTIC n_ledger[init]: cells.len=1
error: TEMP_DIAGNOSTIC n_ledger[init]: cells.len=1
error: TEMP_DIAGNOSTIC n_ledger[init]: cells.len=1
error: TEMP_DIAGNOSTIC n_ledger[init]: cells.len=1
info: daily conservation accepted: day=31 year=1998 hour=24 water=2.4267620799483185e-14 heat=9.37341726023546e-14 oxygen=6.767196131230677e-14 hydrogen=1.0897304222643057e-15 carbon=1.1157327341207056e-13 nitrogen=1.8450543496093008e-14 phosphorus=2.028003537218135e-12 aluminum=3.994811466813739e-9 iron=1.0397234876877749e-5 calcium=2.6762060279124506e-9 magnesium=1e0 sodium=5.34445557779192e-4 potassium=8.007073278639773e-4 sulfur=0e0 chloride=0e0 silicon=3.1278209214381552e-6 sand=1e0 silt=0e0 clay=1e0 rock_additive=0e0 cec=0e0 aec=1.566228204343836e-2
info: day advanced: scene_weather_hours=744 final_hour_elapsed_ms=332
error: TEMP_DIAGNOSTIC n_ledger[init]: cells.len=1
error: TEMP_DIAGNOSTIC n_ledger[init]: cells.len=1
error: TEMP_DIAGNOSTIC n_ledger[init]: cells.len=1
error: TEMP_DIAGNOSTIC n_ledger[init]: cells.len=1
error: TEMP_DIAGNOSTIC n_ledger[init]: cells.len=1
error: TEMP_DIAGNOSTIC n_ledger[init]: cells.len=1
error: TEMP_DIAGNOSTIC n_ledger[init]: cells.len=1
error: TEMP_DIAGNOSTIC n_ledger[init]: cells.len=1
error: TEMP_DIAGNOSTIC n_ledger[init]: cells.len=1
error: TEMP_DIAGNOSTIC n_ledger[init]: cells.len=1
error: TEMP_DIAGNOSTIC n_ledger[init]: cells.len=1
error: TEMP_DIAGNOSTIC n_ledger[init]: cells.len=1
error: TEMP_DIAGNOSTIC n_ledger[init]: cells.len=1
error: TEMP_DIAGNOSTIC n_ledger[init]: cells.len=1
error: TEMP_DIAGNOSTIC n_ledger[init]: cells.len=1
error: TEMP_DIAGNOSTIC n_ledger[init]: cells.len=1
error: TEMP_DIAGNOSTIC n_ledger[init]: cells.len=1
error: TEMP_DIAGNOSTIC n_ledger[init]: cells.len=1
error: TEMP_DIAGNOSTIC n_ledger[init]: cells.len=1
error: TEMP_DIAGNOSTIC n_ledger[init]: cells.len=1
error: TEMP_DIAGNOSTIC n_ledger[init]: cells.len=1
error: TEMP_DIAGNOSTIC n_ledger[init]: cells.len=1
error: TEMP_DIAGNOSTIC n_ledger[init]: cells.len=1
error: TEMP_DIAGNOSTIC n_ledger[init]: cells.len=1
error: TEMP_DIAGNOSTIC n_ledger[init]: cells.len=1
error: TEMP_DIAGNOSTIC n_ledger[init]: cells.len=1
error: TEMP_DIAGNOSTIC n_ledger[init]: cells.len=1
error: TEMP_DIAGNOSTIC n_ledger[init]: cells.len=1
error: TEMP_DIAGNOSTIC n_ledger[init]: cells.len=1
error: TEMP_DIAGNOSTIC n_ledger[init]: cells.len=1
error: TEMP_DIAGNOSTIC n_ledger[init]: cells.len=1
error: TEMP_DIAGNOSTIC n_ledger[init]: cells.len=1
error: TEMP_DIAGNOSTIC n_ledger[init]: cells.len=1
error: TEMP_DIAGNOSTIC n_ledger[init]: cells.len=1
error: TEMP_DIAGNOSTIC n_ledger[init]: cells.len=1
error: TEMP_DIAGNOSTIC n_ledger[init]: cells.len=1
error: TEMP_DIAGNOSTIC n_ledger[init]: cells.len=1
error: TEMP_DIAGNOSTIC n_ledger[init]: cells.len=1
error: TEMP_DIAGNOSTIC n_ledger[init]: cells.len=1
error: TEMP_DIAGNOSTIC n_ledger[init]: cells.len=1
error: TEMP_DIAGNOSTIC n_ledger[init]: cells.len=1
error: TEMP_DIAGNOSTIC n_ledger[init]: cells.len=1
error: TEMP_DIAGNOSTIC n_ledger[init]: cells.len=1
error: TEMP_DIAGNOSTIC n_ledger[init]: cells.len=1
error: TEMP_DIAGNOSTIC n_ledger[init]: cells.len=1
error: TEMP_DIAGNOSTIC n_ledger[init]: cells.len=1
error: TEMP_DIAGNOSTIC n_ledger[init]: cells.len=1
error: TEMP_DIAGNOSTIC n_ledger[init]: cells.len=1
info: daily conservation accepted: day=32 year=1998 hour=24 water=2.4165235186510247e-14 heat=9.510661837067881e-14 oxygen=6.708979877939617e-14 hydrogen=6.901737635694499e-16 carbon=1.0817660869221453e-13 nitrogen=1.5810696817710137e-14 phosphorus=1.9319366837692866e-12 aluminum=4.235401026850917e-9 iron=1.1884623456020022e-5 calcium=2.0691374617036736e-9 magnesium=1e0 sodium=5.92896258317464e-4 potassium=9.474919008424648e-4 sulfur=0e0 chloride=0e0 silicon=3.981258940375613e-6 sand=1e0 silt=0e0 clay=1e0 rock_additive=0e0 cec=0e0 aec=7.598693974473138e-3
info: day advanced: scene_weather_hours=768 final_hour_elapsed_ms=608
error: TEMP_DIAGNOSTIC n_ledger[init]: cells.len=1
error: TEMP_DIAGNOSTIC n_ledger[init]: cells.len=1
error: TEMP_DIAGNOSTIC n_ledger[init]: cells.len=1
error: TEMP_DIAGNOSTIC n_ledger[init]: cells.len=1
error: TEMP_DIAGNOSTIC n_ledger[init]: cells.len=1
error: TEMP_DIAGNOSTIC n_ledger[init]: cells.len=1
error: TEMP_DIAGNOSTIC n_ledger[init]: cells.len=1
error: TEMP_DIAGNOSTIC n_ledger[init]: cells.len=1
error: TEMP_DIAGNOSTIC n_ledger[init]: cells.len=1
error: TEMP_DIAGNOSTIC n_ledger[init]: cells.len=1
error: TEMP_DIAGNOSTIC n_ledger[init]: cells.len=1
error: TEMP_DIAGNOSTIC n_ledger[init]: cells.len=1
error: TEMP_DIAGNOSTIC n_ledger[init]: cells.len=1
error: TEMP_DIAGNOSTIC n_ledger[init]: cells.len=1
error: TEMP_DIAGNOSTIC n_ledger[init]: cells.len=1
error: TEMP_DIAGNOSTIC n_ledger[init]: cells.len=1
error: TEMP_DIAGNOSTIC n_ledger[init]: cells.len=1
error: TEMP_DIAGNOSTIC n_ledger[init]: cells.len=1
error: TEMP_DIAGNOSTIC n_ledger[init]: cells.len=1
error: TEMP_DIAGNOSTIC n_ledger[init]: cells.len=1
error: TEMP_DIAGNOSTIC n_ledger[init]: cells.len=1
error: TEMP_DIAGNOSTIC n_ledger[init]: cells.len=1
error: TEMP_DIAGNOSTIC n_ledger[init]: cells.len=1
error: TEMP_DIAGNOSTIC n_ledger[init]: cells.len=1
error: TEMP_DIAGNOSTIC n_ledger[init]: cells.len=1
error: TEMP_DIAGNOSTIC n_ledger[init]: cells.len=1
error: TEMP_DIAGNOSTIC n_ledger[init]: cells.len=1
error: TEMP_DIAGNOSTIC n_ledger[init]: cells.len=1
error: TEMP_DIAGNOSTIC n_ledger[init]: cells.len=1
error: TEMP_DIAGNOSTIC n_ledger[init]: cells.len=1
error: TEMP_DIAGNOSTIC n_ledger[init]: cells.len=1
error: TEMP_DIAGNOSTIC n_ledger[init]: cells.len=1
error: TEMP_DIAGNOSTIC n_ledger[init]: cells.len=1
error: TEMP_DIAGNOSTIC n_ledger[init]: cells.len=1
error: TEMP_DIAGNOSTIC n_ledger[init]: cells.len=1
error: TEMP_DIAGNOSTIC n_ledger[init]: cells.len=1
error: TEMP_DIAGNOSTIC n_ledger[init]: cells.len=1
error: TEMP_DIAGNOSTIC n_ledger[init]: cells.len=1
error: TEMP_DIAGNOSTIC n_ledger[init]: cells.len=1
error: TEMP_DIAGNOSTIC n_ledger[init]: cells.len=1
error: TEMP_DIAGNOSTIC n_ledger[init]: cells.len=1
error: TEMP_DIAGNOSTIC n_ledger[init]: cells.len=1
error: TEMP_DIAGNOSTIC n_ledger[init]: cells.len=1
error: TEMP_DIAGNOSTIC n_ledger[init]: cells.len=1
error: TEMP_DIAGNOSTIC n_ledger[init]: cells.len=1
error: TEMP_DIAGNOSTIC n_ledger[init]: cells.len=1
error: TEMP_DIAGNOSTIC n_ledger[init]: cells.len=1
error: TEMP_DIAGNOSTIC n_ledger[init]: cells.len=1
info: daily conservation accepted: day=33 year=1998 hour=24 water=2.4065568483179928e-14 heat=9.885423754387213e-14 oxygen=6.625212009082672e-14 hydrogen=3.9952124451276924e-16 carbon=2.1008557304046066e-13 nitrogen=1.6508338406557763e-14 phosphorus=2.004250783147204e-12 aluminum=4.2104877737706315e-9 iron=1.1814722293653311e-5 calcium=1.4694212517158638e-9 magnesium=1e0 sodium=6.855292934535063e-4 potassium=1.1587234664293896e-3 sulfur=0e0 chloride=0e0 silicon=4.452264505116596e-6 sand=1e0 silt=0e0 clay=1e0 rock_additive=0e0 cec=1.7403127124405168e-2 aec=7.443591532914631e-3
info: day advanced: scene_weather_hours=792 final_hour_elapsed_ms=187
error: TEMP_DIAGNOSTIC n_ledger[init]: cells.len=1
error: TEMP_DIAGNOSTIC n_ledger[init]: cells.len=1
error: TEMP_DIAGNOSTIC n_ledger[init]: cells.len=1
error: TEMP_DIAGNOSTIC n_ledger[init]: cells.len=1
error: TEMP_DIAGNOSTIC n_ledger[init]: cells.len=1
error: TEMP_DIAGNOSTIC n_ledger[init]: cells.len=1
error: TEMP_DIAGNOSTIC n_ledger[init]: cells.len=1
error: TEMP_DIAGNOSTIC n_ledger[init]: cells.len=1
error: TEMP_DIAGNOSTIC n_ledger[init]: cells.len=1
error: TEMP_DIAGNOSTIC n_ledger[init]: cells.len=1
error: TEMP_DIAGNOSTIC n_ledger[init]: cells.len=1
error: TEMP_DIAGNOSTIC n_ledger[init]: cells.len=1
error: TEMP_DIAGNOSTIC n_ledger[init]: cells.len=1
error: TEMP_DIAGNOSTIC n_ledger[init]: cells.len=1
error: TEMP_DIAGNOSTIC n_ledger[init]: cells.len=1
error: TEMP_DIAGNOSTIC n_ledger[init]: cells.len=1
error: TEMP_DIAGNOSTIC n_ledger[init]: cells.len=1
error: TEMP_DIAGNOSTIC n_ledger[init]: cells.len=1
error: TEMP_DIAGNOSTIC n_ledger[init]: cells.len=1
error: TEMP_DIAGNOSTIC n_ledger[init]: cells.len=1
error: TEMP_DIAGNOSTIC n_ledger[init]: cells.len=1
error: TEMP_DIAGNOSTIC n_ledger[init]: cells.len=1
error: TEMP_DIAGNOSTIC n_ledger[init]: cells.len=1
error: TEMP_DIAGNOSTIC n_ledger[init]: cells.len=1
error: TEMP_DIAGNOSTIC n_ledger[init]: cells.len=1
error: TEMP_DIAGNOSTIC n_ledger[init]: cells.len=1
error: TEMP_DIAGNOSTIC n_ledger[init]: cells.len=1
error: TEMP_DIAGNOSTIC n_ledger[init]: cells.len=1
error: TEMP_DIAGNOSTIC n_ledger[init]: cells.len=1
error: TEMP_DIAGNOSTIC n_ledger[init]: cells.len=1
error: TEMP_DIAGNOSTIC n_ledger[init]: cells.len=1
error: TEMP_DIAGNOSTIC n_ledger[init]: cells.len=1
error: TEMP_DIAGNOSTIC n_ledger[init]: cells.len=1
error: TEMP_DIAGNOSTIC n_ledger[init]: cells.len=1
error: TEMP_DIAGNOSTIC n_ledger[init]: cells.len=1
error: TEMP_DIAGNOSTIC n_ledger[init]: cells.len=1
error: TEMP_DIAGNOSTIC n_ledger[init]: cells.len=1
error: TEMP_DIAGNOSTIC n_ledger[init]: cells.len=1
error: TEMP_DIAGNOSTIC n_ledger[init]: cells.len=1
error: TEMP_DIAGNOSTIC n_ledger[init]: cells.len=1
error: TEMP_DIAGNOSTIC n_ledger[init]: cells.len=1
error: TEMP_DIAGNOSTIC n_ledger[init]: cells.len=1
error: TEMP_DIAGNOSTIC n_ledger[init]: cells.len=1
error: TEMP_DIAGNOSTIC n_ledger[init]: cells.len=1
error: TEMP_DIAGNOSTIC n_ledger[init]: cells.len=1
error: TEMP_DIAGNOSTIC n_ledger[init]: cells.len=1
error: TEMP_DIAGNOSTIC n_ledger[init]: cells.len=1
error: TEMP_DIAGNOSTIC n_ledger[init]: cells.len=1
info: daily conservation accepted: day=34 year=1998 hour=24 water=2.628394105456962e-14 heat=9.401613494640407e-14 oxygen=6.553791229092903e-14 hydrogen=4.293345297413164e-16 carbon=3.5748119639146057e-13 nitrogen=1.5590750413439587e-14 phosphorus=1.992932356044968e-12 aluminum=4.1863461689533405e-9 iron=1.1746986694013058e-5 calcium=1.1689301428482538e-9 magnesium=1e0 sodium=7.521773991641792e-4 potassium=1.314711025400924e-3 sulfur=0e0 chloride=0e0 silicon=4.374198887280844e-6 sand=1e0 silt=1e0 clay=1e0 rock_additive=0e0 cec=1.678138315306457e-2 aec=7.220216606498195e-3
info: day advanced: scene_weather_hours=816 final_hour_elapsed_ms=194
error: TEMP_DIAGNOSTIC n_ledger[init]: cells.len=1
error: TEMP_DIAGNOSTIC n_ledger[init]: cells.len=1
error: TEMP_DIAGNOSTIC n_ledger[init]: cells.len=1
error: TEMP_DIAGNOSTIC n_ledger[init]: cells.len=1
error: TEMP_DIAGNOSTIC n_ledger[init]: cells.len=1
error: TEMP_DIAGNOSTIC n_ledger[init]: cells.len=1
error: TEMP_DIAGNOSTIC n_ledger[init]: cells.len=1
error: TEMP_DIAGNOSTIC n_ledger[init]: cells.len=1
error: TEMP_DIAGNOSTIC n_ledger[init]: cells.len=1
error: TEMP_DIAGNOSTIC n_ledger[init]: cells.len=1
error: TEMP_DIAGNOSTIC n_ledger[init]: cells.len=1
error: TEMP_DIAGNOSTIC n_ledger[init]: cells.len=1
error: TEMP_DIAGNOSTIC n_ledger[init]: cells.len=1
error: TEMP_DIAGNOSTIC n_ledger[init]: cells.len=1
error: TEMP_DIAGNOSTIC n_ledger[init]: cells.len=1
error: TEMP_DIAGNOSTIC n_ledger[init]: cells.len=1
error: TEMP_DIAGNOSTIC n_ledger[init]: cells.len=1
error: TEMP_DIAGNOSTIC n_ledger[init]: cells.len=1
error: TEMP_DIAGNOSTIC n_ledger[init]: cells.len=1
error: TEMP_DIAGNOSTIC n_ledger[init]: cells.len=1
error: TEMP_DIAGNOSTIC n_ledger[init]: cells.len=1
error: TEMP_DIAGNOSTIC n_ledger[init]: cells.len=1
error: TEMP_DIAGNOSTIC n_ledger[init]: cells.len=1
error: TEMP_DIAGNOSTIC n_ledger[init]: cells.len=1
error: TEMP_DIAGNOSTIC n_ledger[init]: cells.len=1
error: TEMP_DIAGNOSTIC n_ledger[init]: cells.len=1
error: TEMP_DIAGNOSTIC n_ledger[init]: cells.len=1
error: TEMP_DIAGNOSTIC n_ledger[init]: cells.len=1
error: TEMP_DIAGNOSTIC n_ledger[init]: cells.len=1
error: TEMP_DIAGNOSTIC n_ledger[init]: cells.len=1
error: TEMP_DIAGNOSTIC n_ledger[init]: cells.len=1
error: TEMP_DIAGNOSTIC n_ledger[init]: cells.len=1
error: TEMP_DIAGNOSTIC n_ledger[init]: cells.len=1
error: TEMP_DIAGNOSTIC n_ledger[init]: cells.len=1
error: TEMP_DIAGNOSTIC n_ledger[init]: cells.len=1
error: TEMP_DIAGNOSTIC n_ledger[init]: cells.len=1
error: TEMP_DIAGNOSTIC n_ledger[init]: cells.len=1
error: TEMP_DIAGNOSTIC n_ledger[init]: cells.len=1
error: TEMP_DIAGNOSTIC n_ledger[init]: cells.len=1
error: TEMP_DIAGNOSTIC n_ledger[init]: cells.len=1
error: TEMP_DIAGNOSTIC n_ledger[init]: cells.len=1
error: TEMP_DIAGNOSTIC n_ledger[init]: cells.len=1
error: TEMP_DIAGNOSTIC n_ledger[init]: cells.len=1
error: TEMP_DIAGNOSTIC n_ledger[init]: cells.len=1
error: TEMP_DIAGNOSTIC n_ledger[init]: cells.len=1
error: TEMP_DIAGNOSTIC n_ledger[init]: cells.len=1
error: TEMP_DIAGNOSTIC n_ledger[init]: cells.len=1
error: TEMP_DIAGNOSTIC n_ledger[init]: cells.len=1
info: daily conservation accepted: day=35 year=1998 hour=24 water=2.951813917364315e-14 heat=9.817562462080267e-14 oxygen=6.458269898513021e-14 hydrogen=4.720567104655289e-16 carbon=2.4833249475956676e-13 nitrogen=1.5479494756179417e-14 phosphorus=2.3122860511702257e-12 aluminum=3.642567332959535e-9 iron=1.1173415941343659e-5 calcium=1.3078499690307104e-9 magnesium=1e0 sodium=6.30359156474117e-4 potassium=1.2591799993956143e-3 sulfur=0e0 chloride=0e0 silicon=3.8542548289816685e-6 sand=1e0 silt=1e0 clay=1e0 rock_additive=0e0 cec=1.630780991209071e-2 aec=7.051564565888057e-3
info: day advanced: scene_weather_hours=840 final_hour_elapsed_ms=209
error: TEMP_DIAGNOSTIC n_ledger[init]: cells.len=1
error: TEMP_DIAGNOSTIC n_ledger[init]: cells.len=1
error: TEMP_DIAGNOSTIC n_ledger[init]: cells.len=1
error: TEMP_DIAGNOSTIC n_ledger[init]: cells.len=1
error: TEMP_DIAGNOSTIC n_ledger[init]: cells.len=1
error: TEMP_DIAGNOSTIC n_ledger[init]: cells.len=1
error: TEMP_DIAGNOSTIC n_ledger[init]: cells.len=1
error: TEMP_DIAGNOSTIC n_ledger[init]: cells.len=1
error: TEMP_DIAGNOSTIC n_ledger[init]: cells.len=1
error: TEMP_DIAGNOSTIC n_ledger[init]: cells.len=1
error: TEMP_DIAGNOSTIC n_ledger[init]: cells.len=1
error: TEMP_DIAGNOSTIC n_ledger[init]: cells.len=1
error: TEMP_DIAGNOSTIC n_ledger[init]: cells.len=1
error: TEMP_DIAGNOSTIC n_ledger[init]: cells.len=1
error: TEMP_DIAGNOSTIC n_ledger[init]: cells.len=1
error: TEMP_DIAGNOSTIC n_ledger[init]: cells.len=1
error: TEMP_DIAGNOSTIC n_ledger[init]: cells.len=1
error: TEMP_DIAGNOSTIC n_ledger[init]: cells.len=1
error: TEMP_DIAGNOSTIC n_ledger[init]: cells.len=1
error: TEMP_DIAGNOSTIC n_ledger[init]: cells.len=1
error: TEMP_DIAGNOSTIC n_ledger[init]: cells.len=1
error: TEMP_DIAGNOSTIC n_ledger[init]: cells.len=1
error: TEMP_DIAGNOSTIC n_ledger[init]: cells.len=1
error: TEMP_DIAGNOSTIC n_ledger[init]: cells.len=1
error: TEMP_DIAGNOSTIC n_ledger[init]: cells.len=1
error: TEMP_DIAGNOSTIC n_ledger[init]: cells.len=1
error: TEMP_DIAGNOSTIC n_ledger[init]: cells.len=1
error: TEMP_DIAGNOSTIC n_ledger[init]: cells.len=1
error: TEMP_DIAGNOSTIC n_ledger[init]: cells.len=1
error: TEMP_DIAGNOSTIC n_ledger[init]: cells.len=1
error: TEMP_DIAGNOSTIC n_ledger[init]: cells.len=1
error: TEMP_DIAGNOSTIC n_ledger[init]: cells.len=1
error: TEMP_DIAGNOSTIC n_ledger[init]: cells.len=1
error: TEMP_DIAGNOSTIC n_ledger[init]: cells.len=1
error: TEMP_DIAGNOSTIC n_ledger[init]: cells.len=1
error: TEMP_DIAGNOSTIC n_ledger[init]: cells.len=1
error: TEMP_DIAGNOSTIC n_ledger[init]: cells.len=1
error: TEMP_DIAGNOSTIC n_ledger[init]: cells.len=1
error: TEMP_DIAGNOSTIC n_ledger[init]: cells.len=1
error: TEMP_DIAGNOSTIC n_ledger[init]: cells.len=1
error: TEMP_DIAGNOSTIC n_ledger[init]: cells.len=1
error: TEMP_DIAGNOSTIC n_ledger[init]: cells.len=1
error: TEMP_DIAGNOSTIC n_ledger[init]: cells.len=1
error: TEMP_DIAGNOSTIC n_ledger[init]: cells.len=1
error: TEMP_DIAGNOSTIC n_ledger[init]: cells.len=1
error: TEMP_DIAGNOSTIC n_ledger[init]: cells.len=1
error: TEMP_DIAGNOSTIC n_ledger[init]: cells.len=1
error: TEMP_DIAGNOSTIC n_ledger[init]: cells.len=1
info: daily conservation accepted: day=36 year=1998 hour=24 water=3.0937354119735544e-14 heat=1.046435350051189e-13 oxygen=6.413816943413495e-14 hydrogen=5.124572042359068e-16 carbon=4.111266219509896e-13 nitrogen=1.2146792912898085e-14 phosphorus=2.3820048049659926e-12 aluminum=3.881449941472975e-9 iron=1.2122661132455634e-5 calcium=1.8790466110256444e-9 magnesium=1e0 sodium=7.157541597640491e-4 potassium=1.2792549928749561e-3 sulfur=0e0 chloride=0e0 silicon=3.9814404602103745e-6 sand=1e0 silt=0e0 clay=1e0 rock_additive=0e0 cec=1.5868096448273725e-2 aec=0e0
info: day advanced: scene_weather_hours=864 final_hour_elapsed_ms=221
error: TEMP_DIAGNOSTIC n_ledger[init]: cells.len=1
error: TEMP_DIAGNOSTIC n_ledger[init]: cells.len=1
error: TEMP_DIAGNOSTIC n_ledger[init]: cells.len=1
error: TEMP_DIAGNOSTIC n_ledger[init]: cells.len=1
error: TEMP_DIAGNOSTIC n_ledger[init]: cells.len=1
error: TEMP_DIAGNOSTIC n_ledger[init]: cells.len=1
error: TEMP_DIAGNOSTIC n_ledger[init]: cells.len=1
error: TEMP_DIAGNOSTIC n_ledger[init]: cells.len=1
error: TEMP_DIAGNOSTIC n_ledger[init]: cells.len=1
error: TEMP_DIAGNOSTIC n_ledger[init]: cells.len=1
error: TEMP_DIAGNOSTIC n_ledger[init]: cells.len=1
error: TEMP_DIAGNOSTIC n_ledger[init]: cells.len=1
error: TEMP_DIAGNOSTIC n_ledger[init]: cells.len=1
error: TEMP_DIAGNOSTIC n_ledger[init]: cells.len=1
error: TEMP_DIAGNOSTIC n_ledger[init]: cells.len=1
error: TEMP_DIAGNOSTIC n_ledger[init]: cells.len=1
error: TEMP_DIAGNOSTIC n_ledger[init]: cells.len=1
error: TEMP_DIAGNOSTIC n_ledger[init]: cells.len=1
error: TEMP_DIAGNOSTIC n_ledger[init]: cells.len=1
error: TEMP_DIAGNOSTIC n_ledger[init]: cells.len=1
error: TEMP_DIAGNOSTIC n_ledger[init]: cells.len=1
error: TEMP_DIAGNOSTIC n_ledger[init]: cells.len=1
error: TEMP_DIAGNOSTIC n_ledger[init]: cells.len=1
error: TEMP_DIAGNOSTIC n_ledger[init]: cells.len=1
error: TEMP_DIAGNOSTIC n_ledger[init]: cells.len=1
error: TEMP_DIAGNOSTIC n_ledger[init]: cells.len=1
error: TEMP_DIAGNOSTIC n_ledger[init]: cells.len=1
error: TEMP_DIAGNOSTIC n_ledger[init]: cells.len=1
error: TEMP_DIAGNOSTIC n_ledger[init]: cells.len=1
error: TEMP_DIAGNOSTIC n_ledger[init]: cells.len=1
error: TEMP_DIAGNOSTIC n_ledger[init]: cells.len=1
error: TEMP_DIAGNOSTIC n_ledger[init]: cells.len=1
error: TEMP_DIAGNOSTIC n_ledger[init]: cells.len=1
error: TEMP_DIAGNOSTIC n_ledger[init]: cells.len=1
error: TEMP_DIAGNOSTIC n_ledger[init]: cells.len=1
error: TEMP_DIAGNOSTIC n_ledger[init]: cells.len=1
error: TEMP_DIAGNOSTIC n_ledger[init]: cells.len=1
error: TEMP_DIAGNOSTIC n_ledger[init]: cells.len=1
error: TEMP_DIAGNOSTIC n_ledger[init]: cells.len=1
error: TEMP_DIAGNOSTIC n_ledger[init]: cells.len=1
error: TEMP_DIAGNOSTIC n_ledger[init]: cells.len=1
error: TEMP_DIAGNOSTIC n_ledger[init]: cells.len=1
error: TEMP_DIAGNOSTIC n_ledger[init]: cells.len=1
error: TEMP_DIAGNOSTIC n_ledger[init]: cells.len=1
error: TEMP_DIAGNOSTIC n_ledger[init]: cells.len=1
error: TEMP_DIAGNOSTIC n_ledger[init]: cells.len=1
error: TEMP_DIAGNOSTIC n_ledger[init]: cells.len=1
error: TEMP_DIAGNOSTIC n_ledger[init]: cells.len=1
info: daily conservation accepted: day=37 year=1998 hour=24 water=3.38751632922133e-14 heat=1.0915157050659456e-13 oxygen=6.320641019535221e-14 hydrogen=3.7530605341679817e-16 carbon=3.30015589107512e-13 nitrogen=1.4484759002485553e-14 phosphorus=2.124395553108705e-12 aluminum=4.632917547828768e-9 iron=1.5574999033158734e-5 calcium=1.2941208792095446e-9 magnesium=1e0 sodium=7.111008373947144e-4 potassium=1.2851739537832394e-3 sulfur=0e0 chloride=0e0 silicon=4.625939307057005e-6 sand=0e0 silt=1e0 clay=1e0 rock_additive=0e0 cec=3.0977734753146177e-2 aec=0e0
info: day advanced: scene_weather_hours=888 final_hour_elapsed_ms=495
error: TEMP_DIAGNOSTIC n_ledger[init]: cells.len=1
error: TEMP_DIAGNOSTIC n_ledger[init]: cells.len=1
error: TEMP_DIAGNOSTIC n_ledger[init]: cells.len=1
error: TEMP_DIAGNOSTIC n_ledger[init]: cells.len=1
error: TEMP_DIAGNOSTIC n_ledger[init]: cells.len=1
error: TEMP_DIAGNOSTIC n_ledger[init]: cells.len=1
error: TEMP_DIAGNOSTIC n_ledger[init]: cells.len=1
error: TEMP_DIAGNOSTIC n_ledger[init]: cells.len=1
error: TEMP_DIAGNOSTIC n_ledger[init]: cells.len=1
error: TEMP_DIAGNOSTIC n_ledger[init]: cells.len=1
error: TEMP_DIAGNOSTIC n_ledger[init]: cells.len=1
error: TEMP_DIAGNOSTIC n_ledger[init]: cells.len=1
error: TEMP_DIAGNOSTIC n_ledger[init]: cells.len=1
error: TEMP_DIAGNOSTIC n_ledger[init]: cells.len=1
error: TEMP_DIAGNOSTIC n_ledger[init]: cells.len=1
error: TEMP_DIAGNOSTIC n_ledger[init]: cells.len=1
error: TEMP_DIAGNOSTIC n_ledger[init]: cells.len=1
error: TEMP_DIAGNOSTIC n_ledger[init]: cells.len=1
error: TEMP_DIAGNOSTIC n_ledger[init]: cells.len=1
error: TEMP_DIAGNOSTIC n_ledger[init]: cells.len=1
error: TEMP_DIAGNOSTIC n_ledger[init]: cells.len=1
error: TEMP_DIAGNOSTIC n_ledger[init]: cells.len=1
error: TEMP_DIAGNOSTIC n_ledger[init]: cells.len=1
error: TEMP_DIAGNOSTIC n_ledger[init]: cells.len=1
error: TEMP_DIAGNOSTIC n_ledger[init]: cells.len=1
error: TEMP_DIAGNOSTIC n_ledger[init]: cells.len=1
error: TEMP_DIAGNOSTIC n_ledger[init]: cells.len=1
error: TEMP_DIAGNOSTIC n_ledger[init]: cells.len=1
error: TEMP_DIAGNOSTIC n_ledger[init]: cells.len=1
error: TEMP_DIAGNOSTIC n_ledger[init]: cells.len=1
error: TEMP_DIAGNOSTIC n_ledger[init]: cells.len=1
error: TEMP_DIAGNOSTIC n_ledger[init]: cells.len=1
error: TEMP_DIAGNOSTIC n_ledger[init]: cells.len=1
error: TEMP_DIAGNOSTIC n_ledger[init]: cells.len=1
error: TEMP_DIAGNOSTIC n_ledger[init]: cells.len=1
error: TEMP_DIAGNOSTIC n_ledger[init]: cells.len=1
error: TEMP_DIAGNOSTIC n_ledger[init]: cells.len=1
error: TEMP_DIAGNOSTIC n_ledger[init]: cells.len=1
error: TEMP_DIAGNOSTIC n_ledger[init]: cells.len=1
error: TEMP_DIAGNOSTIC n_ledger[init]: cells.len=1
error: TEMP_DIAGNOSTIC n_ledger[init]: cells.len=1
error: TEMP_DIAGNOSTIC n_ledger[init]: cells.len=1
error: TEMP_DIAGNOSTIC n_ledger[init]: cells.len=1
error: TEMP_DIAGNOSTIC n_ledger[init]: cells.len=1
error: TEMP_DIAGNOSTIC n_ledger[init]: cells.len=1
error: TEMP_DIAGNOSTIC n_ledger[init]: cells.len=1
error: TEMP_DIAGNOSTIC n_ledger[init]: cells.len=1
error: TEMP_DIAGNOSTIC n_ledger[init]: cells.len=1
info: daily conservation accepted: day=38 year=1998 hour=24 water=3.273758433865253e-14 heat=1.0902516084046266e-13 oxygen=6.244106608340574e-14 hydrogen=1.342297154466996e-15 carbon=4.369253318580017e-13 nitrogen=1.2811174544499604e-14 phosphorus=1.950943060494017e-12 aluminum=4.096709541871796e-9 iron=1.3994512696936867e-5 calcium=1.287567091393998e-9 magnesium=1e0 sodium=6.408603472344696e-4 potassium=1.2191838430402149e-3 sulfur=0e0 chloride=0e0 silicon=3.955577781544305e-6 sand=1e0 silt=1e0 clay=1e0 rock_additive=0e0 cec=1.5118407842674068e-2 aec=0e0
info: day advanced: scene_weather_hours=912 final_hour_elapsed_ms=223
error: TEMP_DIAGNOSTIC n_ledger[init]: cells.len=1
error: TEMP_DIAGNOSTIC n_ledger[init]: cells.len=1
error: TEMP_DIAGNOSTIC n_ledger[init]: cells.len=1
error: TEMP_DIAGNOSTIC n_ledger[init]: cells.len=1
error: TEMP_DIAGNOSTIC n_ledger[init]: cells.len=1
error: TEMP_DIAGNOSTIC n_ledger[init]: cells.len=1
error: TEMP_DIAGNOSTIC n_ledger[init]: cells.len=1
error: TEMP_DIAGNOSTIC n_ledger[init]: cells.len=1
error: TEMP_DIAGNOSTIC n_ledger[init]: cells.len=1
error: TEMP_DIAGNOSTIC n_ledger[init]: cells.len=1
error: TEMP_DIAGNOSTIC n_ledger[init]: cells.len=1
error: TEMP_DIAGNOSTIC n_ledger[init]: cells.len=1
error: TEMP_DIAGNOSTIC n_ledger[init]: cells.len=1
error: TEMP_DIAGNOSTIC n_ledger[init]: cells.len=1
error: TEMP_DIAGNOSTIC n_ledger[init]: cells.len=1
error: TEMP_DIAGNOSTIC n_ledger[init]: cells.len=1
error: TEMP_DIAGNOSTIC n_ledger[init]: cells.len=1
error: TEMP_DIAGNOSTIC n_ledger[init]: cells.len=1
error: TEMP_DIAGNOSTIC n_ledger[init]: cells.len=1
error: TEMP_DIAGNOSTIC n_ledger[init]: cells.len=1
error: TEMP_DIAGNOSTIC n_ledger[init]: cells.len=1
error: TEMP_DIAGNOSTIC n_ledger[init]: cells.len=1
error: TEMP_DIAGNOSTIC n_ledger[init]: cells.len=1
error: TEMP_DIAGNOSTIC n_ledger[init]: cells.len=1
error: TEMP_DIAGNOSTIC n_ledger[init]: cells.len=1
error: TEMP_DIAGNOSTIC n_ledger[init]: cells.len=1
error: TEMP_DIAGNOSTIC n_ledger[init]: cells.len=1
error: TEMP_DIAGNOSTIC n_ledger[init]: cells.len=1
error: TEMP_DIAGNOSTIC n_ledger[init]: cells.len=1
error: TEMP_DIAGNOSTIC n_ledger[init]: cells.len=1
error: TEMP_DIAGNOSTIC n_ledger[init]: cells.len=1
error: TEMP_DIAGNOSTIC n_ledger[init]: cells.len=1
error: TEMP_DIAGNOSTIC n_ledger[init]: cells.len=1
error: TEMP_DIAGNOSTIC n_ledger[init]: cells.len=1
error: TEMP_DIAGNOSTIC n_ledger[init]: cells.len=1
error: TEMP_DIAGNOSTIC n_ledger[init]: cells.len=1
error: TEMP_DIAGNOSTIC n_ledger[init]: cells.len=1
error: TEMP_DIAGNOSTIC n_ledger[init]: cells.len=1
error: TEMP_DIAGNOSTIC n_ledger[init]: cells.len=1
error: TEMP_DIAGNOSTIC n_ledger[init]: cells.len=1
error: TEMP_DIAGNOSTIC n_ledger[init]: cells.len=1
error: TEMP_DIAGNOSTIC n_ledger[init]: cells.len=1
error: TEMP_DIAGNOSTIC n_ledger[init]: cells.len=1
error: TEMP_DIAGNOSTIC n_ledger[init]: cells.len=1
error: TEMP_DIAGNOSTIC n_ledger[init]: cells.len=1
error: TEMP_DIAGNOSTIC n_ledger[init]: cells.len=1
error: TEMP_DIAGNOSTIC n_ledger[init]: cells.len=1
error: TEMP_DIAGNOSTIC n_ledger[init]: cells.len=1
info: daily conservation accepted: day=39 year=1998 hour=24 water=3.2115983099055444e-14 heat=1.1257445488472138e-13 oxygen=6.254080875217044e-14 hydrogen=1.1718541111107662e-15 carbon=3.592483629163588e-13 nitrogen=1.2743749870709121e-14 phosphorus=1.8603056220951986e-12 aluminum=5.349574752278404e-9 iron=1.5415106254397117e-5 calcium=1.138851561262466e-9 magnesium=1e0 sodium=6.892968805652565e-4 potassium=1.2667415609838395e-3 sulfur=0e0 chloride=0e0 silicon=4.476155794786522e-6 sand=1e0 silt=1e0 clay=0e0 rock_additive=0e0 cec=1.4712643678160919e-2 aec=0e0
info: day advanced: scene_weather_hours=936 final_hour_elapsed_ms=267
error: TEMP_DIAGNOSTIC n_ledger[init]: cells.len=1
error: TEMP_DIAGNOSTIC n_ledger[init]: cells.len=1
error: TEMP_DIAGNOSTIC n_ledger[init]: cells.len=1
error: TEMP_DIAGNOSTIC n_ledger[init]: cells.len=1
error: TEMP_DIAGNOSTIC n_ledger[init]: cells.len=1
error: TEMP_DIAGNOSTIC n_ledger[init]: cells.len=1
error: TEMP_DIAGNOSTIC n_ledger[init]: cells.len=1
error: TEMP_DIAGNOSTIC n_ledger[init]: cells.len=1
error: TEMP_DIAGNOSTIC n_ledger[init]: cells.len=1
error: TEMP_DIAGNOSTIC n_ledger[init]: cells.len=1
error: TEMP_DIAGNOSTIC n_ledger[init]: cells.len=1
error: TEMP_DIAGNOSTIC n_ledger[init]: cells.len=1
error: TEMP_DIAGNOSTIC n_ledger[init]: cells.len=1
error: TEMP_DIAGNOSTIC n_ledger[init]: cells.len=1
error: TEMP_DIAGNOSTIC n_ledger[init]: cells.len=1
error: TEMP_DIAGNOSTIC n_ledger[init]: cells.len=1
error: TEMP_DIAGNOSTIC n_ledger[init]: cells.len=1
error: TEMP_DIAGNOSTIC n_ledger[init]: cells.len=1
error: TEMP_DIAGNOSTIC n_ledger[init]: cells.len=1
error: TEMP_DIAGNOSTIC n_ledger[init]: cells.len=1
error: TEMP_DIAGNOSTIC n_ledger[init]: cells.len=1
error: TEMP_DIAGNOSTIC n_ledger[init]: cells.len=1
error: TEMP_DIAGNOSTIC n_ledger[init]: cells.len=1
error: TEMP_DIAGNOSTIC n_ledger[init]: cells.len=1
error: TEMP_DIAGNOSTIC n_ledger[init]: cells.len=1
error: TEMP_DIAGNOSTIC n_ledger[init]: cells.len=1
error: TEMP_DIAGNOSTIC n_ledger[init]: cells.len=1
error: TEMP_DIAGNOSTIC n_ledger[init]: cells.len=1
error: TEMP_DIAGNOSTIC n_ledger[init]: cells.len=1
error: TEMP_DIAGNOSTIC n_ledger[init]: cells.len=1
error: TEMP_DIAGNOSTIC n_ledger[init]: cells.len=1
error: TEMP_DIAGNOSTIC n_ledger[init]: cells.len=1
error: TEMP_DIAGNOSTIC n_ledger[init]: cells.len=1
error: TEMP_DIAGNOSTIC n_ledger[init]: cells.len=1
error: TEMP_DIAGNOSTIC n_ledger[init]: cells.len=1
error: TEMP_DIAGNOSTIC n_ledger[init]: cells.len=1
error: TEMP_DIAGNOSTIC n_ledger[init]: cells.len=1
error: TEMP_DIAGNOSTIC n_ledger[init]: cells.len=1
error: TEMP_DIAGNOSTIC n_ledger[init]: cells.len=1
error: TEMP_DIAGNOSTIC n_ledger[init]: cells.len=1
error: TEMP_DIAGNOSTIC n_ledger[init]: cells.len=1
error: TEMP_DIAGNOSTIC n_ledger[init]: cells.len=1
error: TEMP_DIAGNOSTIC n_ledger[init]: cells.len=1
error: TEMP_DIAGNOSTIC n_ledger[init]: cells.len=1
error: TEMP_DIAGNOSTIC n_ledger[init]: cells.len=1
error: TEMP_DIAGNOSTIC n_ledger[init]: cells.len=1
error: TEMP_DIAGNOSTIC n_ledger[init]: cells.len=1
error: TEMP_DIAGNOSTIC n_ledger[init]: cells.len=1
info: daily conservation accepted: day=40 year=1998 hour=24 water=3.2257065382649715e-14 heat=1.0737538495123628e-13 oxygen=6.202519941868574e-14 hydrogen=1.755106117933694e-15 carbon=6.582124294274489e-14 nitrogen=1.5052006202942796e-14 phosphorus=1.7707290956165138e-12 aluminum=4.816017461656773e-9 iron=1.3359290649061099e-5 calcium=1.4167059973669806e-9 magnesium=1e0 sodium=6.492468555571375e-4 potassium=1.1971276353295222e-3 sulfur=0e0 chloride=0e0 silicon=4.013091286826379e-6 sand=0e0 silt=0e0 clay=0e0 rock_additive=0e0 cec=1.4406302757456387e-2 aec=0e0
info: day advanced: scene_weather_hours=960 final_hour_elapsed_ms=3283
error: TEMP_DIAGNOSTIC n_ledger[init]: cells.len=1
error: TEMP_DIAGNOSTIC n_ledger[init]: cells.len=1
error: TEMP_DIAGNOSTIC n_ledger[init]: cells.len=1
error: TEMP_DIAGNOSTIC n_ledger[init]: cells.len=1
error: TEMP_DIAGNOSTIC n_ledger[init]: cells.len=1
error: TEMP_DIAGNOSTIC n_ledger[init]: cells.len=1
error: TEMP_DIAGNOSTIC n_ledger[init]: cells.len=1
error: TEMP_DIAGNOSTIC n_ledger[init]: cells.len=1
error: TEMP_DIAGNOSTIC n_ledger[init]: cells.len=1
error: TEMP_DIAGNOSTIC n_ledger[init]: cells.len=1
error: TEMP_DIAGNOSTIC n_ledger[init]: cells.len=1
error: TEMP_DIAGNOSTIC n_ledger[init]: cells.len=1
error: TEMP_DIAGNOSTIC n_ledger[init]: cells.len=1
error: TEMP_DIAGNOSTIC n_ledger[init]: cells.len=1
error: TEMP_DIAGNOSTIC n_ledger[init]: cells.len=1
error: TEMP_DIAGNOSTIC n_ledger[init]: cells.len=1
error: TEMP_DIAGNOSTIC n_ledger[init]: cells.len=1
error: TEMP_DIAGNOSTIC n_ledger[init]: cells.len=1
error: TEMP_DIAGNOSTIC n_ledger[init]: cells.len=1
error: TEMP_DIAGNOSTIC n_ledger[init]: cells.len=1
error: TEMP_DIAGNOSTIC n_ledger[init]: cells.len=1
error: TEMP_DIAGNOSTIC n_ledger[init]: cells.len=1
error: TEMP_DIAGNOSTIC n_ledger[init]: cells.len=1
error: TEMP_DIAGNOSTIC n_ledger[init]: cells.len=1
error: TEMP_DIAGNOSTIC n_ledger[init]: cells.len=1
error: TEMP_DIAGNOSTIC n_ledger[init]: cells.len=1
error: TEMP_DIAGNOSTIC n_ledger[init]: cells.len=1
error: TEMP_DIAGNOSTIC n_ledger[init]: cells.len=1
error: TEMP_DIAGNOSTIC n_ledger[init]: cells.len=1
error: TEMP_DIAGNOSTIC n_ledger[init]: cells.len=1
error: TEMP_DIAGNOSTIC n_ledger[init]: cells.len=1
error: TEMP_DIAGNOSTIC n_ledger[init]: cells.len=1
error: TEMP_DIAGNOSTIC n_ledger[init]: cells.len=1
error: TEMP_DIAGNOSTIC n_ledger[init]: cells.len=1
error: TEMP_DIAGNOSTIC n_ledger[init]: cells.len=1
error: TEMP_DIAGNOSTIC n_ledger[init]: cells.len=1
error: TEMP_DIAGNOSTIC n_ledger[init]: cells.len=1
error: TEMP_DIAGNOSTIC n_ledger[init]: cells.len=1
error: TEMP_DIAGNOSTIC n_ledger[init]: cells.len=1
error: TEMP_DIAGNOSTIC n_ledger[init]: cells.len=1
error: TEMP_DIAGNOSTIC n_ledger[init]: cells.len=1
error: TEMP_DIAGNOSTIC n_ledger[init]: cells.len=1
error: TEMP_DIAGNOSTIC n_ledger[init]: cells.len=1
error: TEMP_DIAGNOSTIC n_ledger[init]: cells.len=1
error: TEMP_DIAGNOSTIC n_ledger[init]: cells.len=1
error: TEMP_DIAGNOSTIC n_ledger[init]: cells.len=1
error: TEMP_DIAGNOSTIC n_ledger[init]: cells.len=1
error: TEMP_DIAGNOSTIC n_ledger[init]: cells.len=1
info: daily conservation accepted: day=41 year=1998 hour=24 water=3.1395186989146876e-14 heat=1.0862332156591384e-13 oxygen=6.193014059681748e-14 hydrogen=2.2757109552407022e-15 carbon=3.433787996798708e-13 nitrogen=1.4978568322981413e-14 phosphorus=2.082685641732536e-12 aluminum=5.54931561724608e-9 iron=1.4279081089231141e-5 calcium=1.1280363403784686e-9 magnesium=1e0 sodium=6.119514868390763e-4 potassium=1.1318392377110903e-3 sulfur=0e0 chloride=0e0 silicon=4.008384347757056e-6 sand=0e0 silt=0e0 clay=0e0 rock_additive=0e0 cec=1.414911844359697e-2 aec=0e0
info: day advanced: scene_weather_hours=984 final_hour_elapsed_ms=576
error: TEMP_DIAGNOSTIC n_ledger[init]: cells.len=1
error: TEMP_DIAGNOSTIC n_ledger[init]: cells.len=1
error: TEMP_DIAGNOSTIC n_ledger[init]: cells.len=1
error: TEMP_DIAGNOSTIC n_ledger[init]: cells.len=1
error: TEMP_DIAGNOSTIC n_ledger[init]: cells.len=1
error: TEMP_DIAGNOSTIC n_ledger[init]: cells.len=1
error: TEMP_DIAGNOSTIC n_ledger[init]: cells.len=1
error: TEMP_DIAGNOSTIC n_ledger[init]: cells.len=1
error: TEMP_DIAGNOSTIC n_ledger[init]: cells.len=1
error: TEMP_DIAGNOSTIC n_ledger[init]: cells.len=1
error: TEMP_DIAGNOSTIC n_ledger[init]: cells.len=1
error: TEMP_DIAGNOSTIC n_ledger[init]: cells.len=1
error: TEMP_DIAGNOSTIC n_ledger[init]: cells.len=1
error: TEMP_DIAGNOSTIC n_ledger[init]: cells.len=1
error: TEMP_DIAGNOSTIC n_ledger[init]: cells.len=1
error: TEMP_DIAGNOSTIC n_ledger[init]: cells.len=1
error: TEMP_DIAGNOSTIC n_ledger[init]: cells.len=1
error: TEMP_DIAGNOSTIC n_ledger[init]: cells.len=1
error: TEMP_DIAGNOSTIC n_ledger[init]: cells.len=1
error: TEMP_DIAGNOSTIC n_ledger[init]: cells.len=1
error: TEMP_DIAGNOSTIC n_ledger[init]: cells.len=1
error: TEMP_DIAGNOSTIC n_ledger[init]: cells.len=1
error: TEMP_DIAGNOSTIC n_ledger[init]: cells.len=1
error: TEMP_DIAGNOSTIC n_ledger[init]: cells.len=1
error: TEMP_DIAGNOSTIC n_ledger[init]: cells.len=1
error: TEMP_DIAGNOSTIC n_ledger[init]: cells.len=1
error: TEMP_DIAGNOSTIC n_ledger[init]: cells.len=1
error: TEMP_DIAGNOSTIC n_ledger[init]: cells.len=1
error: TEMP_DIAGNOSTIC n_ledger[init]: cells.len=1
error: TEMP_DIAGNOSTIC n_ledger[init]: cells.len=1
error: TEMP_DIAGNOSTIC n_ledger[init]: cells.len=1
error: TEMP_DIAGNOSTIC n_ledger[init]: cells.len=1
error: TEMP_DIAGNOSTIC n_ledger[init]: cells.len=1
error: TEMP_DIAGNOSTIC n_ledger[init]: cells.len=1
error: TEMP_DIAGNOSTIC n_ledger[init]: cells.len=1
error: TEMP_DIAGNOSTIC n_ledger[init]: cells.len=1
error: TEMP_DIAGNOSTIC n_ledger[init]: cells.len=1
error: TEMP_DIAGNOSTIC n_ledger[init]: cells.len=1
error: TEMP_DIAGNOSTIC n_ledger[init]: cells.len=1
error: TEMP_DIAGNOSTIC n_ledger[init]: cells.len=1
error: TEMP_DIAGNOSTIC n_ledger[init]: cells.len=1
error: TEMP_DIAGNOSTIC n_ledger[init]: cells.len=1
error: TEMP_DIAGNOSTIC n_ledger[init]: cells.len=1
error: TEMP_DIAGNOSTIC n_ledger[init]: cells.len=1
error: TEMP_DIAGNOSTIC n_ledger[init]: cells.len=1
error: TEMP_DIAGNOSTIC n_ledger[init]: cells.len=1
error: TEMP_DIAGNOSTIC n_ledger[init]: cells.len=1
error: TEMP_DIAGNOSTIC n_ledger[init]: cells.len=1
info: daily conservation accepted: day=42 year=1998 hour=24 water=3.129053959921526e-14 heat=1.1125243392127006e-13 oxygen=6.186421076493862e-14 hydrogen=2.369021130771364e-15 carbon=2.101160922899446e-13 nitrogen=1.4898465962004716e-14 phosphorus=2.1526890522504988e-12 aluminum=4.51874280080903e-9 iron=1.3231063318293357e-5 calcium=1.2632170584283418e-9 magnesium=1e0 sodium=5.771826140164466e-4 potassium=1.0705792181887903e-3 sulfur=0e0 chloride=0e0 silicon=3.471310277632861e-6 sand=0e0 silt=0e0 clay=0e0 rock_additive=0e0 cec=1.3869324953949507e-2 aec=0e0
info: day advanced: scene_weather_hours=1008 final_hour_elapsed_ms=189
error: TEMP_DIAGNOSTIC n_ledger[init]: cells.len=1
error: TEMP_DIAGNOSTIC n_ledger[init]: cells.len=1
error: TEMP_DIAGNOSTIC n_ledger[init]: cells.len=1
error: TEMP_DIAGNOSTIC n_ledger[init]: cells.len=1
error: TEMP_DIAGNOSTIC n_ledger[init]: cells.len=1
error: TEMP_DIAGNOSTIC n_ledger[init]: cells.len=1
error: TEMP_DIAGNOSTIC n_ledger[init]: cells.len=1
error: TEMP_DIAGNOSTIC n_ledger[init]: cells.len=1
error: TEMP_DIAGNOSTIC n_ledger[init]: cells.len=1
error: TEMP_DIAGNOSTIC n_ledger[init]: cells.len=1
error: TEMP_DIAGNOSTIC n_ledger[init]: cells.len=1
error: TEMP_DIAGNOSTIC n_ledger[init]: cells.len=1
error: TEMP_DIAGNOSTIC n_ledger[init]: cells.len=1
error: TEMP_DIAGNOSTIC n_ledger[init]: cells.len=1
error: TEMP_DIAGNOSTIC n_ledger[init]: cells.len=1
error: TEMP_DIAGNOSTIC n_ledger[init]: cells.len=1
error: TEMP_DIAGNOSTIC n_ledger[init]: cells.len=1
error: TEMP_DIAGNOSTIC n_ledger[init]: cells.len=1
error: TEMP_DIAGNOSTIC n_ledger[init]: cells.len=1
error: TEMP_DIAGNOSTIC n_ledger[init]: cells.len=1
error: TEMP_DIAGNOSTIC n_ledger[init]: cells.len=1
error: TEMP_DIAGNOSTIC n_ledger[init]: cells.len=1
error: TEMP_DIAGNOSTIC n_ledger[init]: cells.len=1
error: TEMP_DIAGNOSTIC n_ledger[init]: cells.len=1
error: TEMP_DIAGNOSTIC n_ledger[init]: cells.len=1
error: TEMP_DIAGNOSTIC n_ledger[init]: cells.len=1
error: TEMP_DIAGNOSTIC n_ledger[init]: cells.len=1
error: TEMP_DIAGNOSTIC n_ledger[init]: cells.len=1
error: TEMP_DIAGNOSTIC n_ledger[init]: cells.len=1
error: TEMP_DIAGNOSTIC n_ledger[init]: cells.len=1
error: TEMP_DIAGNOSTIC n_ledger[init]: cells.len=1
error: TEMP_DIAGNOSTIC n_ledger[init]: cells.len=1
error: TEMP_DIAGNOSTIC n_ledger[init]: cells.len=1
error: TEMP_DIAGNOSTIC n_ledger[init]: cells.len=1
error: TEMP_DIAGNOSTIC n_ledger[init]: cells.len=1
error: TEMP_DIAGNOSTIC n_ledger[init]: cells.len=1
error: TEMP_DIAGNOSTIC n_ledger[init]: cells.len=1
error: TEMP_DIAGNOSTIC n_ledger[init]: cells.len=1
error: TEMP_DIAGNOSTIC n_ledger[init]: cells.len=1
error: TEMP_DIAGNOSTIC n_ledger[init]: cells.len=1
error: TEMP_DIAGNOSTIC n_ledger[init]: cells.len=1
error: TEMP_DIAGNOSTIC n_ledger[init]: cells.len=1
error: TEMP_DIAGNOSTIC n_ledger[init]: cells.len=1
error: TEMP_DIAGNOSTIC n_ledger[init]: cells.len=1
error: TEMP_DIAGNOSTIC n_ledger[init]: cells.len=1
error: TEMP_DIAGNOSTIC n_ledger[init]: cells.len=1
error: TEMP_DIAGNOSTIC n_ledger[init]: cells.len=1
error: TEMP_DIAGNOSTIC n_ledger[init]: cells.len=1
info: daily conservation accepted: day=43 year=1998 hour=24 water=3.166680788735833e-14 heat=1.0975260140868923e-13 oxygen=6.14391495414788e-14 hydrogen=2.8796337358468157e-15 carbon=3.294993474386459e-13 nitrogen=1.482926686274089e-14 phosphorus=2.7770408847667042e-12 aluminum=4.247828315631662e-9 iron=1.3169461852813234e-5 calcium=1.5370148021909985e-9 magnesium=1e0 sodium=4.696385811023097e-4 potassium=9.005834148984424e-4 sulfur=0e0 chloride=0e0 silicon=2.9907738623994833e-6 sand=0e0 silt=0e0 clay=1e0 rock_additive=0e0 cec=0e0 aec=0e0
info: day advanced: scene_weather_hours=1032 final_hour_elapsed_ms=161
error: TEMP_DIAGNOSTIC n_ledger[init]: cells.len=1
error: TEMP_DIAGNOSTIC n_ledger[init]: cells.len=1
error: TEMP_DIAGNOSTIC n_ledger[init]: cells.len=1
error: TEMP_DIAGNOSTIC n_ledger[init]: cells.len=1
error: TEMP_DIAGNOSTIC n_ledger[init]: cells.len=1
error: TEMP_DIAGNOSTIC n_ledger[init]: cells.len=1
error: TEMP_DIAGNOSTIC n_ledger[init]: cells.len=1
error: TEMP_DIAGNOSTIC n_ledger[init]: cells.len=1
error: TEMP_DIAGNOSTIC n_ledger[init]: cells.len=1
error: TEMP_DIAGNOSTIC n_ledger[init]: cells.len=1
error: TEMP_DIAGNOSTIC n_ledger[init]: cells.len=1
error: TEMP_DIAGNOSTIC n_ledger[init]: cells.len=1
error: TEMP_DIAGNOSTIC n_ledger[init]: cells.len=1
error: TEMP_DIAGNOSTIC n_ledger[init]: cells.len=1
error: TEMP_DIAGNOSTIC n_ledger[init]: cells.len=1
error: TEMP_DIAGNOSTIC n_ledger[init]: cells.len=1
error: TEMP_DIAGNOSTIC n_ledger[init]: cells.len=1
error: TEMP_DIAGNOSTIC n_ledger[init]: cells.len=1
error: TEMP_DIAGNOSTIC n_ledger[init]: cells.len=1
error: TEMP_DIAGNOSTIC n_ledger[init]: cells.len=1
error: TEMP_DIAGNOSTIC n_ledger[init]: cells.len=1
error: TEMP_DIAGNOSTIC n_ledger[init]: cells.len=1
error: TEMP_DIAGNOSTIC n_ledger[init]: cells.len=1
error: TEMP_DIAGNOSTIC n_ledger[init]: cells.len=1
error: TEMP_DIAGNOSTIC n_ledger[init]: cells.len=1
error: TEMP_DIAGNOSTIC n_ledger[init]: cells.len=1
error: TEMP_DIAGNOSTIC n_ledger[init]: cells.len=1
error: TEMP_DIAGNOSTIC n_ledger[init]: cells.len=1
error: TEMP_DIAGNOSTIC n_ledger[init]: cells.len=1
error: TEMP_DIAGNOSTIC n_ledger[init]: cells.len=1
error: TEMP_DIAGNOSTIC n_ledger[init]: cells.len=1
error: TEMP_DIAGNOSTIC n_ledger[init]: cells.len=1
error: TEMP_DIAGNOSTIC n_ledger[init]: cells.len=1
error: TEMP_DIAGNOSTIC n_ledger[init]: cells.len=1
error: TEMP_DIAGNOSTIC n_ledger[init]: cells.len=1
error: TEMP_DIAGNOSTIC n_ledger[init]: cells.len=1
error: TEMP_DIAGNOSTIC n_ledger[init]: cells.len=1
error: TEMP_DIAGNOSTIC n_ledger[init]: cells.len=1
error: TEMP_DIAGNOSTIC n_ledger[init]: cells.len=1
error: TEMP_DIAGNOSTIC n_ledger[init]: cells.len=1
error: TEMP_DIAGNOSTIC n_ledger[init]: cells.len=1
error: TEMP_DIAGNOSTIC n_ledger[init]: cells.len=1
error: TEMP_DIAGNOSTIC n_ledger[init]: cells.len=1
error: TEMP_DIAGNOSTIC n_ledger[init]: cells.len=1
error: TEMP_DIAGNOSTIC n_ledger[init]: cells.len=1
error: TEMP_DIAGNOSTIC n_ledger[init]: cells.len=1
error: TEMP_DIAGNOSTIC n_ledger[init]: cells.len=1
error: TEMP_DIAGNOSTIC n_ledger[init]: cells.len=1
info: daily conservation accepted: day=44 year=1998 hour=24 water=3.180373717854878e-14 heat=1.1224639638320362e-13 oxygen=6.111220841275399e-14 hydrogen=2.3564038845206687e-15 carbon=4.2386322576243926e-13 nitrogen=1.4772127248757147e-14 phosphorus=3.0016048750204186e-12 aluminum=5.969600735651407e-9 iron=1.5537123997655934e-5 calcium=9.73821666457604e-10 magnesium=1e0 sodium=5.145873980436849e-4 potassium=9.936272170415997e-4 sulfur=0e0 chloride=0e0 silicon=3.6751256567572446e-6 sand=0e0 silt=0e0 clay=0e0 rock_additive=0e0 cec=1.3161953727506427e-2 aec=0e0
info: day advanced: scene_weather_hours=1056 final_hour_elapsed_ms=207
error: TEMP_DIAGNOSTIC n_ledger[init]: cells.len=1
error: TEMP_DIAGNOSTIC n_ledger[init]: cells.len=1
error: TEMP_DIAGNOSTIC n_ledger[init]: cells.len=1
error: TEMP_DIAGNOSTIC n_ledger[init]: cells.len=1
error: TEMP_DIAGNOSTIC n_ledger[init]: cells.len=1
error: TEMP_DIAGNOSTIC n_ledger[init]: cells.len=1
error: TEMP_DIAGNOSTIC n_ledger[init]: cells.len=1
error: TEMP_DIAGNOSTIC n_ledger[init]: cells.len=1
error: TEMP_DIAGNOSTIC n_ledger[init]: cells.len=1
error: TEMP_DIAGNOSTIC n_ledger[init]: cells.len=1
error: TEMP_DIAGNOSTIC n_ledger[init]: cells.len=1
error: TEMP_DIAGNOSTIC n_ledger[init]: cells.len=1
error: TEMP_DIAGNOSTIC n_ledger[init]: cells.len=1
error: TEMP_DIAGNOSTIC n_ledger[init]: cells.len=1
error: TEMP_DIAGNOSTIC n_ledger[init]: cells.len=1
error: TEMP_DIAGNOSTIC n_ledger[init]: cells.len=1
error: TEMP_DIAGNOSTIC n_ledger[init]: cells.len=1
error: TEMP_DIAGNOSTIC n_ledger[init]: cells.len=1
error: TEMP_DIAGNOSTIC n_ledger[init]: cells.len=1
error: TEMP_DIAGNOSTIC n_ledger[init]: cells.len=1
error: TEMP_DIAGNOSTIC n_ledger[init]: cells.len=1
error: TEMP_DIAGNOSTIC n_ledger[init]: cells.len=1
error: TEMP_DIAGNOSTIC n_ledger[init]: cells.len=1
error: TEMP_DIAGNOSTIC n_ledger[init]: cells.len=1
error: TEMP_DIAGNOSTIC n_ledger[init]: cells.len=1
error: TEMP_DIAGNOSTIC n_ledger[init]: cells.len=1
error: TEMP_DIAGNOSTIC n_ledger[init]: cells.len=1
error: TEMP_DIAGNOSTIC n_ledger[init]: cells.len=1
error: TEMP_DIAGNOSTIC n_ledger[init]: cells.len=1
error: TEMP_DIAGNOSTIC n_ledger[init]: cells.len=1
error: TEMP_DIAGNOSTIC n_ledger[init]: cells.len=1
error: TEMP_DIAGNOSTIC n_ledger[init]: cells.len=1
error: TEMP_DIAGNOSTIC n_ledger[init]: cells.len=1
error: TEMP_DIAGNOSTIC n_ledger[init]: cells.len=1
error: TEMP_DIAGNOSTIC n_ledger[init]: cells.len=1
error: TEMP_DIAGNOSTIC n_ledger[init]: cells.len=1
error: TEMP_DIAGNOSTIC n_ledger[init]: cells.len=1
error: TEMP_DIAGNOSTIC n_ledger[init]: cells.len=1
error: TEMP_DIAGNOSTIC n_ledger[init]: cells.len=1
error: TEMP_DIAGNOSTIC n_ledger[init]: cells.len=1
error: TEMP_DIAGNOSTIC n_ledger[init]: cells.len=1
error: TEMP_DIAGNOSTIC n_ledger[init]: cells.len=1
error: TEMP_DIAGNOSTIC n_ledger[init]: cells.len=1
error: TEMP_DIAGNOSTIC n_ledger[init]: cells.len=1
error: TEMP_DIAGNOSTIC n_ledger[init]: cells.len=1
error: TEMP_DIAGNOSTIC n_ledger[init]: cells.len=1
error: TEMP_DIAGNOSTIC n_ledger[init]: cells.len=1
error: TEMP_DIAGNOSTIC n_ledger[init]: cells.len=1
info: daily conservation accepted: day=45 year=1998 hour=24 water=3.243507545971059e-14 heat=1.1824375059096012e-13 oxygen=6.05620641386901e-14 hydrogen=2.4245126108141864e-15 carbon=2.9680590468165933e-13 nitrogen=1.626492011522299e-14 phosphorus=3.1457742026776865e-12 aluminum=5.6953393915992775e-9 iron=1.595117641563209e-5 calcium=1.38523113524542e-9 magnesium=1e0 sodium=4.864487560989032e-4 potassium=9.089910131925087e-4 sulfur=0e0 chloride=0e0 silicon=3.423146815058384e-6 sand=0e0 silt=1e0 clay=1e0 rock_additive=0e0 cec=1.2823081546784212e-2 aec=0e0
info: day advanced: scene_weather_hours=1080 final_hour_elapsed_ms=248
error: TEMP_DIAGNOSTIC n_ledger[init]: cells.len=1
error: TEMP_DIAGNOSTIC n_ledger[init]: cells.len=1
error: TEMP_DIAGNOSTIC n_ledger[init]: cells.len=1
error: TEMP_DIAGNOSTIC n_ledger[init]: cells.len=1
error: TEMP_DIAGNOSTIC n_ledger[init]: cells.len=1
error: TEMP_DIAGNOSTIC n_ledger[init]: cells.len=1
error: TEMP_DIAGNOSTIC n_ledger[init]: cells.len=1
error: TEMP_DIAGNOSTIC n_ledger[init]: cells.len=1
error: TEMP_DIAGNOSTIC n_ledger[init]: cells.len=1
error: TEMP_DIAGNOSTIC n_ledger[init]: cells.len=1
error: TEMP_DIAGNOSTIC n_ledger[init]: cells.len=1
error: TEMP_DIAGNOSTIC n_ledger[init]: cells.len=1
error: TEMP_DIAGNOSTIC n_ledger[init]: cells.len=1
error: TEMP_DIAGNOSTIC n_ledger[init]: cells.len=1
error: TEMP_DIAGNOSTIC n_ledger[init]: cells.len=1
error: TEMP_DIAGNOSTIC n_ledger[init]: cells.len=1
error: TEMP_DIAGNOSTIC n_ledger[init]: cells.len=1
error: TEMP_DIAGNOSTIC n_ledger[init]: cells.len=1
error: TEMP_DIAGNOSTIC n_ledger[init]: cells.len=1
error: TEMP_DIAGNOSTIC n_ledger[init]: cells.len=1
error: TEMP_DIAGNOSTIC n_ledger[init]: cells.len=1
error: TEMP_DIAGNOSTIC n_ledger[init]: cells.len=1
error: TEMP_DIAGNOSTIC n_ledger[init]: cells.len=1
error: TEMP_DIAGNOSTIC n_ledger[init]: cells.len=1
error: TEMP_DIAGNOSTIC n_ledger[init]: cells.len=1
error: TEMP_DIAGNOSTIC n_ledger[init]: cells.len=1
error: TEMP_DIAGNOSTIC n_ledger[init]: cells.len=1
error: TEMP_DIAGNOSTIC n_ledger[init]: cells.len=1
error: TEMP_DIAGNOSTIC n_ledger[init]: cells.len=1
error: TEMP_DIAGNOSTIC n_ledger[init]: cells.len=1
error: TEMP_DIAGNOSTIC n_ledger[init]: cells.len=1
error: TEMP_DIAGNOSTIC n_ledger[init]: cells.len=1
error: TEMP_DIAGNOSTIC n_ledger[init]: cells.len=1
error: TEMP_DIAGNOSTIC n_ledger[init]: cells.len=1
error: TEMP_DIAGNOSTIC n_ledger[init]: cells.len=1
error: TEMP_DIAGNOSTIC n_ledger[init]: cells.len=1
error: TEMP_DIAGNOSTIC n_ledger[init]: cells.len=1
error: TEMP_DIAGNOSTIC n_ledger[init]: cells.len=1
error: TEMP_DIAGNOSTIC n_ledger[init]: cells.len=1
error: TEMP_DIAGNOSTIC n_ledger[init]: cells.len=1
error: TEMP_DIAGNOSTIC n_ledger[init]: cells.len=1
error: TEMP_DIAGNOSTIC n_ledger[init]: cells.len=1
error: TEMP_DIAGNOSTIC n_ledger[init]: cells.len=1
error: TEMP_DIAGNOSTIC n_ledger[init]: cells.len=1
error: TEMP_DIAGNOSTIC n_ledger[init]: cells.len=1
error: TEMP_DIAGNOSTIC n_ledger[init]: cells.len=1
error: TEMP_DIAGNOSTIC n_ledger[init]: cells.len=1
error: TEMP_DIAGNOSTIC n_ledger[init]: cells.len=1
info: daily conservation accepted: day=46 year=1998 hour=24 water=3.355695266379189e-14 heat=1.1671472156804608e-13 oxygen=6.02357358398809e-14 hydrogen=2.3950999265602886e-15 carbon=3.101791053907128e-13 nitrogen=1.3111266051441993e-14 phosphorus=3.5238576714624274e-12 aluminum=5.670453117420279e-9 iron=1.6844006041090608e-5 calcium=8.276713709597065e-10 magnesium=1e0 sodium=4.88981171592812e-4 potassium=9.480077793072695e-4 sulfur=0e0 chloride=0e0 silicon=3.3837854051795e-6 sand=0e0 silt=0e0 clay=0e0 rock_additive=0e0 cec=1.2568118218861996e-2 aec=1.0648032609599867e-2
info: day advanced: scene_weather_hours=1104 final_hour_elapsed_ms=281
error: TEMP_DIAGNOSTIC n_ledger[init]: cells.len=1
error: TEMP_DIAGNOSTIC n_ledger[init]: cells.len=1
error: TEMP_DIAGNOSTIC n_ledger[init]: cells.len=1
error: TEMP_DIAGNOSTIC n_ledger[init]: cells.len=1
error: TEMP_DIAGNOSTIC n_ledger[init]: cells.len=1
error: TEMP_DIAGNOSTIC n_ledger[init]: cells.len=1
error: TEMP_DIAGNOSTIC n_ledger[init]: cells.len=1
error: TEMP_DIAGNOSTIC n_ledger[init]: cells.len=1
error: TEMP_DIAGNOSTIC n_ledger[init]: cells.len=1
error: TEMP_DIAGNOSTIC n_ledger[init]: cells.len=1
error: TEMP_DIAGNOSTIC n_ledger[init]: cells.len=1
error: TEMP_DIAGNOSTIC n_ledger[init]: cells.len=1
error: TEMP_DIAGNOSTIC n_ledger[init]: cells.len=1
error: TEMP_DIAGNOSTIC n_ledger[init]: cells.len=1
error: TEMP_DIAGNOSTIC n_ledger[init]: cells.len=1
error: TEMP_DIAGNOSTIC n_ledger[init]: cells.len=1
error: TEMP_DIAGNOSTIC n_ledger[init]: cells.len=1
error: TEMP_DIAGNOSTIC n_ledger[init]: cells.len=1
error: TEMP_DIAGNOSTIC n_ledger[init]: cells.len=1
error: TEMP_DIAGNOSTIC n_ledger[init]: cells.len=1
error: TEMP_DIAGNOSTIC n_ledger[init]: cells.len=1
error: TEMP_DIAGNOSTIC n_ledger[init]: cells.len=1
error: TEMP_DIAGNOSTIC n_ledger[init]: cells.len=1
error: TEMP_DIAGNOSTIC n_ledger[init]: cells.len=1
error: TEMP_DIAGNOSTIC n_ledger[init]: cells.len=1
error: TEMP_DIAGNOSTIC n_ledger[init]: cells.len=1
error: TEMP_DIAGNOSTIC n_ledger[init]: cells.len=1
error: TEMP_DIAGNOSTIC n_ledger[init]: cells.len=1
error: TEMP_DIAGNOSTIC n_ledger[init]: cells.len=1
error: TEMP_DIAGNOSTIC n_ledger[init]: cells.len=1
error: TEMP_DIAGNOSTIC n_ledger[init]: cells.len=1
error: TEMP_DIAGNOSTIC n_ledger[init]: cells.len=1
error: TEMP_DIAGNOSTIC n_ledger[init]: cells.len=1
error: TEMP_DIAGNOSTIC n_ledger[init]: cells.len=1
error: TEMP_DIAGNOSTIC n_ledger[init]: cells.len=1
error: TEMP_DIAGNOSTIC n_ledger[init]: cells.len=1
error: TEMP_DIAGNOSTIC n_ledger[init]: cells.len=1
error: TEMP_DIAGNOSTIC n_ledger[init]: cells.len=1
error: TEMP_DIAGNOSTIC n_ledger[init]: cells.len=1
error: TEMP_DIAGNOSTIC n_ledger[init]: cells.len=1
error: TEMP_DIAGNOSTIC n_ledger[init]: cells.len=1
error: TEMP_DIAGNOSTIC n_ledger[init]: cells.len=1
error: TEMP_DIAGNOSTIC n_ledger[init]: cells.len=1
error: TEMP_DIAGNOSTIC n_ledger[init]: cells.len=1
error: TEMP_DIAGNOSTIC n_ledger[init]: cells.len=1
error: TEMP_DIAGNOSTIC n_ledger[init]: cells.len=1
error: TEMP_DIAGNOSTIC n_ledger[init]: cells.len=1
error: TEMP_DIAGNOSTIC n_ledger[init]: cells.len=1
info: daily conservation accepted: day=47 year=1998 hour=24 water=3.4428665050741596e-14 heat=1.1484701228324682e-13 oxygen=5.993113167425364e-14 hydrogen=2.4377022323445354e-15 carbon=1.1425782576807745e-13 nitrogen=1.3816448750261356e-14 phosphorus=3.587083039945827e-12 aluminum=5.6461853028019875e-9 iron=1.5334340853276575e-5 calcium=1.2364485810220624e-9 magnesium=1e0 sodium=4.6216306367515903e-4 potassium=8.704110169614729e-4 sulfur=0e0 chloride=0e0 silicon=3.0657152585157535e-6 sand=0e0 silt=1e0 clay=0e0 rock_additive=0e0 cec=1.2309467711689186e-2 aec=1.0357244002103815e-2
info: day advanced: scene_weather_hours=1128 final_hour_elapsed_ms=215
error: TEMP_DIAGNOSTIC n_ledger[init]: cells.len=1
error: TEMP_DIAGNOSTIC n_ledger[init]: cells.len=1
error: TEMP_DIAGNOSTIC n_ledger[init]: cells.len=1
error: TEMP_DIAGNOSTIC n_ledger[init]: cells.len=1
error: TEMP_DIAGNOSTIC n_ledger[init]: cells.len=1
error: TEMP_DIAGNOSTIC n_ledger[init]: cells.len=1
error: TEMP_DIAGNOSTIC n_ledger[init]: cells.len=1
error: TEMP_DIAGNOSTIC n_ledger[init]: cells.len=1
error: TEMP_DIAGNOSTIC n_ledger[init]: cells.len=1
error: TEMP_DIAGNOSTIC n_ledger[init]: cells.len=1
error: TEMP_DIAGNOSTIC n_ledger[init]: cells.len=1
error: TEMP_DIAGNOSTIC n_ledger[init]: cells.len=1
error: TEMP_DIAGNOSTIC n_ledger[init]: cells.len=1
error: TEMP_DIAGNOSTIC n_ledger[init]: cells.len=1
error: TEMP_DIAGNOSTIC n_ledger[init]: cells.len=1
error: TEMP_DIAGNOSTIC n_ledger[init]: cells.len=1
error: TEMP_DIAGNOSTIC n_ledger[init]: cells.len=1
error: TEMP_DIAGNOSTIC n_ledger[init]: cells.len=1
error: TEMP_DIAGNOSTIC n_ledger[init]: cells.len=1
error: TEMP_DIAGNOSTIC n_ledger[init]: cells.len=1
error: TEMP_DIAGNOSTIC n_ledger[init]: cells.len=1
error: TEMP_DIAGNOSTIC n_ledger[init]: cells.len=1
error: TEMP_DIAGNOSTIC n_ledger[init]: cells.len=1
error: TEMP_DIAGNOSTIC n_ledger[init]: cells.len=1
error: TEMP_DIAGNOSTIC n_ledger[init]: cells.len=1
error: TEMP_DIAGNOSTIC n_ledger[init]: cells.len=1
error: TEMP_DIAGNOSTIC n_ledger[init]: cells.len=1
error: TEMP_DIAGNOSTIC n_ledger[init]: cells.len=1
error: TEMP_DIAGNOSTIC n_ledger[init]: cells.len=1
error: TEMP_DIAGNOSTIC n_ledger[init]: cells.len=1
error: TEMP_DIAGNOSTIC n_ledger[init]: cells.len=1
error: TEMP_DIAGNOSTIC n_ledger[init]: cells.len=1
error: TEMP_DIAGNOSTIC n_ledger[init]: cells.len=1
error: TEMP_DIAGNOSTIC n_ledger[init]: cells.len=1
error: TEMP_DIAGNOSTIC n_ledger[init]: cells.len=1
error: TEMP_DIAGNOSTIC n_ledger[init]: cells.len=1
error: TEMP_DIAGNOSTIC n_ledger[init]: cells.len=1
error: TEMP_DIAGNOSTIC n_ledger[init]: cells.len=1
error: TEMP_DIAGNOSTIC n_ledger[init]: cells.len=1
error: TEMP_DIAGNOSTIC n_ledger[init]: cells.len=1
error: TEMP_DIAGNOSTIC n_ledger[init]: cells.len=1
error: TEMP_DIAGNOSTIC n_ledger[init]: cells.len=1
error: TEMP_DIAGNOSTIC n_ledger[init]: cells.len=1
error: TEMP_DIAGNOSTIC n_ledger[init]: cells.len=1
error: TEMP_DIAGNOSTIC n_ledger[init]: cells.len=1
error: TEMP_DIAGNOSTIC n_ledger[init]: cells.len=1
error: TEMP_DIAGNOSTIC n_ledger[init]: cells.len=1
error: TEMP_DIAGNOSTIC n_ledger[init]: cells.len=1
info: daily conservation accepted: day=48 year=1998 hour=24 water=3.3798839926806865e-14 heat=1.1128966838252568e-13 oxygen=5.980886897722325e-14 hydrogen=2.05400362079528e-15 carbon=2.246870932745954e-13 nitrogen=1.4515923451760142e-14 phosphorus=3.4946707003196133e-12 aluminum=6.111428177222863e-9 iron=1.3838499033258295e-5 calcium=1.3683643540865117e-9 magnesium=1e0 sodium=4.129251998313547e-4 potassium=8.005493872349811e-4 sulfur=0e0 chloride=0e0 silicon=2.7771548818021745e-6 sand=0e0 silt=1e0 clay=0e0 rock_additive=0e0 cec=1.2065796295423481e-2 aec=5.06649778340722e-3
info: day advanced: scene_weather_hours=1152 final_hour_elapsed_ms=191
error: TEMP_DIAGNOSTIC n_ledger[init]: cells.len=1
error: TEMP_DIAGNOSTIC n_ledger[init]: cells.len=1
error: TEMP_DIAGNOSTIC n_ledger[init]: cells.len=1
error: TEMP_DIAGNOSTIC n_ledger[init]: cells.len=1
error: TEMP_DIAGNOSTIC n_ledger[init]: cells.len=1
error: TEMP_DIAGNOSTIC n_ledger[init]: cells.len=1
error: TEMP_DIAGNOSTIC n_ledger[init]: cells.len=1
error: TEMP_DIAGNOSTIC n_ledger[init]: cells.len=1
error: TEMP_DIAGNOSTIC n_ledger[init]: cells.len=1
error: TEMP_DIAGNOSTIC n_ledger[init]: cells.len=1
error: TEMP_DIAGNOSTIC n_ledger[init]: cells.len=1
error: TEMP_DIAGNOSTIC n_ledger[init]: cells.len=1
error: TEMP_DIAGNOSTIC n_ledger[init]: cells.len=1
error: TEMP_DIAGNOSTIC n_ledger[init]: cells.len=1
error: TEMP_DIAGNOSTIC n_ledger[init]: cells.len=1
error: TEMP_DIAGNOSTIC n_ledger[init]: cells.len=1
error: TEMP_DIAGNOSTIC n_ledger[init]: cells.len=1
error: TEMP_DIAGNOSTIC n_ledger[init]: cells.len=1
error: TEMP_DIAGNOSTIC n_ledger[init]: cells.len=1
error: TEMP_DIAGNOSTIC n_ledger[init]: cells.len=1
error: TEMP_DIAGNOSTIC n_ledger[init]: cells.len=1
error: TEMP_DIAGNOSTIC n_ledger[init]: cells.len=1
error: TEMP_DIAGNOSTIC n_ledger[init]: cells.len=1
error: TEMP_DIAGNOSTIC n_ledger[init]: cells.len=1
error: TEMP_DIAGNOSTIC n_ledger[init]: cells.len=1
error: TEMP_DIAGNOSTIC n_ledger[init]: cells.len=1
error: TEMP_DIAGNOSTIC n_ledger[init]: cells.len=1
error: TEMP_DIAGNOSTIC n_ledger[init]: cells.len=1
error: TEMP_DIAGNOSTIC n_ledger[init]: cells.len=1
error: TEMP_DIAGNOSTIC n_ledger[init]: cells.len=1
error: TEMP_DIAGNOSTIC n_ledger[init]: cells.len=1
error: TEMP_DIAGNOSTIC n_ledger[init]: cells.len=1
error: TEMP_DIAGNOSTIC n_ledger[init]: cells.len=1
error: TEMP_DIAGNOSTIC n_ledger[init]: cells.len=1
error: TEMP_DIAGNOSTIC n_ledger[init]: cells.len=1
error: TEMP_DIAGNOSTIC n_ledger[init]: cells.len=1
error: TEMP_DIAGNOSTIC n_ledger[init]: cells.len=1
error: TEMP_DIAGNOSTIC n_ledger[init]: cells.len=1
error: TEMP_DIAGNOSTIC n_ledger[init]: cells.len=1
error: TEMP_DIAGNOSTIC n_ledger[init]: cells.len=1
error: TEMP_DIAGNOSTIC n_ledger[init]: cells.len=1
error: TEMP_DIAGNOSTIC n_ledger[init]: cells.len=1
error: TEMP_DIAGNOSTIC n_ledger[init]: cells.len=1
error: TEMP_DIAGNOSTIC n_ledger[init]: cells.len=1
error: TEMP_DIAGNOSTIC n_ledger[init]: cells.len=1
error: TEMP_DIAGNOSTIC n_ledger[init]: cells.len=1
error: TEMP_DIAGNOSTIC n_ledger[init]: cells.len=1
error: TEMP_DIAGNOSTIC n_ledger[init]: cells.len=1
info: daily conservation accepted: day=49 year=1998 hour=24 water=3.417776796377166e-14 heat=1.0805726736766656e-13 oxygen=5.954408528654232e-14 hydrogen=2.017050775367702e-15 carbon=1.6579657887997548e-13 nitrogen=1.4444321805754833e-14 phosphorus=3.6321021400745252e-12 aluminum=6.573230016175901e-9 iron=1.5207358703257205e-5 calcium=9.541316257706118e-10 magnesium=1e0 sodium=4.027974581578041e-4 potassium=7.598769822325151e-4 sulfur=0e0 chloride=0e0 silicon=2.8297808089455325e-6 sand=0e0 silt=1e0 clay=0e0 rock_additive=0e0 cec=1.1758221568987691e-2 aec=4.979382245390181e-3
info: day advanced: scene_weather_hours=1176 final_hour_elapsed_ms=216
error: TEMP_DIAGNOSTIC n_ledger[init]: cells.len=1
error: TEMP_DIAGNOSTIC n_ledger[init]: cells.len=1
error: TEMP_DIAGNOSTIC n_ledger[init]: cells.len=1
error: TEMP_DIAGNOSTIC n_ledger[init]: cells.len=1
error: TEMP_DIAGNOSTIC n_ledger[init]: cells.len=1
error: TEMP_DIAGNOSTIC n_ledger[init]: cells.len=1
error: TEMP_DIAGNOSTIC n_ledger[init]: cells.len=1
error: TEMP_DIAGNOSTIC n_ledger[init]: cells.len=1
error: TEMP_DIAGNOSTIC n_ledger[init]: cells.len=1
error: TEMP_DIAGNOSTIC n_ledger[init]: cells.len=1
error: TEMP_DIAGNOSTIC n_ledger[init]: cells.len=1
error: TEMP_DIAGNOSTIC n_ledger[init]: cells.len=1
error: TEMP_DIAGNOSTIC n_ledger[init]: cells.len=1
error: TEMP_DIAGNOSTIC n_ledger[init]: cells.len=1
error: TEMP_DIAGNOSTIC n_ledger[init]: cells.len=1
error: TEMP_DIAGNOSTIC n_ledger[init]: cells.len=1
error: TEMP_DIAGNOSTIC n_ledger[init]: cells.len=1
error: TEMP_DIAGNOSTIC n_ledger[init]: cells.len=1
error: TEMP_DIAGNOSTIC n_ledger[init]: cells.len=1
error: TEMP_DIAGNOSTIC n_ledger[init]: cells.len=1
error: TEMP_DIAGNOSTIC n_ledger[init]: cells.len=1
error: TEMP_DIAGNOSTIC n_ledger[init]: cells.len=1
error: TEMP_DIAGNOSTIC n_ledger[init]: cells.len=1
error: TEMP_DIAGNOSTIC n_ledger[init]: cells.len=1
error: TEMP_DIAGNOSTIC n_ledger[init]: cells.len=1
error: TEMP_DIAGNOSTIC n_ledger[init]: cells.len=1
error: TEMP_DIAGNOSTIC n_ledger[init]: cells.len=1
error: TEMP_DIAGNOSTIC n_ledger[init]: cells.len=1
error: TEMP_DIAGNOSTIC n_ledger[init]: cells.len=1
error: TEMP_DIAGNOSTIC n_ledger[init]: cells.len=1
error: TEMP_DIAGNOSTIC n_ledger[init]: cells.len=1
error: TEMP_DIAGNOSTIC n_ledger[init]: cells.len=1
error: TEMP_DIAGNOSTIC n_ledger[init]: cells.len=1
error: TEMP_DIAGNOSTIC n_ledger[init]: cells.len=1
error: TEMP_DIAGNOSTIC n_ledger[init]: cells.len=1
error: TEMP_DIAGNOSTIC n_ledger[init]: cells.len=1
error: TEMP_DIAGNOSTIC n_ledger[init]: cells.len=1
error: TEMP_DIAGNOSTIC n_ledger[init]: cells.len=1
error: TEMP_DIAGNOSTIC n_ledger[init]: cells.len=1
error: TEMP_DIAGNOSTIC n_ledger[init]: cells.len=1
error: TEMP_DIAGNOSTIC n_ledger[init]: cells.len=1
error: TEMP_DIAGNOSTIC n_ledger[init]: cells.len=1
error: TEMP_DIAGNOSTIC n_ledger[init]: cells.len=1
error: TEMP_DIAGNOSTIC n_ledger[init]: cells.len=1
error: TEMP_DIAGNOSTIC n_ledger[init]: cells.len=1
error: TEMP_DIAGNOSTIC n_ledger[init]: cells.len=1
error: TEMP_DIAGNOSTIC n_ledger[init]: cells.len=1
error: TEMP_DIAGNOSTIC n_ledger[init]: cells.len=1
info: daily conservation accepted: day=50 year=1998 hour=24 water=3.625833786160512e-14 heat=1.1456819019796203e-13 oxygen=5.995611920879617e-14 hydrogen=1.95079931289759e-15 carbon=1.6235295134115974e-13 nitrogen=1.1989909446443394e-14 phosphorus=3.3863923980335387e-12 aluminum=7.031715303118637e-9 iron=1.656611002624428e-5 calcium=9.504887290377483e-10 magnesium=1e0 sodium=3.812793262552513e-4 potassium=6.998338870807183e-4 sulfur=0e0 chloride=0e0 silicon=2.7873547883852417e-6 sand=0e0 silt=0e0 clay=0e0 rock_additive=0e0 cec=1.1484455609887399e-2 aec=4.895211870888787e-3
info: day advanced: scene_weather_hours=1200 final_hour_elapsed_ms=3339
error: TEMP_DIAGNOSTIC n_ledger[init]: cells.len=1
error: TEMP_DIAGNOSTIC n_ledger[init]: cells.len=1
error: TEMP_DIAGNOSTIC n_ledger[init]: cells.len=1
error: TEMP_DIAGNOSTIC n_ledger[init]: cells.len=1
error: TEMP_DIAGNOSTIC n_ledger[init]: cells.len=1
error: TEMP_DIAGNOSTIC n_ledger[init]: cells.len=1
error: TEMP_DIAGNOSTIC n_ledger[init]: cells.len=1
error: TEMP_DIAGNOSTIC n_ledger[init]: cells.len=1
error: TEMP_DIAGNOSTIC n_ledger[init]: cells.len=1
error: TEMP_DIAGNOSTIC n_ledger[init]: cells.len=1
error: TEMP_DIAGNOSTIC n_ledger[init]: cells.len=1
error: TEMP_DIAGNOSTIC n_ledger[init]: cells.len=1
error: TEMP_DIAGNOSTIC n_ledger[init]: cells.len=1
error: TEMP_DIAGNOSTIC n_ledger[init]: cells.len=1
error: TEMP_DIAGNOSTIC n_ledger[init]: cells.len=1
error: TEMP_DIAGNOSTIC n_ledger[init]: cells.len=1
error: TEMP_DIAGNOSTIC n_ledger[init]: cells.len=1
error: TEMP_DIAGNOSTIC n_ledger[init]: cells.len=1
error: TEMP_DIAGNOSTIC n_ledger[init]: cells.len=1
error: TEMP_DIAGNOSTIC n_ledger[init]: cells.len=1
error: TEMP_DIAGNOSTIC n_ledger[init]: cells.len=1
error: TEMP_DIAGNOSTIC n_ledger[init]: cells.len=1
error: TEMP_DIAGNOSTIC n_ledger[init]: cells.len=1
error: TEMP_DIAGNOSTIC n_ledger[init]: cells.len=1
error: TEMP_DIAGNOSTIC n_ledger[init]: cells.len=1
error: TEMP_DIAGNOSTIC n_ledger[init]: cells.len=1
error: TEMP_DIAGNOSTIC n_ledger[init]: cells.len=1
error: TEMP_DIAGNOSTIC n_ledger[init]: cells.len=1
error: TEMP_DIAGNOSTIC n_ledger[init]: cells.len=1
error: TEMP_DIAGNOSTIC n_ledger[init]: cells.len=1
error: TEMP_DIAGNOSTIC n_ledger[init]: cells.len=1
error: TEMP_DIAGNOSTIC n_ledger[init]: cells.len=1
error: TEMP_DIAGNOSTIC n_ledger[init]: cells.len=1
error: TEMP_DIAGNOSTIC n_ledger[init]: cells.len=1
error: TEMP_DIAGNOSTIC n_ledger[init]: cells.len=1
error: TEMP_DIAGNOSTIC n_ledger[init]: cells.len=1
error: TEMP_DIAGNOSTIC n_ledger[init]: cells.len=1
error: TEMP_DIAGNOSTIC n_ledger[init]: cells.len=1
error: TEMP_DIAGNOSTIC n_ledger[init]: cells.len=1
error: TEMP_DIAGNOSTIC n_ledger[init]: cells.len=1
error: TEMP_DIAGNOSTIC n_ledger[init]: cells.len=1
error: TEMP_DIAGNOSTIC n_ledger[init]: cells.len=1
error: TEMP_DIAGNOSTIC n_ledger[init]: cells.len=1
error: TEMP_DIAGNOSTIC n_ledger[init]: cells.len=1
error: TEMP_DIAGNOSTIC n_ledger[init]: cells.len=1
error: TEMP_DIAGNOSTIC n_ledger[init]: cells.len=1
error: TEMP_DIAGNOSTIC n_ledger[init]: cells.len=1
error: TEMP_DIAGNOSTIC n_ledger[init]: cells.len=1
info: daily conservation accepted: day=51 year=1998 hour=24 water=3.820996888771399e-14 heat=1.1349377368686624e-13 oxygen=5.98565416369385e-14 hydrogen=1.4395653455400395e-15 carbon=1.0684185917328552e-13 nitrogen=9.671389924104256e-15 phosphorus=3.373228235817052e-12 aluminum=7.245491269463232e-9 iron=1.6972225404727374e-5 calcium=5.411182098426597e-10 magnesium=1e0 sodium=3.712425441299505e-4 potassium=7.035037576177968e-4 sulfur=0e0 chloride=0e0 silicon=2.7438896323664864e-6 sand=1e0 silt=0e0 clay=1e0 rock_additive=0e0 cec=1.1298437637920381e-2 aec=0e0
info: day advanced: scene_weather_hours=1224 final_hour_elapsed_ms=217
error: TEMP_DIAGNOSTIC n_ledger[init]: cells.len=1
error: TEMP_DIAGNOSTIC n_ledger[init]: cells.len=1
error: TEMP_DIAGNOSTIC n_ledger[init]: cells.len=1
error: TEMP_DIAGNOSTIC n_ledger[init]: cells.len=1
error: TEMP_DIAGNOSTIC n_ledger[init]: cells.len=1
error: TEMP_DIAGNOSTIC n_ledger[init]: cells.len=1
error: TEMP_DIAGNOSTIC n_ledger[init]: cells.len=1
error: TEMP_DIAGNOSTIC n_ledger[init]: cells.len=1
error: TEMP_DIAGNOSTIC n_ledger[init]: cells.len=1
error: TEMP_DIAGNOSTIC n_ledger[init]: cells.len=1
error: TEMP_DIAGNOSTIC n_ledger[init]: cells.len=1
error: TEMP_DIAGNOSTIC n_ledger[init]: cells.len=1
error: TEMP_DIAGNOSTIC n_ledger[init]: cells.len=1
error: TEMP_DIAGNOSTIC n_ledger[init]: cells.len=1
error: TEMP_DIAGNOSTIC n_ledger[init]: cells.len=1
error: TEMP_DIAGNOSTIC n_ledger[init]: cells.len=1
error: TEMP_DIAGNOSTIC n_ledger[init]: cells.len=1
error: TEMP_DIAGNOSTIC n_ledger[init]: cells.len=1
error: TEMP_DIAGNOSTIC n_ledger[init]: cells.len=1
error: TEMP_DIAGNOSTIC n_ledger[init]: cells.len=1
error: TEMP_DIAGNOSTIC n_ledger[init]: cells.len=1
error: TEMP_DIAGNOSTIC n_ledger[init]: cells.len=1
error: TEMP_DIAGNOSTIC n_ledger[init]: cells.len=1
error: TEMP_DIAGNOSTIC n_ledger[init]: cells.len=1
error: TEMP_DIAGNOSTIC n_ledger[init]: cells.len=1
error: TEMP_DIAGNOSTIC n_ledger[init]: cells.len=1
error: TEMP_DIAGNOSTIC n_ledger[init]: cells.len=1
error: TEMP_DIAGNOSTIC n_ledger[init]: cells.len=1
error: TEMP_DIAGNOSTIC n_ledger[init]: cells.len=1
error: TEMP_DIAGNOSTIC n_ledger[init]: cells.len=1
error: TEMP_DIAGNOSTIC n_ledger[init]: cells.len=1
error: TEMP_DIAGNOSTIC n_ledger[init]: cells.len=1
error: TEMP_DIAGNOSTIC n_ledger[init]: cells.len=1
error: TEMP_DIAGNOSTIC n_ledger[init]: cells.len=1
error: TEMP_DIAGNOSTIC n_ledger[init]: cells.len=1
error: TEMP_DIAGNOSTIC n_ledger[init]: cells.len=1
error: TEMP_DIAGNOSTIC n_ledger[init]: cells.len=1
error: TEMP_DIAGNOSTIC n_ledger[init]: cells.len=1
error: TEMP_DIAGNOSTIC n_ledger[init]: cells.len=1
error: TEMP_DIAGNOSTIC n_ledger[init]: cells.len=1
error: TEMP_DIAGNOSTIC n_ledger[init]: cells.len=1
error: TEMP_DIAGNOSTIC n_ledger[init]: cells.len=1
error: TEMP_DIAGNOSTIC n_ledger[init]: cells.len=1
error: TEMP_DIAGNOSTIC n_ledger[init]: cells.len=1
error: TEMP_DIAGNOSTIC n_ledger[init]: cells.len=1
error: TEMP_DIAGNOSTIC n_ledger[init]: cells.len=1
error: TEMP_DIAGNOSTIC n_ledger[init]: cells.len=1
error: TEMP_DIAGNOSTIC n_ledger[init]: cells.len=1
info: daily conservation accepted: day=52 year=1998 hour=24 water=3.925208219742632e-14 heat=1.126113559410636e-13 oxygen=5.967004405482836e-14 hydrogen=1.2251755772293563e-15 carbon=7.031776459414498e-14 nitrogen=1.1090282544529085e-14 phosphorus=3.0550189419929303e-12 aluminum=7.217481083087562e-9 iron=1.7376261331491496e-5 calcium=4.043657627796528e-10 magnesium=1e0 sodium=3.082088472934353e-4 potassium=5.804428532288959e-4 sulfur=0e0 chloride=0e0 silicon=2.503876111260649e-6 sand=1e0 silt=0e0 clay=0e0 rock_additive=0e0 cec=1.1100511664209523e-2 aec=4.7062283991469965e-3
info: day advanced: scene_weather_hours=1248 final_hour_elapsed_ms=238
error: TEMP_DIAGNOSTIC n_ledger[init]: cells.len=1
error: TEMP_DIAGNOSTIC n_ledger[init]: cells.len=1
error: TEMP_DIAGNOSTIC n_ledger[init]: cells.len=1
error: TEMP_DIAGNOSTIC n_ledger[init]: cells.len=1
error: TEMP_DIAGNOSTIC n_ledger[init]: cells.len=1
error: TEMP_DIAGNOSTIC n_ledger[init]: cells.len=1
error: TEMP_DIAGNOSTIC n_ledger[init]: cells.len=1
error: TEMP_DIAGNOSTIC n_ledger[init]: cells.len=1
error: TEMP_DIAGNOSTIC n_ledger[init]: cells.len=1
error: TEMP_DIAGNOSTIC n_ledger[init]: cells.len=1
error: TEMP_DIAGNOSTIC n_ledger[init]: cells.len=1
error: TEMP_DIAGNOSTIC n_ledger[init]: cells.len=1
error: TEMP_DIAGNOSTIC n_ledger[init]: cells.len=1
error: TEMP_DIAGNOSTIC n_ledger[init]: cells.len=1
error: TEMP_DIAGNOSTIC n_ledger[init]: cells.len=1
error: TEMP_DIAGNOSTIC n_ledger[init]: cells.len=1
error: TEMP_DIAGNOSTIC n_ledger[init]: cells.len=1
error: TEMP_DIAGNOSTIC n_ledger[init]: cells.len=1
error: TEMP_DIAGNOSTIC n_ledger[init]: cells.len=1
error: TEMP_DIAGNOSTIC n_ledger[init]: cells.len=1
error: TEMP_DIAGNOSTIC n_ledger[init]: cells.len=1
error: TEMP_DIAGNOSTIC n_ledger[init]: cells.len=1
error: TEMP_DIAGNOSTIC n_ledger[init]: cells.len=1
error: TEMP_DIAGNOSTIC n_ledger[init]: cells.len=1
error: TEMP_DIAGNOSTIC n_ledger[init]: cells.len=1
error: TEMP_DIAGNOSTIC n_ledger[init]: cells.len=1
error: TEMP_DIAGNOSTIC n_ledger[init]: cells.len=1
error: TEMP_DIAGNOSTIC n_ledger[init]: cells.len=1
error: TEMP_DIAGNOSTIC n_ledger[init]: cells.len=1
error: TEMP_DIAGNOSTIC n_ledger[init]: cells.len=1
error: TEMP_DIAGNOSTIC n_ledger[init]: cells.len=1
error: TEMP_DIAGNOSTIC n_ledger[init]: cells.len=1
error: TEMP_DIAGNOSTIC n_ledger[init]: cells.len=1
error: TEMP_DIAGNOSTIC n_ledger[init]: cells.len=1
error: TEMP_DIAGNOSTIC n_ledger[init]: cells.len=1
error: TEMP_DIAGNOSTIC n_ledger[init]: cells.len=1
error: TEMP_DIAGNOSTIC n_ledger[init]: cells.len=1
error: TEMP_DIAGNOSTIC n_ledger[init]: cells.len=1
error: TEMP_DIAGNOSTIC n_ledger[init]: cells.len=1
error: TEMP_DIAGNOSTIC n_ledger[init]: cells.len=1
error: TEMP_DIAGNOSTIC n_ledger[init]: cells.len=1
error: TEMP_DIAGNOSTIC n_ledger[init]: cells.len=1
error: TEMP_DIAGNOSTIC n_ledger[init]: cells.len=1
error: TEMP_DIAGNOSTIC n_ledger[init]: cells.len=1
error: TEMP_DIAGNOSTIC n_ledger[init]: cells.len=1
error: TEMP_DIAGNOSTIC n_ledger[init]: cells.len=1
error: TEMP_DIAGNOSTIC n_ledger[init]: cells.len=1
error: TEMP_DIAGNOSTIC n_ledger[init]: cells.len=1
info: daily conservation accepted: day=53 year=1998 hour=24 water=3.913089507275057e-14 heat=1.1325575111460048e-13 oxygen=5.978312945487248e-14 hydrogen=1.2466047971062725e-15 carbon=1.214992037017753e-13 nitrogen=9.559227693259708e-15 phosphorus=2.6632864009400875e-12 aluminum=7.19015080666497e-9 iron=1.7778334970222528e-5 calcium=1.3431145835422841e-10 magnesium=1e0 sodium=2.773954681136471e-4 potassium=5.214782940756243e-4 sulfur=0e0 chloride=0e0 silicon=2.3454284579230353e-6 sand=1e0 silt=1e0 clay=0e0 rock_additive=0e0 cec=0e0 aec=0e0
info: day advanced: scene_weather_hours=1272 final_hour_elapsed_ms=247
error: TEMP_DIAGNOSTIC n_ledger[init]: cells.len=1
error: TEMP_DIAGNOSTIC n_ledger[init]: cells.len=1
error: TEMP_DIAGNOSTIC n_ledger[init]: cells.len=1
error: TEMP_DIAGNOSTIC n_ledger[init]: cells.len=1
error: TEMP_DIAGNOSTIC n_ledger[init]: cells.len=1
error: TEMP_DIAGNOSTIC n_ledger[init]: cells.len=1
error: TEMP_DIAGNOSTIC n_ledger[init]: cells.len=1
error: TEMP_DIAGNOSTIC n_ledger[init]: cells.len=1
error: TEMP_DIAGNOSTIC n_ledger[init]: cells.len=1
error: TEMP_DIAGNOSTIC n_ledger[init]: cells.len=1
error: TEMP_DIAGNOSTIC n_ledger[init]: cells.len=1
error: TEMP_DIAGNOSTIC n_ledger[init]: cells.len=1
error: TEMP_DIAGNOSTIC n_ledger[init]: cells.len=1
error: TEMP_DIAGNOSTIC n_ledger[init]: cells.len=1
error: TEMP_DIAGNOSTIC n_ledger[init]: cells.len=1
error: TEMP_DIAGNOSTIC n_ledger[init]: cells.len=1
error: TEMP_DIAGNOSTIC n_ledger[init]: cells.len=1
error: TEMP_DIAGNOSTIC n_ledger[init]: cells.len=1
error: TEMP_DIAGNOSTIC n_ledger[init]: cells.len=1
error: TEMP_DIAGNOSTIC n_ledger[init]: cells.len=1
error: TEMP_DIAGNOSTIC n_ledger[init]: cells.len=1
error: TEMP_DIAGNOSTIC n_ledger[init]: cells.len=1
error: TEMP_DIAGNOSTIC n_ledger[init]: cells.len=1
error: TEMP_DIAGNOSTIC n_ledger[init]: cells.len=1
error: TEMP_DIAGNOSTIC n_ledger[init]: cells.len=1
error: TEMP_DIAGNOSTIC n_ledger[init]: cells.len=1
error: TEMP_DIAGNOSTIC n_ledger[init]: cells.len=1
error: TEMP_DIAGNOSTIC n_ledger[init]: cells.len=1
error: TEMP_DIAGNOSTIC n_ledger[init]: cells.len=1
error: TEMP_DIAGNOSTIC n_ledger[init]: cells.len=1
error: TEMP_DIAGNOSTIC n_ledger[init]: cells.len=1
error: TEMP_DIAGNOSTIC n_ledger[init]: cells.len=1
error: TEMP_DIAGNOSTIC n_ledger[init]: cells.len=1
error: TEMP_DIAGNOSTIC n_ledger[init]: cells.len=1
error: TEMP_DIAGNOSTIC n_ledger[init]: cells.len=1
error: TEMP_DIAGNOSTIC n_ledger[init]: cells.len=1
error: TEMP_DIAGNOSTIC n_ledger[init]: cells.len=1
error: TEMP_DIAGNOSTIC n_ledger[init]: cells.len=1
error: TEMP_DIAGNOSTIC n_ledger[init]: cells.len=1
error: TEMP_DIAGNOSTIC n_ledger[init]: cells.len=1
error: TEMP_DIAGNOSTIC n_ledger[init]: cells.len=1
error: TEMP_DIAGNOSTIC n_ledger[init]: cells.len=1
error: TEMP_DIAGNOSTIC n_ledger[init]: cells.len=1
error: TEMP_DIAGNOSTIC n_ledger[init]: cells.len=1
error: TEMP_DIAGNOSTIC n_ledger[init]: cells.len=1
error: TEMP_DIAGNOSTIC n_ledger[init]: cells.len=1
error: TEMP_DIAGNOSTIC n_ledger[init]: cells.len=1
error: TEMP_DIAGNOSTIC n_ledger[init]: cells.len=1
info: daily conservation accepted: day=54 year=1998 hour=24 water=3.901580521810574e-14 heat=1.1139006863083713e-13 oxygen=5.970814660828308e-14 hydrogen=1.2581097848474795e-15 carbon=8.570993278353649e-14 nitrogen=8.776452862901643e-15 phosphorus=2.8811431890148967e-12 aluminum=7.641067347327043e-9 iron=1.8644697065490202e-5 calcium=5.353929074361145e-10 magnesium=1e0 sodium=2.951929472605457e-4 potassium=5.744979947492765e-4 sulfur=0e0 chloride=0e0 silicon=2.536840849377246e-6 sand=1e0 silt=1e0 clay=0e0 rock_additive=0e0 cec=1.073735424880463e-2 aec=0e0
info: day advanced: scene_weather_hours=1296 final_hour_elapsed_ms=255
error: TEMP_DIAGNOSTIC n_ledger[init]: cells.len=1
error: TEMP_DIAGNOSTIC n_ledger[init]: cells.len=1
error: TEMP_DIAGNOSTIC n_ledger[init]: cells.len=1
error: TEMP_DIAGNOSTIC n_ledger[init]: cells.len=1
error: TEMP_DIAGNOSTIC n_ledger[init]: cells.len=1
error: TEMP_DIAGNOSTIC n_ledger[init]: cells.len=1
error: TEMP_DIAGNOSTIC n_ledger[init]: cells.len=1
error: TEMP_DIAGNOSTIC n_ledger[init]: cells.len=1
error: TEMP_DIAGNOSTIC n_ledger[init]: cells.len=1
error: TEMP_DIAGNOSTIC n_ledger[init]: cells.len=1
error: TEMP_DIAGNOSTIC n_ledger[init]: cells.len=1
error: TEMP_DIAGNOSTIC n_ledger[init]: cells.len=1
error: TEMP_DIAGNOSTIC n_ledger[init]: cells.len=1
error: TEMP_DIAGNOSTIC n_ledger[init]: cells.len=1
error: TEMP_DIAGNOSTIC n_ledger[init]: cells.len=1
error: TEMP_DIAGNOSTIC n_ledger[init]: cells.len=1
error: TEMP_DIAGNOSTIC n_ledger[init]: cells.len=1
error: TEMP_DIAGNOSTIC n_ledger[init]: cells.len=1
error: TEMP_DIAGNOSTIC n_ledger[init]: cells.len=1
error: TEMP_DIAGNOSTIC n_ledger[init]: cells.len=1
error: TEMP_DIAGNOSTIC n_ledger[init]: cells.len=1
error: TEMP_DIAGNOSTIC n_ledger[init]: cells.len=1
error: TEMP_DIAGNOSTIC n_ledger[init]: cells.len=1
error: TEMP_DIAGNOSTIC n_ledger[init]: cells.len=1
error: TEMP_DIAGNOSTIC n_ledger[init]: cells.len=1
error: TEMP_DIAGNOSTIC n_ledger[init]: cells.len=1
error: TEMP_DIAGNOSTIC n_ledger[init]: cells.len=1
error: TEMP_DIAGNOSTIC n_ledger[init]: cells.len=1
error: TEMP_DIAGNOSTIC n_ledger[init]: cells.len=1
error: TEMP_DIAGNOSTIC n_ledger[init]: cells.len=1
error: TEMP_DIAGNOSTIC n_ledger[init]: cells.len=1
error: TEMP_DIAGNOSTIC n_ledger[init]: cells.len=1
error: TEMP_DIAGNOSTIC n_ledger[init]: cells.len=1
error: TEMP_DIAGNOSTIC n_ledger[init]: cells.len=1
error: TEMP_DIAGNOSTIC n_ledger[init]: cells.len=1
error: TEMP_DIAGNOSTIC n_ledger[init]: cells.len=1
error: TEMP_DIAGNOSTIC n_ledger[init]: cells.len=1
error: TEMP_DIAGNOSTIC n_ledger[init]: cells.len=1
error: TEMP_DIAGNOSTIC n_ledger[init]: cells.len=1
error: TEMP_DIAGNOSTIC n_ledger[init]: cells.len=1
error: TEMP_DIAGNOSTIC n_ledger[init]: cells.len=1
error: TEMP_DIAGNOSTIC n_ledger[init]: cells.len=1
error: TEMP_DIAGNOSTIC n_ledger[init]: cells.len=1
error: TEMP_DIAGNOSTIC n_ledger[init]: cells.len=1
error: TEMP_DIAGNOSTIC n_ledger[init]: cells.len=1
error: TEMP_DIAGNOSTIC n_ledger[init]: cells.len=1
error: TEMP_DIAGNOSTIC n_ledger[init]: cells.len=1
error: TEMP_DIAGNOSTIC n_ledger[init]: cells.len=1
info: daily conservation accepted: day=55 year=1998 hour=24 water=4.005634975830271e-14 heat=1.129673641485742e-13 oxygen=5.935323945062202e-14 hydrogen=1.1996825927965126e-15 carbon=0e0 nitrogen=1.0914893193306602e-14 phosphorus=2.49323154489084e-12 aluminum=6.661698951883484e-9 iron=1.764828168967083e-5 calcium=6.669935416196448e-10 magnesium=1e0 sodium=2.6006745369484076e-4 potassium=4.913754010199382e-4 sulfur=0e0 chloride=0e0 silicon=2.2205800691545954e-6 sand=1e0 silt=1e0 clay=0e0 rock_additive=0e0 cec=0e0 aec=4.491543266194119e-3
info: day advanced: scene_weather_hours=1320 final_hour_elapsed_ms=250
error: TEMP_DIAGNOSTIC n_ledger[init]: cells.len=1
error: TEMP_DIAGNOSTIC n_ledger[init]: cells.len=1
error: TEMP_DIAGNOSTIC n_ledger[init]: cells.len=1
error: TEMP_DIAGNOSTIC n_ledger[init]: cells.len=1
error: TEMP_DIAGNOSTIC n_ledger[init]: cells.len=1
error: TEMP_DIAGNOSTIC n_ledger[init]: cells.len=1
error: TEMP_DIAGNOSTIC n_ledger[init]: cells.len=1
error: TEMP_DIAGNOSTIC n_ledger[init]: cells.len=1
error: TEMP_DIAGNOSTIC n_ledger[init]: cells.len=1
error: TEMP_DIAGNOSTIC n_ledger[init]: cells.len=1
error: TEMP_DIAGNOSTIC n_ledger[init]: cells.len=1
error: TEMP_DIAGNOSTIC n_ledger[init]: cells.len=1
error: TEMP_DIAGNOSTIC n_ledger[init]: cells.len=1
error: TEMP_DIAGNOSTIC n_ledger[init]: cells.len=1
error: TEMP_DIAGNOSTIC n_ledger[init]: cells.len=1
error: TEMP_DIAGNOSTIC n_ledger[init]: cells.len=1
error: TEMP_DIAGNOSTIC n_ledger[init]: cells.len=1
error: TEMP_DIAGNOSTIC n_ledger[init]: cells.len=1
error: TEMP_DIAGNOSTIC n_ledger[init]: cells.len=1
error: TEMP_DIAGNOSTIC n_ledger[init]: cells.len=1
error: TEMP_DIAGNOSTIC n_ledger[init]: cells.len=1
error: TEMP_DIAGNOSTIC n_ledger[init]: cells.len=1
error: TEMP_DIAGNOSTIC n_ledger[init]: cells.len=1
error: TEMP_DIAGNOSTIC n_ledger[init]: cells.len=1
error: TEMP_DIAGNOSTIC n_ledger[init]: cells.len=1
error: TEMP_DIAGNOSTIC n_ledger[init]: cells.len=1
error: TEMP_DIAGNOSTIC n_ledger[init]: cells.len=1
error: TEMP_DIAGNOSTIC n_ledger[init]: cells.len=1
error: TEMP_DIAGNOSTIC n_ledger[init]: cells.len=1
error: TEMP_DIAGNOSTIC n_ledger[init]: cells.len=1
error: TEMP_DIAGNOSTIC n_ledger[init]: cells.len=1
error: TEMP_DIAGNOSTIC n_ledger[init]: cells.len=1
error: TEMP_DIAGNOSTIC n_ledger[init]: cells.len=1
error: TEMP_DIAGNOSTIC n_ledger[init]: cells.len=1
error: TEMP_DIAGNOSTIC n_ledger[init]: cells.len=1
error: TEMP_DIAGNOSTIC n_ledger[init]: cells.len=1
error: TEMP_DIAGNOSTIC n_ledger[init]: cells.len=1
error: TEMP_DIAGNOSTIC n_ledger[init]: cells.len=1
error: TEMP_DIAGNOSTIC n_ledger[init]: cells.len=1
error: TEMP_DIAGNOSTIC n_ledger[init]: cells.len=1
error: TEMP_DIAGNOSTIC n_ledger[init]: cells.len=1
error: TEMP_DIAGNOSTIC n_ledger[init]: cells.len=1
error: TEMP_DIAGNOSTIC n_ledger[init]: cells.len=1
error: TEMP_DIAGNOSTIC n_ledger[init]: cells.len=1
error: TEMP_DIAGNOSTIC n_ledger[init]: cells.len=1
error: TEMP_DIAGNOSTIC n_ledger[init]: cells.len=1
error: TEMP_DIAGNOSTIC n_ledger[init]: cells.len=1
error: TEMP_DIAGNOSTIC n_ledger[init]: cells.len=1
info: daily conservation accepted: day=56 year=1998 hour=24 water=3.9085017149874025e-14 heat=1.0866531721167376e-13 oxygen=5.969432822943244e-14 hydrogen=1.5066018848449014e-15 carbon=3.337162596194464e-14 nitrogen=1.2928404005832306e-14 phosphorus=2.4839304702433728e-12 aluminum=6.638106422734267e-9 iron=1.8048588053285985e-5 calcium=3.9888509494229616e-10 magnesium=1e0 sodium=2.1542302594859374e-4 potassium=4.172378790317569e-4 sulfur=0e0 chloride=0e0 silicon=1.9836172940324026e-6 sand=1e0 silt=1e0 clay=0e0 rock_additive=0e0 cec=1.035850125434976e-2 aec=0e0
info: day advanced: scene_weather_hours=1344 final_hour_elapsed_ms=221
error: TEMP_DIAGNOSTIC n_ledger[init]: cells.len=1
error: TEMP_DIAGNOSTIC n_ledger[init]: cells.len=1
error: TEMP_DIAGNOSTIC n_ledger[init]: cells.len=1
error: TEMP_DIAGNOSTIC n_ledger[init]: cells.len=1
error: TEMP_DIAGNOSTIC n_ledger[init]: cells.len=1
error: TEMP_DIAGNOSTIC n_ledger[init]: cells.len=1
error: TEMP_DIAGNOSTIC n_ledger[init]: cells.len=1
error: TEMP_DIAGNOSTIC n_ledger[init]: cells.len=1
error: TEMP_DIAGNOSTIC n_ledger[init]: cells.len=1
error: TEMP_DIAGNOSTIC n_ledger[init]: cells.len=1
error: TEMP_DIAGNOSTIC n_ledger[init]: cells.len=1
error: TEMP_DIAGNOSTIC n_ledger[init]: cells.len=1
error: TEMP_DIAGNOSTIC n_ledger[init]: cells.len=1
error: TEMP_DIAGNOSTIC n_ledger[init]: cells.len=1
error: TEMP_DIAGNOSTIC n_ledger[init]: cells.len=1
error: TEMP_DIAGNOSTIC n_ledger[init]: cells.len=1
error: TEMP_DIAGNOSTIC n_ledger[init]: cells.len=1
error: TEMP_DIAGNOSTIC n_ledger[init]: cells.len=1
error: TEMP_DIAGNOSTIC n_ledger[init]: cells.len=1
error: TEMP_DIAGNOSTIC n_ledger[init]: cells.len=1
error: TEMP_DIAGNOSTIC n_ledger[init]: cells.len=1
error: TEMP_DIAGNOSTIC n_ledger[init]: cells.len=1
error: TEMP_DIAGNOSTIC n_ledger[init]: cells.len=1
error: TEMP_DIAGNOSTIC n_ledger[init]: cells.len=1
error: TEMP_DIAGNOSTIC n_ledger[init]: cells.len=1
error: TEMP_DIAGNOSTIC n_ledger[init]: cells.len=1
error: TEMP_DIAGNOSTIC n_ledger[init]: cells.len=1
error: TEMP_DIAGNOSTIC n_ledger[init]: cells.len=1
error: TEMP_DIAGNOSTIC n_ledger[init]: cells.len=1
error: TEMP_DIAGNOSTIC n_ledger[init]: cells.len=1
error: TEMP_DIAGNOSTIC n_ledger[init]: cells.len=1
error: TEMP_DIAGNOSTIC n_ledger[init]: cells.len=1
error: TEMP_DIAGNOSTIC n_ledger[init]: cells.len=1
error: TEMP_DIAGNOSTIC n_ledger[init]: cells.len=1
error: TEMP_DIAGNOSTIC n_ledger[init]: cells.len=1
error: TEMP_DIAGNOSTIC n_ledger[init]: cells.len=1
error: TEMP_DIAGNOSTIC n_ledger[init]: cells.len=1
error: TEMP_DIAGNOSTIC n_ledger[init]: cells.len=1
error: TEMP_DIAGNOSTIC n_ledger[init]: cells.len=1
error: TEMP_DIAGNOSTIC n_ledger[init]: cells.len=1
error: TEMP_DIAGNOSTIC n_ledger[init]: cells.len=1
error: TEMP_DIAGNOSTIC n_ledger[init]: cells.len=1
error: TEMP_DIAGNOSTIC n_ledger[init]: cells.len=1
error: TEMP_DIAGNOSTIC n_ledger[init]: cells.len=1
error: TEMP_DIAGNOSTIC n_ledger[init]: cells.len=1
error: TEMP_DIAGNOSTIC n_ledger[init]: cells.len=1
error: TEMP_DIAGNOSTIC n_ledger[init]: cells.len=1
error: TEMP_DIAGNOSTIC n_ledger[init]: cells.len=1
info: daily conservation accepted: day=57 year=1998 hour=24 water=4.054279878850788e-14 heat=1.0696414011896759e-13 oxygen=5.959479746823987e-14 hydrogen=2.0025323051101946e-15 carbon=1.1578888337468688e-13 nitrogen=1.1397171317638416e-14 phosphorus=2.3255636713321933e-12 aluminum=6.615157955238971e-9 iron=1.7986217871284944e-5 calcium=1.3253846481980217e-10 magnesium=1e0 sodium=2.0018835436369557e-4 potassium=3.7560861771423847e-4 sulfur=0e0 chloride=0e0 silicon=1.8145831271614543e-6 sand=1e0 silt=1e0 clay=1e0 rock_additive=0e0 cec=0e0 aec=0e0
info: day advanced: scene_weather_hours=1368 final_hour_elapsed_ms=239
error: TEMP_DIAGNOSTIC n_ledger[init]: cells.len=1
error: TEMP_DIAGNOSTIC n_ledger[init]: cells.len=1
error: TEMP_DIAGNOSTIC n_ledger[init]: cells.len=1
error: TEMP_DIAGNOSTIC n_ledger[init]: cells.len=1
error: TEMP_DIAGNOSTIC n_ledger[init]: cells.len=1
error: TEMP_DIAGNOSTIC n_ledger[init]: cells.len=1
error: TEMP_DIAGNOSTIC n_ledger[init]: cells.len=1
error: TEMP_DIAGNOSTIC n_ledger[init]: cells.len=1
error: TEMP_DIAGNOSTIC n_ledger[init]: cells.len=1
error: TEMP_DIAGNOSTIC n_ledger[init]: cells.len=1
error: TEMP_DIAGNOSTIC n_ledger[init]: cells.len=1
error: TEMP_DIAGNOSTIC n_ledger[init]: cells.len=1
error: TEMP_DIAGNOSTIC n_ledger[init]: cells.len=1
error: TEMP_DIAGNOSTIC n_ledger[init]: cells.len=1
error: TEMP_DIAGNOSTIC n_ledger[init]: cells.len=1
error: TEMP_DIAGNOSTIC n_ledger[init]: cells.len=1
error: TEMP_DIAGNOSTIC n_ledger[init]: cells.len=1
error: TEMP_DIAGNOSTIC n_ledger[init]: cells.len=1
error: TEMP_DIAGNOSTIC n_ledger[init]: cells.len=1
error: TEMP_DIAGNOSTIC n_ledger[init]: cells.len=1
error: TEMP_DIAGNOSTIC n_ledger[init]: cells.len=1
error: TEMP_DIAGNOSTIC n_ledger[init]: cells.len=1
error: TEMP_DIAGNOSTIC n_ledger[init]: cells.len=1
error: TEMP_DIAGNOSTIC n_ledger[init]: cells.len=1
error: TEMP_DIAGNOSTIC n_ledger[init]: cells.len=1
error: TEMP_DIAGNOSTIC n_ledger[init]: cells.len=1
error: TEMP_DIAGNOSTIC n_ledger[init]: cells.len=1
error: TEMP_DIAGNOSTIC n_ledger[init]: cells.len=1
error: TEMP_DIAGNOSTIC n_ledger[init]: cells.len=1
error: TEMP_DIAGNOSTIC n_ledger[init]: cells.len=1
error: TEMP_DIAGNOSTIC n_ledger[init]: cells.len=1
error: TEMP_DIAGNOSTIC n_ledger[init]: cells.len=1
error: TEMP_DIAGNOSTIC n_ledger[init]: cells.len=1
error: TEMP_DIAGNOSTIC n_ledger[init]: cells.len=1
error: TEMP_DIAGNOSTIC n_ledger[init]: cells.len=1
error: TEMP_DIAGNOSTIC n_ledger[init]: cells.len=1
error: TEMP_DIAGNOSTIC n_ledger[init]: cells.len=1
error: TEMP_DIAGNOSTIC n_ledger[init]: cells.len=1
error: TEMP_DIAGNOSTIC n_ledger[init]: cells.len=1
error: TEMP_DIAGNOSTIC n_ledger[init]: cells.len=1
error: TEMP_DIAGNOSTIC n_ledger[init]: cells.len=1
error: TEMP_DIAGNOSTIC n_ledger[init]: cells.len=1
error: TEMP_DIAGNOSTIC n_ledger[init]: cells.len=1
error: TEMP_DIAGNOSTIC n_ledger[init]: cells.len=1
error: TEMP_DIAGNOSTIC n_ledger[init]: cells.len=1
error: TEMP_DIAGNOSTIC n_ledger[init]: cells.len=1
error: TEMP_DIAGNOSTIC n_ledger[init]: cells.len=1
error: TEMP_DIAGNOSTIC n_ledger[init]: cells.len=1
info: daily conservation accepted: day=58 year=1998 hour=24 water=3.996664772999719e-14 heat=1.0399521457245551e-13 oxygen=5.916982404814811e-14 hydrogen=2.2458478362854256e-15 carbon=8.20120372041091e-14 nitrogen=1.3471635081670655e-14 phosphorus=2.3927503139216574e-12 aluminum=6.592868075697536e-9 iron=1.7006375846499776e-5 calcium=2.642629422681258e-10 magnesium=1e0 sodium=1.6934128328898276e-4 potassium=3.269535474472005e-4 sulfur=0e0 chloride=0e0 silicon=1.5282863171516384e-6 sand=1e0 silt=1e0 clay=1e0 rock_additive=0e0 cec=9.991803598610514e-3 aec=4.2550362342929325e-3
info: day advanced: scene_weather_hours=1392 final_hour_elapsed_ms=202
error: TEMP_DIAGNOSTIC n_ledger[init]: cells.len=1
error: TEMP_DIAGNOSTIC n_ledger[init]: cells.len=1
error: TEMP_DIAGNOSTIC n_ledger[init]: cells.len=1
error: TEMP_DIAGNOSTIC n_ledger[init]: cells.len=1
error: TEMP_DIAGNOSTIC n_ledger[init]: cells.len=1
error: TEMP_DIAGNOSTIC n_ledger[init]: cells.len=1
error: TEMP_DIAGNOSTIC n_ledger[init]: cells.len=1
error: TEMP_DIAGNOSTIC n_ledger[init]: cells.len=1
error: TEMP_DIAGNOSTIC n_ledger[init]: cells.len=1
error: TEMP_DIAGNOSTIC n_ledger[init]: cells.len=1
error: TEMP_DIAGNOSTIC n_ledger[init]: cells.len=1
error: TEMP_DIAGNOSTIC n_ledger[init]: cells.len=1
error: TEMP_DIAGNOSTIC n_ledger[init]: cells.len=1
error: TEMP_DIAGNOSTIC n_ledger[init]: cells.len=1
error: TEMP_DIAGNOSTIC n_ledger[init]: cells.len=1
error: TEMP_DIAGNOSTIC n_ledger[init]: cells.len=1
error: TEMP_DIAGNOSTIC n_ledger[init]: cells.len=1
error: TEMP_DIAGNOSTIC n_ledger[init]: cells.len=1
error: TEMP_DIAGNOSTIC n_ledger[init]: cells.len=1
error: TEMP_DIAGNOSTIC n_ledger[init]: cells.len=1
error: TEMP_DIAGNOSTIC n_ledger[init]: cells.len=1
error: TEMP_DIAGNOSTIC n_ledger[init]: cells.len=1
error: TEMP_DIAGNOSTIC n_ledger[init]: cells.len=1
error: TEMP_DIAGNOSTIC n_ledger[init]: cells.len=1
error: TEMP_DIAGNOSTIC n_ledger[init]: cells.len=1
error: TEMP_DIAGNOSTIC n_ledger[init]: cells.len=1
error: TEMP_DIAGNOSTIC n_ledger[init]: cells.len=1
error: TEMP_DIAGNOSTIC n_ledger[init]: cells.len=1
error: TEMP_DIAGNOSTIC n_ledger[init]: cells.len=1
error: TEMP_DIAGNOSTIC n_ledger[init]: cells.len=1
error: TEMP_DIAGNOSTIC n_ledger[init]: cells.len=1
error: TEMP_DIAGNOSTIC n_ledger[init]: cells.len=1
error: TEMP_DIAGNOSTIC n_ledger[init]: cells.len=1
error: TEMP_DIAGNOSTIC n_ledger[init]: cells.len=1
error: TEMP_DIAGNOSTIC n_ledger[init]: cells.len=1
error: TEMP_DIAGNOSTIC n_ledger[init]: cells.len=1
error: TEMP_DIAGNOSTIC n_ledger[init]: cells.len=1
error: TEMP_DIAGNOSTIC n_ledger[init]: cells.len=1
error: TEMP_DIAGNOSTIC n_ledger[init]: cells.len=1
error: TEMP_DIAGNOSTIC n_ledger[init]: cells.len=1
error: TEMP_DIAGNOSTIC n_ledger[init]: cells.len=1
error: TEMP_DIAGNOSTIC n_ledger[init]: cells.len=1
error: TEMP_DIAGNOSTIC n_ledger[init]: cells.len=1
error: TEMP_DIAGNOSTIC n_ledger[init]: cells.len=1
error: TEMP_DIAGNOSTIC n_ledger[init]: cells.len=1
error: TEMP_DIAGNOSTIC n_ledger[init]: cells.len=1
error: TEMP_DIAGNOSTIC n_ledger[init]: cells.len=1
error: TEMP_DIAGNOSTIC n_ledger[init]: cells.len=1
info: daily conservation accepted: day=59 year=1998 hour=24 water=3.9632559694399075e-14 heat=1.0504623947126709e-13 oxygen=5.90792259167008e-14 hydrogen=1.900212212350306e-15 carbon=0e0 nitrogen=1.5476446930580947e-14 phosphorus=2.236095106799136e-12 aluminum=7.040649246678146e-9 iron=1.7408822978970853e-5 calcium=2.6347573869635095e-10 magnesium=1e0 sodium=1.7320872799841112e-4 potassium=3.2498040702320143e-4 sulfur=0e0 chloride=0e0 silicon=1.5973354104434201e-6 sand=1e0 silt=1e0 clay=1e0 rock_additive=0e0 cec=0e0 aec=4.1733233347461774e-3
info: day advanced: scene_weather_hours=1416 final_hour_elapsed_ms=218
error: TEMP_DIAGNOSTIC n_ledger[init]: cells.len=1
error: TEMP_DIAGNOSTIC n_ledger[init]: cells.len=1
error: TEMP_DIAGNOSTIC n_ledger[init]: cells.len=1
error: TEMP_DIAGNOSTIC n_ledger[init]: cells.len=1
error: TEMP_DIAGNOSTIC n_ledger[init]: cells.len=1
error: TEMP_DIAGNOSTIC n_ledger[init]: cells.len=1
error: TEMP_DIAGNOSTIC n_ledger[init]: cells.len=1
error: TEMP_DIAGNOSTIC n_ledger[init]: cells.len=1
error: TEMP_DIAGNOSTIC n_ledger[init]: cells.len=1
error: TEMP_DIAGNOSTIC n_ledger[init]: cells.len=1
error: TEMP_DIAGNOSTIC n_ledger[init]: cells.len=1
error: TEMP_DIAGNOSTIC n_ledger[init]: cells.len=1
error: TEMP_DIAGNOSTIC n_ledger[init]: cells.len=1
error: TEMP_DIAGNOSTIC n_ledger[init]: cells.len=1
error: TEMP_DIAGNOSTIC n_ledger[init]: cells.len=1
error: TEMP_DIAGNOSTIC n_ledger[init]: cells.len=1
error: TEMP_DIAGNOSTIC n_ledger[init]: cells.len=1
error: TEMP_DIAGNOSTIC n_ledger[init]: cells.len=1
error: TEMP_DIAGNOSTIC n_ledger[init]: cells.len=1
error: TEMP_DIAGNOSTIC n_ledger[init]: cells.len=1
error: TEMP_DIAGNOSTIC n_ledger[init]: cells.len=1
error: TEMP_DIAGNOSTIC n_ledger[init]: cells.len=1
error: TEMP_DIAGNOSTIC n_ledger[init]: cells.len=1
error: TEMP_DIAGNOSTIC n_ledger[init]: cells.len=1
error: TEMP_DIAGNOSTIC n_ledger[init]: cells.len=1
error: TEMP_DIAGNOSTIC n_ledger[init]: cells.len=1
error: TEMP_DIAGNOSTIC n_ledger[init]: cells.len=1
error: TEMP_DIAGNOSTIC n_ledger[init]: cells.len=1
error: TEMP_DIAGNOSTIC n_ledger[init]: cells.len=1
error: TEMP_DIAGNOSTIC n_ledger[init]: cells.len=1
error: TEMP_DIAGNOSTIC n_ledger[init]: cells.len=1
error: TEMP_DIAGNOSTIC n_ledger[init]: cells.len=1
error: TEMP_DIAGNOSTIC n_ledger[init]: cells.len=1
error: TEMP_DIAGNOSTIC n_ledger[init]: cells.len=1
error: TEMP_DIAGNOSTIC n_ledger[init]: cells.len=1
error: TEMP_DIAGNOSTIC n_ledger[init]: cells.len=1
error: TEMP_DIAGNOSTIC n_ledger[init]: cells.len=1
error: TEMP_DIAGNOSTIC n_ledger[init]: cells.len=1
error: TEMP_DIAGNOSTIC n_ledger[init]: cells.len=1
error: TEMP_DIAGNOSTIC n_ledger[init]: cells.len=1
error: TEMP_DIAGNOSTIC n_ledger[init]: cells.len=1
error: TEMP_DIAGNOSTIC n_ledger[init]: cells.len=1
error: TEMP_DIAGNOSTIC n_ledger[init]: cells.len=1
error: TEMP_DIAGNOSTIC n_ledger[init]: cells.len=1
error: TEMP_DIAGNOSTIC n_ledger[init]: cells.len=1
error: TEMP_DIAGNOSTIC n_ledger[init]: cells.len=1
error: TEMP_DIAGNOSTIC n_ledger[init]: cells.len=1
error: TEMP_DIAGNOSTIC n_ledger[init]: cells.len=1
info: daily conservation accepted: day=60 year=1998 hour=24 water=3.868160228782328e-14 heat=1.0470368339020906e-13 oxygen=5.920537639647246e-14 hydrogen=2.2126107982203343e-15 carbon=1.610704102516008e-14 nitrogen=1.1791270577686463e-14 phosphorus=1.8570585609893466e-12 aluminum=7.018301470025981e-9 iron=1.872361390831851e-5 calcium=1.313610685535469e-10 magnesium=1e0 sodium=1.6593918000818686e-4 potassium=3.119268302753588e-4 sulfur=0e0 chloride=0e0 silicon=1.5744696738874205e-6 sand=1e0 silt=1e0 clay=1e0 rock_additive=0e0 cec=9.627317513444398e-3 aec=4.110072889573901e-3
info: day advanced: scene_weather_hours=1440 final_hour_elapsed_ms=2861
error: TEMP_DIAGNOSTIC n_ledger[init]: cells.len=1
error: TEMP_DIAGNOSTIC n_ledger[init]: cells.len=1
error: TEMP_DIAGNOSTIC n_ledger[init]: cells.len=1
error: TEMP_DIAGNOSTIC n_ledger[init]: cells.len=1
error: TEMP_DIAGNOSTIC n_ledger[init]: cells.len=1
error: TEMP_DIAGNOSTIC n_ledger[init]: cells.len=1
error: TEMP_DIAGNOSTIC n_ledger[init]: cells.len=1
error: TEMP_DIAGNOSTIC n_ledger[init]: cells.len=1
error: TEMP_DIAGNOSTIC n_ledger[init]: cells.len=1
error: TEMP_DIAGNOSTIC n_ledger[init]: cells.len=1
error: TEMP_DIAGNOSTIC n_ledger[init]: cells.len=1
error: TEMP_DIAGNOSTIC n_ledger[init]: cells.len=1
error: TEMP_DIAGNOSTIC n_ledger[init]: cells.len=1
error: TEMP_DIAGNOSTIC n_ledger[init]: cells.len=1
error: TEMP_DIAGNOSTIC n_ledger[init]: cells.len=1
error: TEMP_DIAGNOSTIC n_ledger[init]: cells.len=1
error: TEMP_DIAGNOSTIC n_ledger[init]: cells.len=1
error: TEMP_DIAGNOSTIC n_ledger[init]: cells.len=1
error: TEMP_DIAGNOSTIC n_ledger[init]: cells.len=1
error: TEMP_DIAGNOSTIC n_ledger[init]: cells.len=1
error: TEMP_DIAGNOSTIC n_ledger[init]: cells.len=1
error: TEMP_DIAGNOSTIC n_ledger[init]: cells.len=1
error: TEMP_DIAGNOSTIC n_ledger[init]: cells.len=1
error: TEMP_DIAGNOSTIC n_ledger[init]: cells.len=1
error: TEMP_DIAGNOSTIC n_ledger[init]: cells.len=1
error: TEMP_DIAGNOSTIC n_ledger[init]: cells.len=1
error: TEMP_DIAGNOSTIC n_ledger[init]: cells.len=1
error: TEMP_DIAGNOSTIC n_ledger[init]: cells.len=1
error: TEMP_DIAGNOSTIC n_ledger[init]: cells.len=1
error: TEMP_DIAGNOSTIC n_ledger[init]: cells.len=1
error: TEMP_DIAGNOSTIC n_ledger[init]: cells.len=1
error: TEMP_DIAGNOSTIC n_ledger[init]: cells.len=1
error: TEMP_DIAGNOSTIC n_ledger[init]: cells.len=1
error: TEMP_DIAGNOSTIC n_ledger[init]: cells.len=1
error: TEMP_DIAGNOSTIC n_ledger[init]: cells.len=1
error: TEMP_DIAGNOSTIC n_ledger[init]: cells.len=1
error: TEMP_DIAGNOSTIC n_ledger[init]: cells.len=1
error: TEMP_DIAGNOSTIC n_ledger[init]: cells.len=1
error: TEMP_DIAGNOSTIC n_ledger[init]: cells.len=1
error: TEMP_DIAGNOSTIC n_ledger[init]: cells.len=1
error: TEMP_DIAGNOSTIC n_ledger[init]: cells.len=1
error: TEMP_DIAGNOSTIC n_ledger[init]: cells.len=1
error: TEMP_DIAGNOSTIC n_ledger[init]: cells.len=1
error: TEMP_DIAGNOSTIC n_ledger[init]: cells.len=1
error: TEMP_DIAGNOSTIC n_ledger[init]: cells.len=1
error: TEMP_DIAGNOSTIC n_ledger[init]: cells.len=1
error: TEMP_DIAGNOSTIC n_ledger[init]: cells.len=1
error: TEMP_DIAGNOSTIC n_ledger[init]: cells.len=1
info: daily conservation accepted: day=61 year=1998 hour=24 water=3.8073501091866415e-14 heat=1.0279299300541216e-13 oxygen=5.92577660558257e-14 hydrogen=2.002803490418308e-15 carbon=1.6011034267255611e-13 nitrogen=1.443059429514799e-14 phosphorus=1.7773961001667781e-12 aluminum=6.530336232817854e-9 iron=1.730042993715765e-5 calcium=3.930023537703564e-10 magnesium=1e0 sodium=1.5414024681732026e-4 potassium=2.8974102374885536e-4 sulfur=0e0 chloride=0e0 silicon=1.3664935380118094e-6 sand=1e0 silt=1e0 clay=1e0 rock_additive=0e0 cec=9.47691852071225e-3 aec=8.090512609822388e-3
info: day advanced: scene_weather_hours=1464 final_hour_elapsed_ms=175
error: TEMP_DIAGNOSTIC n_ledger[init]: cells.len=1
error: TEMP_DIAGNOSTIC n_ledger[init]: cells.len=1
error: TEMP_DIAGNOSTIC n_ledger[init]: cells.len=1
error: TEMP_DIAGNOSTIC n_ledger[init]: cells.len=1
error: TEMP_DIAGNOSTIC n_ledger[init]: cells.len=1
error: TEMP_DIAGNOSTIC n_ledger[init]: cells.len=1
error: TEMP_DIAGNOSTIC n_ledger[init]: cells.len=1
error: TEMP_DIAGNOSTIC n_ledger[init]: cells.len=1
error: TEMP_DIAGNOSTIC n_ledger[init]: cells.len=1
error: TEMP_DIAGNOSTIC n_ledger[init]: cells.len=1
error: TEMP_DIAGNOSTIC n_ledger[init]: cells.len=1
error: TEMP_DIAGNOSTIC n_ledger[init]: cells.len=1
error: TEMP_DIAGNOSTIC n_ledger[init]: cells.len=1
error: TEMP_DIAGNOSTIC n_ledger[init]: cells.len=1
error: TEMP_DIAGNOSTIC n_ledger[init]: cells.len=1
error: TEMP_DIAGNOSTIC n_ledger[init]: cells.len=1
error: TEMP_DIAGNOSTIC n_ledger[init]: cells.len=1
error: TEMP_DIAGNOSTIC n_ledger[init]: cells.len=1
error: TEMP_DIAGNOSTIC n_ledger[init]: cells.len=1
error: TEMP_DIAGNOSTIC n_ledger[init]: cells.len=1
error: TEMP_DIAGNOSTIC n_ledger[init]: cells.len=1
error: TEMP_DIAGNOSTIC n_ledger[init]: cells.len=1
error: TEMP_DIAGNOSTIC n_ledger[init]: cells.len=1
error: TEMP_DIAGNOSTIC n_ledger[init]: cells.len=1
error: TEMP_DIAGNOSTIC n_ledger[init]: cells.len=1
error: TEMP_DIAGNOSTIC n_ledger[init]: cells.len=1
error: TEMP_DIAGNOSTIC n_ledger[init]: cells.len=1
error: TEMP_DIAGNOSTIC n_ledger[init]: cells.len=1
error: TEMP_DIAGNOSTIC n_ledger[init]: cells.len=1
error: TEMP_DIAGNOSTIC n_ledger[init]: cells.len=1
error: TEMP_DIAGNOSTIC n_ledger[init]: cells.len=1
error: TEMP_DIAGNOSTIC n_ledger[init]: cells.len=1
error: TEMP_DIAGNOSTIC n_ledger[init]: cells.len=1
error: TEMP_DIAGNOSTIC n_ledger[init]: cells.len=1
error: TEMP_DIAGNOSTIC n_ledger[init]: cells.len=1
error: TEMP_DIAGNOSTIC n_ledger[init]: cells.len=1
error: TEMP_DIAGNOSTIC n_ledger[init]: cells.len=1
error: TEMP_DIAGNOSTIC n_ledger[init]: cells.len=1
error: TEMP_DIAGNOSTIC n_ledger[init]: cells.len=1
error: TEMP_DIAGNOSTIC n_ledger[init]: cells.len=1
error: TEMP_DIAGNOSTIC n_ledger[init]: cells.len=1
error: TEMP_DIAGNOSTIC n_ledger[init]: cells.len=1
error: TEMP_DIAGNOSTIC n_ledger[init]: cells.len=1
error: TEMP_DIAGNOSTIC n_ledger[init]: cells.len=1
error: TEMP_DIAGNOSTIC n_ledger[init]: cells.len=1
error: TEMP_DIAGNOSTIC n_ledger[init]: cells.len=1
error: TEMP_DIAGNOSTIC n_ledger[init]: cells.len=1
error: TEMP_DIAGNOSTIC n_ledger[init]: cells.len=1
info: daily conservation accepted: day=62 year=1998 hour=24 water=3.706580051436861e-14 heat=1.0597025996110973e-13 oxygen=5.933205504915193e-14 hydrogen=1.5001291330579478e-15 carbon=1.5932186614137153e-14 nitrogen=1.5014532202700462e-14 phosphorus=1.697160626761557e-12 aluminum=7.4357999011956824e-9 iron=1.859763161602882e-5 calcium=3.9160328342297755e-10 magnesium=1e0 sodium=1.4937865015129514e-4 potassium=2.895610563589728e-4 sulfur=0e0 chloride=0e0 silicon=1.3985294734335757e-6 sand=1e0 silt=1e0 clay=1e0 rock_additive=0e0 cec=9.326726901777908e-3 aec=1.1978289350552125e-2
info: day advanced: scene_weather_hours=1488 final_hour_elapsed_ms=232
error: TEMP_DIAGNOSTIC n_ledger[init]: cells.len=1
error: TEMP_DIAGNOSTIC n_ledger[init]: cells.len=1
error: TEMP_DIAGNOSTIC n_ledger[init]: cells.len=1
error: TEMP_DIAGNOSTIC n_ledger[init]: cells.len=1
error: TEMP_DIAGNOSTIC n_ledger[init]: cells.len=1
error: TEMP_DIAGNOSTIC n_ledger[init]: cells.len=1
error: TEMP_DIAGNOSTIC n_ledger[init]: cells.len=1
error: TEMP_DIAGNOSTIC n_ledger[init]: cells.len=1
error: TEMP_DIAGNOSTIC n_ledger[init]: cells.len=1
error: TEMP_DIAGNOSTIC n_ledger[init]: cells.len=1
error: TEMP_DIAGNOSTIC n_ledger[init]: cells.len=1
error: TEMP_DIAGNOSTIC n_ledger[init]: cells.len=1
error: TEMP_DIAGNOSTIC n_ledger[init]: cells.len=1
error: TEMP_DIAGNOSTIC n_ledger[init]: cells.len=1
error: TEMP_DIAGNOSTIC n_ledger[init]: cells.len=1
error: TEMP_DIAGNOSTIC n_ledger[init]: cells.len=1
error: TEMP_DIAGNOSTIC n_ledger[init]: cells.len=1
error: TEMP_DIAGNOSTIC n_ledger[init]: cells.len=1
error: TEMP_DIAGNOSTIC n_ledger[init]: cells.len=1
error: TEMP_DIAGNOSTIC n_ledger[init]: cells.len=1
error: TEMP_DIAGNOSTIC n_ledger[init]: cells.len=1
error: TEMP_DIAGNOSTIC n_ledger[init]: cells.len=1
error: TEMP_DIAGNOSTIC n_ledger[init]: cells.len=1
error: TEMP_DIAGNOSTIC n_ledger[init]: cells.len=1
error: TEMP_DIAGNOSTIC n_ledger[init]: cells.len=1
error: TEMP_DIAGNOSTIC n_ledger[init]: cells.len=1
error: TEMP_DIAGNOSTIC n_ledger[init]: cells.len=1
error: TEMP_DIAGNOSTIC n_ledger[init]: cells.len=1
error: TEMP_DIAGNOSTIC n_ledger[init]: cells.len=1
error: TEMP_DIAGNOSTIC n_ledger[init]: cells.len=1
error: TEMP_DIAGNOSTIC n_ledger[init]: cells.len=1
error: TEMP_DIAGNOSTIC n_ledger[init]: cells.len=1
error: TEMP_DIAGNOSTIC n_ledger[init]: cells.len=1
error: TEMP_DIAGNOSTIC n_ledger[init]: cells.len=1
error: TEMP_DIAGNOSTIC n_ledger[init]: cells.len=1
error: TEMP_DIAGNOSTIC n_ledger[init]: cells.len=1
error: TEMP_DIAGNOSTIC n_ledger[init]: cells.len=1
error: TEMP_DIAGNOSTIC n_ledger[init]: cells.len=1
error: TEMP_DIAGNOSTIC n_ledger[init]: cells.len=1
error: TEMP_DIAGNOSTIC n_ledger[init]: cells.len=1
error: TEMP_DIAGNOSTIC n_ledger[init]: cells.len=1
error: TEMP_DIAGNOSTIC n_ledger[init]: cells.len=1
error: TEMP_DIAGNOSTIC n_ledger[init]: cells.len=1
error: TEMP_DIAGNOSTIC n_ledger[init]: cells.len=1
error: TEMP_DIAGNOSTIC n_ledger[init]: cells.len=1
error: TEMP_DIAGNOSTIC n_ledger[init]: cells.len=1
error: TEMP_DIAGNOSTIC n_ledger[init]: cells.len=1
error: TEMP_DIAGNOSTIC n_ledger[init]: cells.len=1
info: daily conservation accepted: day=63 year=1998 hour=24 water=3.7263493397591916e-14 heat=1.0719588478712158e-13 oxygen=5.936834401557821e-14 hydrogen=1.1152550075861704e-15 carbon=1.4256641975777e-13 nitrogen=1.3502999472044602e-14 phosphorus=1.5433596178809431e-12 aluminum=7.175101686957704e-9 iron=1.8072671758359072e-5 calcium=3.9004307034844017e-10 magnesium=1e0 sodium=1.448041717457181e-4 potassium=2.8042989888122445e-4 sulfur=0e0 chloride=0e0 silicon=1.362828370168861e-6 sand=1e0 silt=0e0 clay=1e0 rock_additive=0e0 cec=0e0 aec=3.938098021721072e-3
info: day advanced: scene_weather_hours=1512 final_hour_elapsed_ms=208
error: TEMP_DIAGNOSTIC n_ledger[init]: cells.len=1
error: TEMP_DIAGNOSTIC n_ledger[init]: cells.len=1
error: TEMP_DIAGNOSTIC n_ledger[init]: cells.len=1
error: TEMP_DIAGNOSTIC n_ledger[init]: cells.len=1
error: TEMP_DIAGNOSTIC n_ledger[init]: cells.len=1
error: TEMP_DIAGNOSTIC n_ledger[init]: cells.len=1
error: TEMP_DIAGNOSTIC n_ledger[init]: cells.len=1
error: TEMP_DIAGNOSTIC n_ledger[init]: cells.len=1
error: TEMP_DIAGNOSTIC n_ledger[init]: cells.len=1
error: TEMP_DIAGNOSTIC n_ledger[init]: cells.len=1
error: TEMP_DIAGNOSTIC n_ledger[init]: cells.len=1
error: TEMP_DIAGNOSTIC n_ledger[init]: cells.len=1
error: TEMP_DIAGNOSTIC n_ledger[init]: cells.len=1
error: TEMP_DIAGNOSTIC n_ledger[init]: cells.len=1
error: TEMP_DIAGNOSTIC n_ledger[init]: cells.len=1
error: TEMP_DIAGNOSTIC n_ledger[init]: cells.len=1
error: TEMP_DIAGNOSTIC n_ledger[init]: cells.len=1
error: TEMP_DIAGNOSTIC n_ledger[init]: cells.len=1
error: TEMP_DIAGNOSTIC n_ledger[init]: cells.len=1
error: TEMP_DIAGNOSTIC n_ledger[init]: cells.len=1
error: TEMP_DIAGNOSTIC n_ledger[init]: cells.len=1
error: TEMP_DIAGNOSTIC n_ledger[init]: cells.len=1
error: TEMP_DIAGNOSTIC n_ledger[init]: cells.len=1
error: TEMP_DIAGNOSTIC n_ledger[init]: cells.len=1
error: TEMP_DIAGNOSTIC n_ledger[init]: cells.len=1
error: TEMP_DIAGNOSTIC n_ledger[init]: cells.len=1
error: TEMP_DIAGNOSTIC n_ledger[init]: cells.len=1
error: TEMP_DIAGNOSTIC n_ledger[init]: cells.len=1
error: TEMP_DIAGNOSTIC n_ledger[init]: cells.len=1
error: TEMP_DIAGNOSTIC n_ledger[init]: cells.len=1
error: TEMP_DIAGNOSTIC n_ledger[init]: cells.len=1
error: TEMP_DIAGNOSTIC n_ledger[init]: cells.len=1
error: TEMP_DIAGNOSTIC n_ledger[init]: cells.len=1
error: TEMP_DIAGNOSTIC n_ledger[init]: cells.len=1
error: TEMP_DIAGNOSTIC n_ledger[init]: cells.len=1
error: TEMP_DIAGNOSTIC n_ledger[init]: cells.len=1
error: TEMP_DIAGNOSTIC n_ledger[init]: cells.len=1
error: TEMP_DIAGNOSTIC n_ledger[init]: cells.len=1
error: TEMP_DIAGNOSTIC n_ledger[init]: cells.len=1
error: TEMP_DIAGNOSTIC n_ledger[init]: cells.len=1
error: TEMP_DIAGNOSTIC n_ledger[init]: cells.len=1
error: TEMP_DIAGNOSTIC n_ledger[init]: cells.len=1
error: TEMP_DIAGNOSTIC n_ledger[init]: cells.len=1
error: TEMP_DIAGNOSTIC n_ledger[init]: cells.len=1
error: TEMP_DIAGNOSTIC n_ledger[init]: cells.len=1
error: TEMP_DIAGNOSTIC n_ledger[init]: cells.len=1
error: TEMP_DIAGNOSTIC n_ledger[init]: cells.len=1
error: TEMP_DIAGNOSTIC n_ledger[init]: cells.len=1
info: daily conservation accepted: day=64 year=1998 hour=24 water=3.690018337420776e-14 heat=1.1223155002736884e-13 oxygen=5.910036205423075e-14 hydrogen=5.921038831869381e-16 carbon=1.261624742365424e-13 nitrogen=1.4772723351530564e-14 phosphorus=1.4645215040625947e-12 aluminum=6.6878244790027e-9 iron=1.935758924727967e-5 calcium=2.5907528782939914e-10 magnesium=1e0 sodium=1.4032541159555078e-4 potassium=2.6273030395600796e-4 sulfur=0e0 chloride=0e0 silicon=1.3272683202134723e-6 sand=1e0 silt=1e0 clay=1e0 rock_additive=0e0 cec=0e0 aec=3.8819640311770235e-3
info: day advanced: scene_weather_hours=1536 final_hour_elapsed_ms=648
error: TEMP_DIAGNOSTIC n_ledger[init]: cells.len=1
error: TEMP_DIAGNOSTIC n_ledger[init]: cells.len=1
error: TEMP_DIAGNOSTIC n_ledger[init]: cells.len=1
error: TEMP_DIAGNOSTIC n_ledger[init]: cells.len=1
error: TEMP_DIAGNOSTIC n_ledger[init]: cells.len=1
error: TEMP_DIAGNOSTIC n_ledger[init]: cells.len=1
error: TEMP_DIAGNOSTIC n_ledger[init]: cells.len=1
error: TEMP_DIAGNOSTIC n_ledger[init]: cells.len=1
error: TEMP_DIAGNOSTIC n_ledger[init]: cells.len=1
error: TEMP_DIAGNOSTIC n_ledger[init]: cells.len=1
error: TEMP_DIAGNOSTIC n_ledger[init]: cells.len=1
error: TEMP_DIAGNOSTIC n_ledger[init]: cells.len=1
error: TEMP_DIAGNOSTIC n_ledger[init]: cells.len=1
error: TEMP_DIAGNOSTIC n_ledger[init]: cells.len=1
error: TEMP_DIAGNOSTIC n_ledger[init]: cells.len=1
error: TEMP_DIAGNOSTIC n_ledger[init]: cells.len=1
error: TEMP_DIAGNOSTIC n_ledger[init]: cells.len=1
error: TEMP_DIAGNOSTIC n_ledger[init]: cells.len=1
error: TEMP_DIAGNOSTIC n_ledger[init]: cells.len=1
error: TEMP_DIAGNOSTIC n_ledger[init]: cells.len=1
error: TEMP_DIAGNOSTIC n_ledger[init]: cells.len=1
error: TEMP_DIAGNOSTIC n_ledger[init]: cells.len=1
error: TEMP_DIAGNOSTIC n_ledger[init]: cells.len=1
error: TEMP_DIAGNOSTIC n_ledger[init]: cells.len=1
error: TEMP_DIAGNOSTIC n_ledger[init]: cells.len=1
error: TEMP_DIAGNOSTIC n_ledger[init]: cells.len=1
error: TEMP_DIAGNOSTIC n_ledger[init]: cells.len=1
error: TEMP_DIAGNOSTIC n_ledger[init]: cells.len=1
error: TEMP_DIAGNOSTIC n_ledger[init]: cells.len=1
error: TEMP_DIAGNOSTIC n_ledger[init]: cells.len=1
error: TEMP_DIAGNOSTIC n_ledger[init]: cells.len=1
error: TEMP_DIAGNOSTIC n_ledger[init]: cells.len=1
error: TEMP_DIAGNOSTIC n_ledger[init]: cells.len=1
error: TEMP_DIAGNOSTIC n_ledger[init]: cells.len=1
error: TEMP_DIAGNOSTIC n_ledger[init]: cells.len=1
error: TEMP_DIAGNOSTIC n_ledger[init]: cells.len=1
error: TEMP_DIAGNOSTIC n_ledger[init]: cells.len=1
error: TEMP_DIAGNOSTIC n_ledger[init]: cells.len=1
error: TEMP_DIAGNOSTIC n_ledger[init]: cells.len=1
error: TEMP_DIAGNOSTIC n_ledger[init]: cells.len=1
error: TEMP_DIAGNOSTIC n_ledger[init]: cells.len=1
error: TEMP_DIAGNOSTIC n_ledger[init]: cells.len=1
error: TEMP_DIAGNOSTIC n_ledger[init]: cells.len=1
error: TEMP_DIAGNOSTIC n_ledger[init]: cells.len=1
error: TEMP_DIAGNOSTIC n_ledger[init]: cells.len=1
error: TEMP_DIAGNOSTIC n_ledger[init]: cells.len=1
error: TEMP_DIAGNOSTIC n_ledger[init]: cells.len=1
error: TEMP_DIAGNOSTIC n_ledger[init]: cells.len=1
info: daily conservation accepted: day=65 year=1998 hour=24 water=3.6562233273308843e-14 heat=1.1258582056532905e-13 oxygen=5.868000354515681e-14 hydrogen=4.662108894049468e-16 carbon=6.277571935952177e-14 nitrogen=1.4020185019657314e-14 phosphorus=1.4596956756395329e-12 aluminum=7.355135859395443e-9 iron=2.2433994911953482e-5 calcium=2.582036590926679e-10 magnesium=1e0 sodium=1.445776246483516e-4 potassium=2.712340637642816e-4 sulfur=0e0 chloride=0e0 silicon=1.5011870319064237e-6 sand=1e0 silt=1e0 clay=1e0 rock_additive=0e0 cec=0e0 aec=3.8094104342132674e-3
info: day advanced: scene_weather_hours=1560 final_hour_elapsed_ms=206
error: TEMP_DIAGNOSTIC n_ledger[init]: cells.len=1
error: TEMP_DIAGNOSTIC n_ledger[init]: cells.len=1
error: TEMP_DIAGNOSTIC n_ledger[init]: cells.len=1
error: TEMP_DIAGNOSTIC n_ledger[init]: cells.len=1
error: TEMP_DIAGNOSTIC n_ledger[init]: cells.len=1
error: TEMP_DIAGNOSTIC n_ledger[init]: cells.len=1
error: TEMP_DIAGNOSTIC n_ledger[init]: cells.len=1
error: TEMP_DIAGNOSTIC n_ledger[init]: cells.len=1
error: TEMP_DIAGNOSTIC n_ledger[init]: cells.len=1
error: TEMP_DIAGNOSTIC n_ledger[init]: cells.len=1
error: TEMP_DIAGNOSTIC n_ledger[init]: cells.len=1
error: TEMP_DIAGNOSTIC n_ledger[init]: cells.len=1
error: TEMP_DIAGNOSTIC n_ledger[init]: cells.len=1
error: TEMP_DIAGNOSTIC n_ledger[init]: cells.len=1
error: TEMP_DIAGNOSTIC n_ledger[init]: cells.len=1
error: TEMP_DIAGNOSTIC n_ledger[init]: cells.len=1
error: TEMP_DIAGNOSTIC n_ledger[init]: cells.len=1
error: TEMP_DIAGNOSTIC n_ledger[init]: cells.len=1
error: TEMP_DIAGNOSTIC n_ledger[init]: cells.len=1
error: TEMP_DIAGNOSTIC n_ledger[init]: cells.len=1
error: TEMP_DIAGNOSTIC n_ledger[init]: cells.len=1
error: TEMP_DIAGNOSTIC n_ledger[init]: cells.len=1
error: TEMP_DIAGNOSTIC n_ledger[init]: cells.len=1
error: TEMP_DIAGNOSTIC n_ledger[init]: cells.len=1
error: TEMP_DIAGNOSTIC n_ledger[init]: cells.len=1
error: TEMP_DIAGNOSTIC n_ledger[init]: cells.len=1
error: TEMP_DIAGNOSTIC n_ledger[init]: cells.len=1
error: TEMP_DIAGNOSTIC n_ledger[init]: cells.len=1
error: TEMP_DIAGNOSTIC n_ledger[init]: cells.len=1
error: TEMP_DIAGNOSTIC n_ledger[init]: cells.len=1
error: TEMP_DIAGNOSTIC n_ledger[init]: cells.len=1
error: TEMP_DIAGNOSTIC n_ledger[init]: cells.len=1
error: TEMP_DIAGNOSTIC n_ledger[init]: cells.len=1
error: TEMP_DIAGNOSTIC n_ledger[init]: cells.len=1
error: TEMP_DIAGNOSTIC n_ledger[init]: cells.len=1
error: TEMP_DIAGNOSTIC n_ledger[init]: cells.len=1
error: TEMP_DIAGNOSTIC n_ledger[init]: cells.len=1
error: TEMP_DIAGNOSTIC n_ledger[init]: cells.len=1
error: TEMP_DIAGNOSTIC n_ledger[init]: cells.len=1
error: TEMP_DIAGNOSTIC n_ledger[init]: cells.len=1
error: TEMP_DIAGNOSTIC n_ledger[init]: cells.len=1
error: TEMP_DIAGNOSTIC n_ledger[init]: cells.len=1
error: TEMP_DIAGNOSTIC n_ledger[init]: cells.len=1
error: TEMP_DIAGNOSTIC n_ledger[init]: cells.len=1
error: TEMP_DIAGNOSTIC n_ledger[init]: cells.len=1
error: TEMP_DIAGNOSTIC n_ledger[init]: cells.len=1
error: TEMP_DIAGNOSTIC n_ledger[init]: cells.len=1
error: TEMP_DIAGNOSTIC n_ledger[init]: cells.len=1
info: daily conservation accepted: day=66 year=1998 hour=24 water=3.669094235367541e-14 heat=1.1266391672856983e-13 oxygen=5.843570135022245e-14 hydrogen=3.9993129336970644e-17 carbon=4.6843441706824973e-14 nitrogen=1.262810343264106e-14 phosphorus=2.0374645454656058e-12 aluminum=8.478721948290308e-9 iron=2.3708298321192355e-5 calcium=2.5741672655053245e-10 magnesium=1e0 sodium=1.5324864215540747e-4 potassium=2.97302417684453e-4 sulfur=0e0 chloride=0e0 silicon=1.7448460453559125e-6 sand=1e0 silt=0e0 clay=1e0 rock_additive=0e0 cec=8.723803032884649e-3 aec=3.762713857369628e-3
info: day advanced: scene_weather_hours=1584 final_hour_elapsed_ms=246
error: TEMP_DIAGNOSTIC n_ledger[init]: cells.len=1
error: TEMP_DIAGNOSTIC n_ledger[init]: cells.len=1
error: TEMP_DIAGNOSTIC n_ledger[init]: cells.len=1
error: TEMP_DIAGNOSTIC n_ledger[init]: cells.len=1
error: TEMP_DIAGNOSTIC n_ledger[init]: cells.len=1
error: TEMP_DIAGNOSTIC n_ledger[init]: cells.len=1
error: TEMP_DIAGNOSTIC n_ledger[init]: cells.len=1
error: TEMP_DIAGNOSTIC n_ledger[init]: cells.len=1
error: TEMP_DIAGNOSTIC n_ledger[init]: cells.len=1
error: TEMP_DIAGNOSTIC n_ledger[init]: cells.len=1
error: TEMP_DIAGNOSTIC n_ledger[init]: cells.len=1
error: TEMP_DIAGNOSTIC n_ledger[init]: cells.len=1
error: TEMP_DIAGNOSTIC n_ledger[init]: cells.len=1
error: TEMP_DIAGNOSTIC n_ledger[init]: cells.len=1
error: TEMP_DIAGNOSTIC n_ledger[init]: cells.len=1
error: TEMP_DIAGNOSTIC n_ledger[init]: cells.len=1
error: TEMP_DIAGNOSTIC n_ledger[init]: cells.len=1
error: TEMP_DIAGNOSTIC n_ledger[init]: cells.len=1
error: TEMP_DIAGNOSTIC n_ledger[init]: cells.len=1
error: TEMP_DIAGNOSTIC n_ledger[init]: cells.len=1
error: TEMP_DIAGNOSTIC n_ledger[init]: cells.len=1
error: TEMP_DIAGNOSTIC n_ledger[init]: cells.len=1
error: TEMP_DIAGNOSTIC n_ledger[init]: cells.len=1
error: TEMP_DIAGNOSTIC n_ledger[init]: cells.len=1
error: TEMP_DIAGNOSTIC n_ledger[init]: cells.len=1
error: TEMP_DIAGNOSTIC n_ledger[init]: cells.len=1
error: TEMP_DIAGNOSTIC n_ledger[init]: cells.len=1
error: TEMP_DIAGNOSTIC n_ledger[init]: cells.len=1
error: TEMP_DIAGNOSTIC n_ledger[init]: cells.len=1
error: TEMP_DIAGNOSTIC n_ledger[init]: cells.len=1
error: TEMP_DIAGNOSTIC n_ledger[init]: cells.len=1
error: TEMP_DIAGNOSTIC n_ledger[init]: cells.len=1
error: TEMP_DIAGNOSTIC n_ledger[init]: cells.len=1
error: TEMP_DIAGNOSTIC n_ledger[init]: cells.len=1
error: TEMP_DIAGNOSTIC n_ledger[init]: cells.len=1
error: TEMP_DIAGNOSTIC n_ledger[init]: cells.len=1
error: TEMP_DIAGNOSTIC n_ledger[init]: cells.len=1
error: TEMP_DIAGNOSTIC n_ledger[init]: cells.len=1
error: TEMP_DIAGNOSTIC n_ledger[init]: cells.len=1
error: TEMP_DIAGNOSTIC n_ledger[init]: cells.len=1
error: TEMP_DIAGNOSTIC n_ledger[init]: cells.len=1
error: TEMP_DIAGNOSTIC n_ledger[init]: cells.len=1
error: TEMP_DIAGNOSTIC n_ledger[init]: cells.len=1
error: TEMP_DIAGNOSTIC n_ledger[init]: cells.len=1
error: TEMP_DIAGNOSTIC n_ledger[init]: cells.len=1
error: TEMP_DIAGNOSTIC n_ledger[init]: cells.len=1
error: TEMP_DIAGNOSTIC n_ledger[init]: cells.len=1
error: TEMP_DIAGNOSTIC n_ledger[init]: cells.len=1
info: daily conservation accepted: day=67 year=1998 hour=24 water=3.6641853714163625e-14 heat=1.167222799395182e-13 oxygen=5.828877543618429e-14 hydrogen=2.0524171588032042e-16 carbon=1.5530107355835573e-13 nitrogen=1.3229676262795213e-14 phosphorus=2.3218940929214506e-12 aluminum=8.684232301021804e-9 iron=2.4536144863621194e-5 calcium=2.5671036106755944e-10 magnesium=1e0 sodium=1.444092203826354e-4 potassium=2.8839085126352936e-4 sulfur=0e0 chloride=0e0 silicon=1.6744214024152e-6 sand=1e0 silt=1e0 clay=1e0 rock_additive=0e0 cec=8.582827639387133e-3 aec=1.1143031252720467e-2
info: day advanced: scene_weather_hours=1608 final_hour_elapsed_ms=243
error: TEMP_DIAGNOSTIC n_ledger[init]: cells.len=1
error: TEMP_DIAGNOSTIC n_ledger[init]: cells.len=1
error: TEMP_DIAGNOSTIC n_ledger[init]: cells.len=1
error: TEMP_DIAGNOSTIC n_ledger[init]: cells.len=1
error: TEMP_DIAGNOSTIC n_ledger[init]: cells.len=1
error: TEMP_DIAGNOSTIC n_ledger[init]: cells.len=1
error: TEMP_DIAGNOSTIC n_ledger[init]: cells.len=1
error: TEMP_DIAGNOSTIC n_ledger[init]: cells.len=1
error: TEMP_DIAGNOSTIC n_ledger[init]: cells.len=1
error: TEMP_DIAGNOSTIC n_ledger[init]: cells.len=1
error: TEMP_DIAGNOSTIC n_ledger[init]: cells.len=1
error: TEMP_DIAGNOSTIC n_ledger[init]: cells.len=1
error: TEMP_DIAGNOSTIC n_ledger[init]: cells.len=1
error: TEMP_DIAGNOSTIC n_ledger[init]: cells.len=1
error: TEMP_DIAGNOSTIC n_ledger[init]: cells.len=1
error: TEMP_DIAGNOSTIC n_ledger[init]: cells.len=1
error: TEMP_DIAGNOSTIC n_ledger[init]: cells.len=1
error: TEMP_DIAGNOSTIC n_ledger[init]: cells.len=1
error: TEMP_DIAGNOSTIC n_ledger[init]: cells.len=1
error: TEMP_DIAGNOSTIC n_ledger[init]: cells.len=1
error: TEMP_DIAGNOSTIC n_ledger[init]: cells.len=1
error: TEMP_DIAGNOSTIC n_ledger[init]: cells.len=1
error: TEMP_DIAGNOSTIC n_ledger[init]: cells.len=1
error: TEMP_DIAGNOSTIC n_ledger[init]: cells.len=1
error: TEMP_DIAGNOSTIC n_ledger[init]: cells.len=1
error: TEMP_DIAGNOSTIC n_ledger[init]: cells.len=1
error: TEMP_DIAGNOSTIC n_ledger[init]: cells.len=1
error: TEMP_DIAGNOSTIC n_ledger[init]: cells.len=1
error: TEMP_DIAGNOSTIC n_ledger[init]: cells.len=1
error: TEMP_DIAGNOSTIC n_ledger[init]: cells.len=1
error: TEMP_DIAGNOSTIC n_ledger[init]: cells.len=1
error: TEMP_DIAGNOSTIC n_ledger[init]: cells.len=1
error: TEMP_DIAGNOSTIC n_ledger[init]: cells.len=1
error: TEMP_DIAGNOSTIC n_ledger[init]: cells.len=1
error: TEMP_DIAGNOSTIC n_ledger[init]: cells.len=1
error: TEMP_DIAGNOSTIC n_ledger[init]: cells.len=1
error: TEMP_DIAGNOSTIC n_ledger[init]: cells.len=1
error: TEMP_DIAGNOSTIC n_ledger[init]: cells.len=1
error: TEMP_DIAGNOSTIC n_ledger[init]: cells.len=1
error: TEMP_DIAGNOSTIC n_ledger[init]: cells.len=1
error: TEMP_DIAGNOSTIC n_ledger[init]: cells.len=1
error: TEMP_DIAGNOSTIC n_ledger[init]: cells.len=1
error: TEMP_DIAGNOSTIC n_ledger[init]: cells.len=1
error: TEMP_DIAGNOSTIC n_ledger[init]: cells.len=1
error: TEMP_DIAGNOSTIC n_ledger[init]: cells.len=1
error: TEMP_DIAGNOSTIC n_ledger[init]: cells.len=1
error: TEMP_DIAGNOSTIC n_ledger[init]: cells.len=1
error: TEMP_DIAGNOSTIC n_ledger[init]: cells.len=1
info: daily conservation accepted: day=68 year=1998 hour=24 water=3.3659097097255635e-14 heat=1.0548110241117544e-13 oxygen=5.79302156308508e-14 hydrogen=1.79610449628474e-16 carbon=1.233866249437654e-13 nitrogen=1.2711946650455482e-14 phosphorus=2.1568002764806626e-12 aluminum=7.974321998674765e-9 iron=2.4015830187568518e-5 calcium=3.649700935648448e-10 magnesium=1e0 sodium=3.69766083577175e-5 potassium=7.227936922511194e-5 sulfur=0e0 chloride=0e0 silicon=1.3254187990170168e-6 sand=1e0 silt=1e0 clay=1e0 rock_additive=0e0 cec=8.4776633440408e-3 aec=7.2810011376564275e-3
info: day advanced: scene_weather_hours=1632 final_hour_elapsed_ms=227
error: TEMP_DIAGNOSTIC n_ledger[init]: cells.len=1
error: TEMP_DIAGNOSTIC n_ledger[init]: cells.len=1
error: TEMP_DIAGNOSTIC n_ledger[init]: cells.len=1
error: TEMP_DIAGNOSTIC n_ledger[init]: cells.len=1
error: TEMP_DIAGNOSTIC n_ledger[init]: cells.len=1
error: TEMP_DIAGNOSTIC n_ledger[init]: cells.len=1
error: TEMP_DIAGNOSTIC n_ledger[init]: cells.len=1
error: TEMP_DIAGNOSTIC n_ledger[init]: cells.len=1
error: TEMP_DIAGNOSTIC n_ledger[init]: cells.len=1
error: TEMP_DIAGNOSTIC n_ledger[init]: cells.len=1
error: TEMP_DIAGNOSTIC n_ledger[init]: cells.len=1
error: TEMP_DIAGNOSTIC n_ledger[init]: cells.len=1
error: TEMP_DIAGNOSTIC n_ledger[init]: cells.len=1
error: TEMP_DIAGNOSTIC n_ledger[init]: cells.len=1
error: TEMP_DIAGNOSTIC n_ledger[init]: cells.len=1
error: TEMP_DIAGNOSTIC n_ledger[init]: cells.len=1
error: TEMP_DIAGNOSTIC n_ledger[init]: cells.len=1
error: TEMP_DIAGNOSTIC n_ledger[init]: cells.len=1
error: TEMP_DIAGNOSTIC n_ledger[init]: cells.len=1
error: TEMP_DIAGNOSTIC n_ledger[init]: cells.len=1
error: TEMP_DIAGNOSTIC n_ledger[init]: cells.len=1
error: TEMP_DIAGNOSTIC n_ledger[init]: cells.len=1
error: TEMP_DIAGNOSTIC n_ledger[init]: cells.len=1
error: TEMP_DIAGNOSTIC n_ledger[init]: cells.len=1
error: TEMP_DIAGNOSTIC n_ledger[init]: cells.len=1
error: TEMP_DIAGNOSTIC n_ledger[init]: cells.len=1
error: TEMP_DIAGNOSTIC n_ledger[init]: cells.len=1
error: TEMP_DIAGNOSTIC n_ledger[init]: cells.len=1
error: TEMP_DIAGNOSTIC n_ledger[init]: cells.len=1
error: TEMP_DIAGNOSTIC n_ledger[init]: cells.len=1
error: TEMP_DIAGNOSTIC n_ledger[init]: cells.len=1
error: TEMP_DIAGNOSTIC n_ledger[init]: cells.len=1
error: TEMP_DIAGNOSTIC n_ledger[init]: cells.len=1
error: TEMP_DIAGNOSTIC n_ledger[init]: cells.len=1
error: TEMP_DIAGNOSTIC n_ledger[init]: cells.len=1
error: TEMP_DIAGNOSTIC n_ledger[init]: cells.len=1
error: TEMP_DIAGNOSTIC n_ledger[init]: cells.len=1
error: TEMP_DIAGNOSTIC n_ledger[init]: cells.len=1
error: TEMP_DIAGNOSTIC n_ledger[init]: cells.len=1
error: TEMP_DIAGNOSTIC n_ledger[init]: cells.len=1
error: TEMP_DIAGNOSTIC n_ledger[init]: cells.len=1
error: TEMP_DIAGNOSTIC n_ledger[init]: cells.len=1
error: TEMP_DIAGNOSTIC n_ledger[init]: cells.len=1
error: TEMP_DIAGNOSTIC n_ledger[init]: cells.len=1
error: TEMP_DIAGNOSTIC n_ledger[init]: cells.len=1
error: TEMP_DIAGNOSTIC n_ledger[init]: cells.len=1
error: TEMP_DIAGNOSTIC n_ledger[init]: cells.len=1
error: TEMP_DIAGNOSTIC n_ledger[init]: cells.len=1
info: daily conservation accepted: day=69 year=1998 hour=24 water=3.3861794007852983e-14 heat=1.0637514275460526e-13 oxygen=5.787107200788463e-14 hydrogen=2.94508667726889e-16 carbon=1.997094796876891e-13 nitrogen=1.4542244356721693e-14 phosphorus=2.2923430283350574e-12 aluminum=9.089322098682451e-9 iron=2.4393135389555346e-5 calcium=7.214197897947303e-10 magnesium=1e0 sodium=3.563965799666573e-5 potassium=6.743729005044022e-5 sulfur=0e0 chloride=0e0 silicon=1.4493555859300909e-6 sand=1e0 silt=0e0 clay=1e0 rock_additive=0e0 cec=0e0 aec=1.0750279955207167e-2
info: day advanced: scene_weather_hours=1656 final_hour_elapsed_ms=209
error: TEMP_DIAGNOSTIC n_ledger[init]: cells.len=1
error: TEMP_DIAGNOSTIC n_ledger[init]: cells.len=1
error: TEMP_DIAGNOSTIC n_ledger[init]: cells.len=1
error: TEMP_DIAGNOSTIC n_ledger[init]: cells.len=1
error: TEMP_DIAGNOSTIC n_ledger[init]: cells.len=1
error: TEMP_DIAGNOSTIC n_ledger[init]: cells.len=1
error: TEMP_DIAGNOSTIC n_ledger[init]: cells.len=1
error: TEMP_DIAGNOSTIC n_ledger[init]: cells.len=1
error: TEMP_DIAGNOSTIC n_ledger[init]: cells.len=1
error: TEMP_DIAGNOSTIC n_ledger[init]: cells.len=1
error: TEMP_DIAGNOSTIC n_ledger[init]: cells.len=1
error: TEMP_DIAGNOSTIC n_ledger[init]: cells.len=1
error: TEMP_DIAGNOSTIC n_ledger[init]: cells.len=1
error: TEMP_DIAGNOSTIC n_ledger[init]: cells.len=1
error: TEMP_DIAGNOSTIC n_ledger[init]: cells.len=1
error: TEMP_DIAGNOSTIC n_ledger[init]: cells.len=1
error: TEMP_DIAGNOSTIC n_ledger[init]: cells.len=1
error: TEMP_DIAGNOSTIC n_ledger[init]: cells.len=1
error: TEMP_DIAGNOSTIC n_ledger[init]: cells.len=1
error: TEMP_DIAGNOSTIC n_ledger[init]: cells.len=1
error: TEMP_DIAGNOSTIC n_ledger[init]: cells.len=1
error: TEMP_DIAGNOSTIC n_ledger[init]: cells.len=1
error: TEMP_DIAGNOSTIC n_ledger[init]: cells.len=1
error: TEMP_DIAGNOSTIC n_ledger[init]: cells.len=1
error: TEMP_DIAGNOSTIC n_ledger[init]: cells.len=1
error: TEMP_DIAGNOSTIC n_ledger[init]: cells.len=1
error: TEMP_DIAGNOSTIC n_ledger[init]: cells.len=1
error: TEMP_DIAGNOSTIC n_ledger[init]: cells.len=1
error: TEMP_DIAGNOSTIC n_ledger[init]: cells.len=1
error: TEMP_DIAGNOSTIC n_ledger[init]: cells.len=1
error: TEMP_DIAGNOSTIC n_ledger[init]: cells.len=1
error: TEMP_DIAGNOSTIC n_ledger[init]: cells.len=1
error: TEMP_DIAGNOSTIC n_ledger[init]: cells.len=1
error: TEMP_DIAGNOSTIC n_ledger[init]: cells.len=1
error: TEMP_DIAGNOSTIC n_ledger[init]: cells.len=1
error: TEMP_DIAGNOSTIC n_ledger[init]: cells.len=1
error: TEMP_DIAGNOSTIC n_ledger[init]: cells.len=1
error: TEMP_DIAGNOSTIC n_ledger[init]: cells.len=1
error: TEMP_DIAGNOSTIC n_ledger[init]: cells.len=1
error: TEMP_DIAGNOSTIC n_ledger[init]: cells.len=1
error: TEMP_DIAGNOSTIC n_ledger[init]: cells.len=1
error: TEMP_DIAGNOSTIC n_ledger[init]: cells.len=1
error: TEMP_DIAGNOSTIC n_ledger[init]: cells.len=1
error: TEMP_DIAGNOSTIC n_ledger[init]: cells.len=1
error: TEMP_DIAGNOSTIC n_ledger[init]: cells.len=1
error: TEMP_DIAGNOSTIC n_ledger[init]: cells.len=1
error: TEMP_DIAGNOSTIC n_ledger[init]: cells.len=1
error: TEMP_DIAGNOSTIC n_ledger[init]: cells.len=1
info: daily conservation accepted: day=70 year=1998 hour=24 water=3.3605216091967965e-14 heat=1.0565669832627776e-13 oxygen=5.764535242283787e-14 hydrogen=1.695541242214352e-16 carbon=1.2237503393232303e-13 nitrogen=1.3850506872039077e-14 phosphorus=2.3593414423614507e-12 aluminum=8.390860880868265e-9 iron=2.345925356588167e-5 calcium=1.2000872471460652e-10 magnesium=9.505248887859182e-1 sodium=3.34745446506771e-5 potassium=6.321300956445381e-5 sulfur=0e0 chloride=0e0 silicon=1.3057481486706549e-6 sand=1e0 silt=0e0 clay=1e0 rock_additive=0e0 cec=0e0 aec=1.061741366439019e-2
info: day advanced: scene_weather_hours=1680 final_hour_elapsed_ms=3170
error: TEMP_DIAGNOSTIC n_ledger[init]: cells.len=1
error: TEMP_DIAGNOSTIC n_ledger[init]: cells.len=1
error: TEMP_DIAGNOSTIC n_ledger[init]: cells.len=1
error: TEMP_DIAGNOSTIC n_ledger[init]: cells.len=1
error: TEMP_DIAGNOSTIC n_ledger[init]: cells.len=1
error: TEMP_DIAGNOSTIC n_ledger[init]: cells.len=1
error: TEMP_DIAGNOSTIC n_ledger[init]: cells.len=1
error: TEMP_DIAGNOSTIC n_ledger[init]: cells.len=1
error: TEMP_DIAGNOSTIC n_ledger[init]: cells.len=1
error: TEMP_DIAGNOSTIC n_ledger[init]: cells.len=1
error: TEMP_DIAGNOSTIC n_ledger[init]: cells.len=1
error: TEMP_DIAGNOSTIC n_ledger[init]: cells.len=1
error: TEMP_DIAGNOSTIC n_ledger[init]: cells.len=1
error: TEMP_DIAGNOSTIC n_ledger[init]: cells.len=1
error: TEMP_DIAGNOSTIC n_ledger[init]: cells.len=1
error: TEMP_DIAGNOSTIC n_ledger[init]: cells.len=1
error: TEMP_DIAGNOSTIC n_ledger[init]: cells.len=1
error: TEMP_DIAGNOSTIC n_ledger[init]: cells.len=1
error: TEMP_DIAGNOSTIC n_ledger[init]: cells.len=1
error: TEMP_DIAGNOSTIC n_ledger[init]: cells.len=1
error: TEMP_DIAGNOSTIC n_ledger[init]: cells.len=1
error: TEMP_DIAGNOSTIC n_ledger[init]: cells.len=1
error: TEMP_DIAGNOSTIC n_ledger[init]: cells.len=1
error: TEMP_DIAGNOSTIC n_ledger[init]: cells.len=1
error: TEMP_DIAGNOSTIC n_ledger[init]: cells.len=1
error: TEMP_DIAGNOSTIC n_ledger[init]: cells.len=1
error: TEMP_DIAGNOSTIC n_ledger[init]: cells.len=1
error: TEMP_DIAGNOSTIC n_ledger[init]: cells.len=1
error: TEMP_DIAGNOSTIC n_ledger[init]: cells.len=1
error: TEMP_DIAGNOSTIC n_ledger[init]: cells.len=1
error: TEMP_DIAGNOSTIC n_ledger[init]: cells.len=1
error: TEMP_DIAGNOSTIC n_ledger[init]: cells.len=1
error: TEMP_DIAGNOSTIC n_ledger[init]: cells.len=1
error: TEMP_DIAGNOSTIC n_ledger[init]: cells.len=1
error: TEMP_DIAGNOSTIC n_ledger[init]: cells.len=1
error: TEMP_DIAGNOSTIC n_ledger[init]: cells.len=1
error: TEMP_DIAGNOSTIC n_ledger[init]: cells.len=1
error: TEMP_DIAGNOSTIC n_ledger[init]: cells.len=1
error: TEMP_DIAGNOSTIC n_ledger[init]: cells.len=1
error: TEMP_DIAGNOSTIC n_ledger[init]: cells.len=1
error: TEMP_DIAGNOSTIC n_ledger[init]: cells.len=1
error: TEMP_DIAGNOSTIC n_ledger[init]: cells.len=1
error: TEMP_DIAGNOSTIC n_ledger[init]: cells.len=1
error: TEMP_DIAGNOSTIC n_ledger[init]: cells.len=1
error: TEMP_DIAGNOSTIC n_ledger[init]: cells.len=1
error: TEMP_DIAGNOSTIC n_ledger[init]: cells.len=1
error: TEMP_DIAGNOSTIC n_ledger[init]: cells.len=1
error: TEMP_DIAGNOSTIC n_ledger[init]: cells.len=1
info: daily conservation accepted: day=71 year=1998 hour=24 water=3.453767698431653e-14 heat=1.0466079333491614e-13 oxygen=5.781966204195114e-14 hydrogen=6.956544167025353e-16 carbon=2.893195355231195e-13 nitrogen=1.4430022145060897e-14 phosphorus=2.569741828087397e-12 aluminum=9.056569150434502e-9 iron=2.5189071899517538e-5 calcium=5.991229716860685e-10 magnesium=9.198148986572096e-1 sodium=3.346936002742609e-5 potassium=6.531024793444093e-5 sulfur=0e0 chloride=0e0 silicon=1.3893345314513603e-6 sand=1e0 silt=0e0 clay=1e0 rock_additive=0e0 cec=0e0 aec=1.743964248732901e-2
info: day advanced: scene_weather_hours=1704 final_hour_elapsed_ms=259
error: TEMP_DIAGNOSTIC n_ledger[init]: cells.len=1
error: TEMP_DIAGNOSTIC n_ledger[init]: cells.len=1
error: TEMP_DIAGNOSTIC n_ledger[init]: cells.len=1
error: TEMP_DIAGNOSTIC n_ledger[init]: cells.len=1
error: TEMP_DIAGNOSTIC n_ledger[init]: cells.len=1
error: TEMP_DIAGNOSTIC n_ledger[init]: cells.len=1
error: TEMP_DIAGNOSTIC n_ledger[init]: cells.len=1
error: TEMP_DIAGNOSTIC n_ledger[init]: cells.len=1
error: TEMP_DIAGNOSTIC n_ledger[init]: cells.len=1
error: TEMP_DIAGNOSTIC n_ledger[init]: cells.len=1
error: TEMP_DIAGNOSTIC n_ledger[init]: cells.len=1
error: TEMP_DIAGNOSTIC n_ledger[init]: cells.len=1
error: TEMP_DIAGNOSTIC n_ledger[init]: cells.len=1
error: TEMP_DIAGNOSTIC n_ledger[init]: cells.len=1
error: TEMP_DIAGNOSTIC n_ledger[init]: cells.len=1
error: TEMP_DIAGNOSTIC n_ledger[init]: cells.len=1
error: TEMP_DIAGNOSTIC n_ledger[init]: cells.len=1
error: TEMP_DIAGNOSTIC n_ledger[init]: cells.len=1
error: TEMP_DIAGNOSTIC n_ledger[init]: cells.len=1
error: TEMP_DIAGNOSTIC n_ledger[init]: cells.len=1
error: TEMP_DIAGNOSTIC n_ledger[init]: cells.len=1
error: TEMP_DIAGNOSTIC n_ledger[init]: cells.len=1
error: TEMP_DIAGNOSTIC n_ledger[init]: cells.len=1
error: TEMP_DIAGNOSTIC n_ledger[init]: cells.len=1
error: TEMP_DIAGNOSTIC n_ledger[init]: cells.len=1
error: TEMP_DIAGNOSTIC n_ledger[init]: cells.len=1
error: TEMP_DIAGNOSTIC n_ledger[init]: cells.len=1
error: TEMP_DIAGNOSTIC n_ledger[init]: cells.len=1
error: TEMP_DIAGNOSTIC n_ledger[init]: cells.len=1
error: TEMP_DIAGNOSTIC n_ledger[init]: cells.len=1
error: TEMP_DIAGNOSTIC n_ledger[init]: cells.len=1
error: TEMP_DIAGNOSTIC n_ledger[init]: cells.len=1
error: TEMP_DIAGNOSTIC n_ledger[init]: cells.len=1
error: TEMP_DIAGNOSTIC n_ledger[init]: cells.len=1
error: TEMP_DIAGNOSTIC n_ledger[init]: cells.len=1
error: TEMP_DIAGNOSTIC n_ledger[init]: cells.len=1
error: TEMP_DIAGNOSTIC n_ledger[init]: cells.len=1
error: TEMP_DIAGNOSTIC n_ledger[init]: cells.len=1
error: TEMP_DIAGNOSTIC n_ledger[init]: cells.len=1
error: TEMP_DIAGNOSTIC n_ledger[init]: cells.len=1
error: TEMP_DIAGNOSTIC n_ledger[init]: cells.len=1
error: TEMP_DIAGNOSTIC n_ledger[init]: cells.len=1
error: TEMP_DIAGNOSTIC n_ledger[init]: cells.len=1
error: TEMP_DIAGNOSTIC n_ledger[init]: cells.len=1
error: TEMP_DIAGNOSTIC n_ledger[init]: cells.len=1
error: TEMP_DIAGNOSTIC n_ledger[init]: cells.len=1
error: TEMP_DIAGNOSTIC n_ledger[init]: cells.len=1
error: TEMP_DIAGNOSTIC n_ledger[init]: cells.len=1
info: daily conservation accepted: day=72 year=1998 hour=24 water=3.3120016306667865e-14 heat=1.0601541745526829e-13 oxygen=5.74780184631478e-14 hydrogen=8.264738479898096e-16 carbon=3.1828538333493535e-13 nitrogen=1.3154994549307369e-14 phosphorus=2.3527573014257668e-12 aluminum=9.045474707156487e-9 iron=2.4716845541477677e-5 calcium=5.984235459906156e-10 magnesium=9.810318505060169e-1 sodium=3.345852198049474e-5 potassium=6.528961435008909e-5 sulfur=0e0 chloride=0e0 silicon=1.4150398526555994e-6 sand=1e0 silt=1e0 clay=1e0 rock_additive=0e0 cec=0e0 aec=1.0300152892894503e-2
info: day advanced: scene_weather_hours=1728 final_hour_elapsed_ms=225
error: TEMP_DIAGNOSTIC n_ledger[init]: cells.len=1
error: TEMP_DIAGNOSTIC n_ledger[init]: cells.len=1
error: TEMP_DIAGNOSTIC n_ledger[init]: cells.len=1
error: TEMP_DIAGNOSTIC n_ledger[init]: cells.len=1
error: TEMP_DIAGNOSTIC n_ledger[init]: cells.len=1
error: TEMP_DIAGNOSTIC n_ledger[init]: cells.len=1
error: TEMP_DIAGNOSTIC n_ledger[init]: cells.len=1
error: TEMP_DIAGNOSTIC n_ledger[init]: cells.len=1
error: TEMP_DIAGNOSTIC n_ledger[init]: cells.len=1
error: TEMP_DIAGNOSTIC n_ledger[init]: cells.len=1
error: TEMP_DIAGNOSTIC n_ledger[init]: cells.len=1
error: TEMP_DIAGNOSTIC n_ledger[init]: cells.len=1
error: TEMP_DIAGNOSTIC n_ledger[init]: cells.len=1
error: TEMP_DIAGNOSTIC n_ledger[init]: cells.len=1
error: TEMP_DIAGNOSTIC n_ledger[init]: cells.len=1
error: TEMP_DIAGNOSTIC n_ledger[init]: cells.len=1
error: TEMP_DIAGNOSTIC n_ledger[init]: cells.len=1
error: TEMP_DIAGNOSTIC n_ledger[init]: cells.len=1
error: TEMP_DIAGNOSTIC n_ledger[init]: cells.len=1
error: TEMP_DIAGNOSTIC n_ledger[init]: cells.len=1
error: TEMP_DIAGNOSTIC n_ledger[init]: cells.len=1
error: TEMP_DIAGNOSTIC n_ledger[init]: cells.len=1
error: TEMP_DIAGNOSTIC n_ledger[init]: cells.len=1
error: TEMP_DIAGNOSTIC n_ledger[init]: cells.len=1
error: TEMP_DIAGNOSTIC n_ledger[init]: cells.len=1
error: TEMP_DIAGNOSTIC n_ledger[init]: cells.len=1
error: TEMP_DIAGNOSTIC n_ledger[init]: cells.len=1
error: TEMP_DIAGNOSTIC n_ledger[init]: cells.len=1
error: TEMP_DIAGNOSTIC n_ledger[init]: cells.len=1
error: TEMP_DIAGNOSTIC n_ledger[init]: cells.len=1
error: TEMP_DIAGNOSTIC n_ledger[init]: cells.len=1
error: TEMP_DIAGNOSTIC n_ledger[init]: cells.len=1
error: TEMP_DIAGNOSTIC n_ledger[init]: cells.len=1
error: TEMP_DIAGNOSTIC n_ledger[init]: cells.len=1
error: TEMP_DIAGNOSTIC n_ledger[init]: cells.len=1
error: TEMP_DIAGNOSTIC n_ledger[init]: cells.len=1
error: TEMP_DIAGNOSTIC n_ledger[init]: cells.len=1
error: TEMP_DIAGNOSTIC n_ledger[init]: cells.len=1
error: TEMP_DIAGNOSTIC n_ledger[init]: cells.len=1
error: TEMP_DIAGNOSTIC n_ledger[init]: cells.len=1
error: TEMP_DIAGNOSTIC n_ledger[init]: cells.len=1
error: TEMP_DIAGNOSTIC n_ledger[init]: cells.len=1
error: TEMP_DIAGNOSTIC n_ledger[init]: cells.len=1
error: TEMP_DIAGNOSTIC n_ledger[init]: cells.len=1
error: TEMP_DIAGNOSTIC n_ledger[init]: cells.len=1
error: TEMP_DIAGNOSTIC n_ledger[init]: cells.len=1
error: TEMP_DIAGNOSTIC n_ledger[init]: cells.len=1
error: TEMP_DIAGNOSTIC n_ledger[init]: cells.len=1
info: daily conservation accepted: day=73 year=1998 hour=24 water=3.304022880446669e-14 heat=1.033811418994195e-13 oxygen=5.724912160978069e-14 hydrogen=6.447019781366304e-16 carbon=3.6195403704256094e-13 nitrogen=1.313822032149174e-14 phosphorus=2.5662042897053533e-12 aluminum=9.949050133910813e-9 iron=2.603841785115326e-5 calcium=8.377096095433707e-10 magnesium=1e0 sodium=3.775502071221255e-5 potassium=6.946462441286587e-5 sulfur=0e0 chloride=0e0 silicon=1.5239340573694693e-6 sand=1e0 silt=1e0 clay=1e0 rock_additive=0e0 cec=0e0 aec=1.0164107993647432e-2
info: day advanced: scene_weather_hours=1752 final_hour_elapsed_ms=274
error: TEMP_DIAGNOSTIC n_ledger[init]: cells.len=1
error: TEMP_DIAGNOSTIC n_ledger[init]: cells.len=1
error: TEMP_DIAGNOSTIC n_ledger[init]: cells.len=1
error: TEMP_DIAGNOSTIC n_ledger[init]: cells.len=1
error: TEMP_DIAGNOSTIC n_ledger[init]: cells.len=1
error: TEMP_DIAGNOSTIC n_ledger[init]: cells.len=1
error: TEMP_DIAGNOSTIC n_ledger[init]: cells.len=1
error: TEMP_DIAGNOSTIC n_ledger[init]: cells.len=1
error: TEMP_DIAGNOSTIC n_ledger[init]: cells.len=1
error: TEMP_DIAGNOSTIC n_ledger[init]: cells.len=1
error: TEMP_DIAGNOSTIC n_ledger[init]: cells.len=1
error: TEMP_DIAGNOSTIC n_ledger[init]: cells.len=1
error: TEMP_DIAGNOSTIC n_ledger[init]: cells.len=1
error: TEMP_DIAGNOSTIC n_ledger[init]: cells.len=1
error: TEMP_DIAGNOSTIC n_ledger[init]: cells.len=1
error: TEMP_DIAGNOSTIC n_ledger[init]: cells.len=1
error: TEMP_DIAGNOSTIC n_ledger[init]: cells.len=1
error: TEMP_DIAGNOSTIC n_ledger[init]: cells.len=1
error: TEMP_DIAGNOSTIC n_ledger[init]: cells.len=1
error: TEMP_DIAGNOSTIC n_ledger[init]: cells.len=1
error: TEMP_DIAGNOSTIC n_ledger[init]: cells.len=1
error: TEMP_DIAGNOSTIC n_ledger[init]: cells.len=1
error: TEMP_DIAGNOSTIC n_ledger[init]: cells.len=1
error: TEMP_DIAGNOSTIC n_ledger[init]: cells.len=1
error: TEMP_DIAGNOSTIC n_ledger[init]: cells.len=1
error: TEMP_DIAGNOSTIC n_ledger[init]: cells.len=1
error: TEMP_DIAGNOSTIC n_ledger[init]: cells.len=1
error: TEMP_DIAGNOSTIC n_ledger[init]: cells.len=1
error: TEMP_DIAGNOSTIC n_ledger[init]: cells.len=1
error: TEMP_DIAGNOSTIC n_ledger[init]: cells.len=1
error: TEMP_DIAGNOSTIC n_ledger[init]: cells.len=1
error: TEMP_DIAGNOSTIC n_ledger[init]: cells.len=1
error: TEMP_DIAGNOSTIC n_ledger[init]: cells.len=1
error: TEMP_DIAGNOSTIC n_ledger[init]: cells.len=1
error: TEMP_DIAGNOSTIC n_ledger[init]: cells.len=1
error: TEMP_DIAGNOSTIC n_ledger[init]: cells.len=1
error: TEMP_DIAGNOSTIC n_ledger[init]: cells.len=1
error: TEMP_DIAGNOSTIC n_ledger[init]: cells.len=1
error: TEMP_DIAGNOSTIC n_ledger[init]: cells.len=1
error: TEMP_DIAGNOSTIC n_ledger[init]: cells.len=1
error: TEMP_DIAGNOSTIC n_ledger[init]: cells.len=1
error: TEMP_DIAGNOSTIC n_ledger[init]: cells.len=1
error: TEMP_DIAGNOSTIC n_ledger[init]: cells.len=1
error: TEMP_DIAGNOSTIC n_ledger[init]: cells.len=1
error: TEMP_DIAGNOSTIC n_ledger[init]: cells.len=1
error: TEMP_DIAGNOSTIC n_ledger[init]: cells.len=1
error: TEMP_DIAGNOSTIC n_ledger[init]: cells.len=1
error: TEMP_DIAGNOSTIC n_ledger[init]: cells.len=1
info: daily conservation accepted: day=74 year=1998 hour=24 water=3.359970345429586e-14 heat=1.0219223555684984e-13 oxygen=5.733131933252454e-14 hydrogen=9.230744621717972e-16 carbon=3.149706843723765e-13 nitrogen=1.3125651130430147e-14 phosphorus=2.3523070919209213e-12 aluminum=9.270516959465767e-9 iron=2.4713926357003142e-5 calcium=3.5900866799599853e-10 magnesium=9.499797984517656e-1 sodium=3.4494419960542306e-5 potassium=6.731305378413146e-5 sulfur=0e0 chloride=0e0 silicon=1.37795977734504e-6 sand=1e0 silt=1e0 clay=1e0 rock_additive=0e0 cec=7.7227065673172645e-3 aec=1.0024277547184587e-2
info: day advanced: scene_weather_hours=1776 final_hour_elapsed_ms=167
error: TEMP_DIAGNOSTIC n_ledger[init]: cells.len=1
error: TEMP_DIAGNOSTIC n_ledger[init]: cells.len=1
error: TEMP_DIAGNOSTIC n_ledger[init]: cells.len=1
error: TEMP_DIAGNOSTIC n_ledger[init]: cells.len=1
error: TEMP_DIAGNOSTIC n_ledger[init]: cells.len=1
error: TEMP_DIAGNOSTIC n_ledger[init]: cells.len=1
error: TEMP_DIAGNOSTIC n_ledger[init]: cells.len=1
error: TEMP_DIAGNOSTIC n_ledger[init]: cells.len=1
error: TEMP_DIAGNOSTIC n_ledger[init]: cells.len=1
error: TEMP_DIAGNOSTIC n_ledger[init]: cells.len=1
error: TEMP_DIAGNOSTIC n_ledger[init]: cells.len=1
error: TEMP_DIAGNOSTIC n_ledger[init]: cells.len=1
error: TEMP_DIAGNOSTIC n_ledger[init]: cells.len=1
error: TEMP_DIAGNOSTIC n_ledger[init]: cells.len=1
error: TEMP_DIAGNOSTIC n_ledger[init]: cells.len=1
error: TEMP_DIAGNOSTIC n_ledger[init]: cells.len=1
error: TEMP_DIAGNOSTIC n_ledger[init]: cells.len=1
error: TEMP_DIAGNOSTIC n_ledger[init]: cells.len=1
error: TEMP_DIAGNOSTIC n_ledger[init]: cells.len=1
error: TEMP_DIAGNOSTIC n_ledger[init]: cells.len=1
error: TEMP_DIAGNOSTIC n_ledger[init]: cells.len=1
error: TEMP_DIAGNOSTIC n_ledger[init]: cells.len=1
error: TEMP_DIAGNOSTIC n_ledger[init]: cells.len=1
error: TEMP_DIAGNOSTIC n_ledger[init]: cells.len=1
error: TEMP_DIAGNOSTIC n_ledger[init]: cells.len=1
error: TEMP_DIAGNOSTIC n_ledger[init]: cells.len=1
error: TEMP_DIAGNOSTIC n_ledger[init]: cells.len=1
error: TEMP_DIAGNOSTIC n_ledger[init]: cells.len=1
error: TEMP_DIAGNOSTIC n_ledger[init]: cells.len=1
error: TEMP_DIAGNOSTIC n_ledger[init]: cells.len=1
error: TEMP_DIAGNOSTIC n_ledger[init]: cells.len=1
error: TEMP_DIAGNOSTIC n_ledger[init]: cells.len=1
error: TEMP_DIAGNOSTIC n_ledger[init]: cells.len=1
error: TEMP_DIAGNOSTIC n_ledger[init]: cells.len=1
error: TEMP_DIAGNOSTIC n_ledger[init]: cells.len=1
error: TEMP_DIAGNOSTIC n_ledger[init]: cells.len=1
error: TEMP_DIAGNOSTIC n_ledger[init]: cells.len=1
error: TEMP_DIAGNOSTIC n_ledger[init]: cells.len=1
error: TEMP_DIAGNOSTIC n_ledger[init]: cells.len=1
error: TEMP_DIAGNOSTIC n_ledger[init]: cells.len=1
error: TEMP_DIAGNOSTIC n_ledger[init]: cells.len=1
error: TEMP_DIAGNOSTIC n_ledger[init]: cells.len=1
error: TEMP_DIAGNOSTIC n_ledger[init]: cells.len=1
error: TEMP_DIAGNOSTIC n_ledger[init]: cells.len=1
error: TEMP_DIAGNOSTIC n_ledger[init]: cells.len=1
error: TEMP_DIAGNOSTIC n_ledger[init]: cells.len=1
error: TEMP_DIAGNOSTIC n_ledger[init]: cells.len=1
error: TEMP_DIAGNOSTIC n_ledger[init]: cells.len=1
info: daily conservation accepted: day=75 year=1998 hour=24 water=3.278799506124506e-14 heat=9.956751814970965e-14 oxygen=5.739736287850652e-14 hydrogen=6.793967838304583e-16 carbon=2.683455413079101e-13 nitrogen=1.3750344515039973e-14 phosphorus=2.5660919984739123e-12 aluminum=9.270288954734135e-9 iron=2.5154626975132094e-5 calcium=3.589971605913727e-10 magnesium=1e0 sodium=3.6618871900969596e-5 potassium=6.935844049914173e-5 sulfur=0e0 chloride=0e0 silicon=1.4282139251913942e-6 sand=1e0 silt=1e0 clay=1e0 rock_additive=0e0 cec=7.60433684835883e-3 aec=9.886460183826369e-3
info: day advanced: scene_weather_hours=1800 final_hour_elapsed_ms=1637
error: TEMP_DIAGNOSTIC n_ledger[init]: cells.len=1
error: TEMP_DIAGNOSTIC n_ledger[init]: cells.len=1
error: TEMP_DIAGNOSTIC n_ledger[init]: cells.len=1
error: TEMP_DIAGNOSTIC n_ledger[init]: cells.len=1
error: TEMP_DIAGNOSTIC n_ledger[init]: cells.len=1
error: TEMP_DIAGNOSTIC n_ledger[init]: cells.len=1
error: TEMP_DIAGNOSTIC n_ledger[init]: cells.len=1
error: TEMP_DIAGNOSTIC n_ledger[init]: cells.len=1
error: TEMP_DIAGNOSTIC n_ledger[init]: cells.len=1
error: TEMP_DIAGNOSTIC n_ledger[init]: cells.len=1
error: TEMP_DIAGNOSTIC n_ledger[init]: cells.len=1
error: TEMP_DIAGNOSTIC n_ledger[init]: cells.len=1
error: TEMP_DIAGNOSTIC n_ledger[init]: cells.len=1
error: TEMP_DIAGNOSTIC n_ledger[init]: cells.len=1
error: TEMP_DIAGNOSTIC n_ledger[init]: cells.len=1
error: TEMP_DIAGNOSTIC n_ledger[init]: cells.len=1
error: TEMP_DIAGNOSTIC n_ledger[init]: cells.len=1
error: TEMP_DIAGNOSTIC n_ledger[init]: cells.len=1
error: TEMP_DIAGNOSTIC n_ledger[init]: cells.len=1
error: TEMP_DIAGNOSTIC n_ledger[init]: cells.len=1
error: TEMP_DIAGNOSTIC n_ledger[init]: cells.len=1
error: TEMP_DIAGNOSTIC n_ledger[init]: cells.len=1
error: TEMP_DIAGNOSTIC n_ledger[init]: cells.len=1
error: TEMP_DIAGNOSTIC n_ledger[init]: cells.len=1
error: TEMP_DIAGNOSTIC n_ledger[init]: cells.len=1
error: TEMP_DIAGNOSTIC n_ledger[init]: cells.len=1
error: TEMP_DIAGNOSTIC n_ledger[init]: cells.len=1
error: TEMP_DIAGNOSTIC n_ledger[init]: cells.len=1
error: TEMP_DIAGNOSTIC n_ledger[init]: cells.len=1
error: TEMP_DIAGNOSTIC n_ledger[init]: cells.len=1
error: TEMP_DIAGNOSTIC n_ledger[init]: cells.len=1
error: TEMP_DIAGNOSTIC n_ledger[init]: cells.len=1
error: TEMP_DIAGNOSTIC n_ledger[init]: cells.len=1
error: TEMP_DIAGNOSTIC n_ledger[init]: cells.len=1
error: TEMP_DIAGNOSTIC n_ledger[init]: cells.len=1
error: TEMP_DIAGNOSTIC n_ledger[init]: cells.len=1
error: TEMP_DIAGNOSTIC n_ledger[init]: cells.len=1
error: TEMP_DIAGNOSTIC n_ledger[init]: cells.len=1
error: TEMP_DIAGNOSTIC n_ledger[init]: cells.len=1
error: TEMP_DIAGNOSTIC n_ledger[init]: cells.len=1
error: TEMP_DIAGNOSTIC n_ledger[init]: cells.len=1
error: TEMP_DIAGNOSTIC n_ledger[init]: cells.len=1
error: TEMP_DIAGNOSTIC n_ledger[init]: cells.len=1
error: TEMP_DIAGNOSTIC n_ledger[init]: cells.len=1
error: TEMP_DIAGNOSTIC n_ledger[init]: cells.len=1
error: TEMP_DIAGNOSTIC n_ledger[init]: cells.len=1
error: TEMP_DIAGNOSTIC n_ledger[init]: cells.len=1
error: TEMP_DIAGNOSTIC n_ledger[init]: cells.len=1
info: daily conservation accepted: day=76 year=1998 hour=24 water=3.100303007711052e-14 heat=8.099376593145625e-14 oxygen=5.739757424421803e-14 hydrogen=5.725860479424392e-16 carbon=3.703015813056592e-13 nitrogen=1.374827282834609e-14 phosphorus=2.85114579308789e-12 aluminum=1.0400556413089699e-8 iron=2.6919201615968547e-5 calcium=9.572956000349844e-10 magnesium=1e0 sodium=3.873969635905912e-5 potassium=7.350044081655925e-5 sulfur=0e0 chloride=0e0 silicon=1.56180487362488e-6 sand=1e0 silt=1e0 clay=1e0 rock_additive=0e0 cec=7.54539023815138e-3 aec=9.755849698940576e-3
info: day advanced: scene_weather_hours=1824 final_hour_elapsed_ms=1589
error: TEMP_DIAGNOSTIC n_ledger[init]: cells.len=1
error: TEMP_DIAGNOSTIC n_ledger[init]: cells.len=1
error: TEMP_DIAGNOSTIC n_ledger[init]: cells.len=1
error: TEMP_DIAGNOSTIC n_ledger[init]: cells.len=1
error: TEMP_DIAGNOSTIC n_ledger[init]: cells.len=1
error: TEMP_DIAGNOSTIC n_ledger[init]: cells.len=1
error: TEMP_DIAGNOSTIC n_ledger[init]: cells.len=1
error: TEMP_DIAGNOSTIC n_ledger[init]: cells.len=1
error: TEMP_DIAGNOSTIC n_ledger[init]: cells.len=1
error: TEMP_DIAGNOSTIC n_ledger[init]: cells.len=1
error: TEMP_DIAGNOSTIC n_ledger[init]: cells.len=1
error: TEMP_DIAGNOSTIC n_ledger[init]: cells.len=1
error: TEMP_DIAGNOSTIC n_ledger[init]: cells.len=1
error: TEMP_DIAGNOSTIC n_ledger[init]: cells.len=1
error: TEMP_DIAGNOSTIC n_ledger[init]: cells.len=1
error: TEMP_DIAGNOSTIC n_ledger[init]: cells.len=1
error: TEMP_DIAGNOSTIC n_ledger[init]: cells.len=1
error: TEMP_DIAGNOSTIC n_ledger[init]: cells.len=1
error: TEMP_DIAGNOSTIC n_ledger[init]: cells.len=1
error: TEMP_DIAGNOSTIC n_ledger[init]: cells.len=1
error: TEMP_DIAGNOSTIC n_ledger[init]: cells.len=1
error: TEMP_DIAGNOSTIC n_ledger[init]: cells.len=1
error: TEMP_DIAGNOSTIC n_ledger[init]: cells.len=1
error: TEMP_DIAGNOSTIC n_ledger[init]: cells.len=1
error: TEMP_DIAGNOSTIC n_ledger[init]: cells.len=1
error: TEMP_DIAGNOSTIC n_ledger[init]: cells.len=1
error: TEMP_DIAGNOSTIC n_ledger[init]: cells.len=1
error: TEMP_DIAGNOSTIC n_ledger[init]: cells.len=1
error: TEMP_DIAGNOSTIC n_ledger[init]: cells.len=1
error: TEMP_DIAGNOSTIC n_ledger[init]: cells.len=1
error: TEMP_DIAGNOSTIC n_ledger[init]: cells.len=1
error: TEMP_DIAGNOSTIC n_ledger[init]: cells.len=1
error: TEMP_DIAGNOSTIC n_ledger[init]: cells.len=1
error: TEMP_DIAGNOSTIC n_ledger[init]: cells.len=1
error: TEMP_DIAGNOSTIC n_ledger[init]: cells.len=1
error: TEMP_DIAGNOSTIC n_ledger[init]: cells.len=1
error: TEMP_DIAGNOSTIC n_ledger[init]: cells.len=1
error: TEMP_DIAGNOSTIC n_ledger[init]: cells.len=1
error: TEMP_DIAGNOSTIC n_ledger[init]: cells.len=1
error: TEMP_DIAGNOSTIC n_ledger[init]: cells.len=1
error: TEMP_DIAGNOSTIC n_ledger[init]: cells.len=1
error: TEMP_DIAGNOSTIC n_ledger[init]: cells.len=1
error: TEMP_DIAGNOSTIC n_ledger[init]: cells.len=1
error: TEMP_DIAGNOSTIC n_ledger[init]: cells.len=1
error: TEMP_DIAGNOSTIC n_ledger[init]: cells.len=1
error: TEMP_DIAGNOSTIC n_ledger[init]: cells.len=1
error: TEMP_DIAGNOSTIC n_ledger[init]: cells.len=1
error: TEMP_DIAGNOSTIC n_ledger[init]: cells.len=1
info: daily conservation accepted: day=77 year=1998 hour=24 water=2.883074820825098e-14 heat=9.110115900125363e-14 oxygen=5.694873565914884e-14 hydrogen=4.867327829647915e-16 carbon=3.5304140403447274e-13 nitrogen=1.3120120108935673e-14 phosphorus=2.7798641725509446e-12 aluminum=1.062664389984491e-8 iron=2.868436394883943e-5 calcium=8.376327852019866e-10 magnesium=1e0 sodium=4.089190147912732e-5 potassium=7.7700465573176e-5 sulfur=0e0 chloride=0e0 silicon=1.6454728566699965e-6 sand=1e0 silt=1e0 clay=1e0 rock_additive=0e0 cec=7.45421192091547e-3 aec=9.610331105938884e-3
info: day advanced: scene_weather_hours=1848 final_hour_elapsed_ms=2374
error: TEMP_DIAGNOSTIC n_ledger[init]: cells.len=1
error: TEMP_DIAGNOSTIC n_ledger[init]: cells.len=1
error: TEMP_DIAGNOSTIC n_ledger[init]: cells.len=1
error: TEMP_DIAGNOSTIC n_ledger[init]: cells.len=1
error: TEMP_DIAGNOSTIC n_ledger[init]: cells.len=1
error: TEMP_DIAGNOSTIC n_ledger[init]: cells.len=1
error: TEMP_DIAGNOSTIC n_ledger[init]: cells.len=1
error: TEMP_DIAGNOSTIC n_ledger[init]: cells.len=1
error: TEMP_DIAGNOSTIC n_ledger[init]: cells.len=1
error: TEMP_DIAGNOSTIC n_ledger[init]: cells.len=1
error: TEMP_DIAGNOSTIC n_ledger[init]: cells.len=1
error: TEMP_DIAGNOSTIC n_ledger[init]: cells.len=1
error: TEMP_DIAGNOSTIC n_ledger[init]: cells.len=1
error: TEMP_DIAGNOSTIC n_ledger[init]: cells.len=1
error: TEMP_DIAGNOSTIC n_ledger[init]: cells.len=1
error: TEMP_DIAGNOSTIC n_ledger[init]: cells.len=1
error: TEMP_DIAGNOSTIC n_ledger[init]: cells.len=1
error: TEMP_DIAGNOSTIC n_ledger[init]: cells.len=1
error: TEMP_DIAGNOSTIC n_ledger[init]: cells.len=1
error: TEMP_DIAGNOSTIC n_ledger[init]: cells.len=1
error: TEMP_DIAGNOSTIC n_ledger[init]: cells.len=1
error: TEMP_DIAGNOSTIC n_ledger[init]: cells.len=1
error: TEMP_DIAGNOSTIC n_ledger[init]: cells.len=1
error: TEMP_DIAGNOSTIC n_ledger[init]: cells.len=1
error: TEMP_DIAGNOSTIC n_ledger[init]: cells.len=1
error: TEMP_DIAGNOSTIC n_ledger[init]: cells.len=1
error: TEMP_DIAGNOSTIC n_ledger[init]: cells.len=1
error: TEMP_DIAGNOSTIC n_ledger[init]: cells.len=1
error: TEMP_DIAGNOSTIC n_ledger[init]: cells.len=1
error: TEMP_DIAGNOSTIC n_ledger[init]: cells.len=1
error: TEMP_DIAGNOSTIC n_ledger[init]: cells.len=1
error: TEMP_DIAGNOSTIC n_ledger[init]: cells.len=1
error: TEMP_DIAGNOSTIC n_ledger[init]: cells.len=1
error: TEMP_DIAGNOSTIC n_ledger[init]: cells.len=1
error: TEMP_DIAGNOSTIC n_ledger[init]: cells.len=1
error: TEMP_DIAGNOSTIC n_ledger[init]: cells.len=1
error: TEMP_DIAGNOSTIC n_ledger[init]: cells.len=1
error: TEMP_DIAGNOSTIC n_ledger[init]: cells.len=1
error: TEMP_DIAGNOSTIC n_ledger[init]: cells.len=1
error: TEMP_DIAGNOSTIC n_ledger[init]: cells.len=1
error: TEMP_DIAGNOSTIC n_ledger[init]: cells.len=1
error: TEMP_DIAGNOSTIC n_ledger[init]: cells.len=1
error: TEMP_DIAGNOSTIC n_ledger[init]: cells.len=1
error: TEMP_DIAGNOSTIC n_ledger[init]: cells.len=1
error: TEMP_DIAGNOSTIC n_ledger[init]: cells.len=1
error: TEMP_DIAGNOSTIC n_ledger[init]: cells.len=1
error: TEMP_DIAGNOSTIC n_ledger[init]: cells.len=1
error: TEMP_DIAGNOSTIC n_ledger[init]: cells.len=1
info: daily conservation accepted: day=78 year=1998 hour=24 water=2.6092215617933665e-14 heat=7.497647684069148e-14 oxygen=5.695292582864278e-14 hydrogen=2.5572578244594684e-16 carbon=2.628685210742496e-13 nitrogen=1.3107424215567891e-14 phosphorus=2.9200377083244763e-12 aluminum=1.0852657880332504e-8 iron=2.824284505199259e-5 calcium=8.376246779191463e-10 magnesium=1e0 sodium=4.303305679662788e-5 potassium=8.187996408818275e-5 sulfur=0e0 chloride=0e0 silicon=1.6434917139899673e-6 sand=1e0 silt=1e0 clay=1e0 rock_additive=0e0 cec=7.352729988224144e-3 aec=9.488978946327963e-3
info: day advanced: scene_weather_hours=1872 final_hour_elapsed_ms=1608
error: TEMP_DIAGNOSTIC n_ledger[init]: cells.len=1
error: TEMP_DIAGNOSTIC n_ledger[init]: cells.len=1
error: TEMP_DIAGNOSTIC n_ledger[init]: cells.len=1
error: TEMP_DIAGNOSTIC n_ledger[init]: cells.len=1
error: TEMP_DIAGNOSTIC n_ledger[init]: cells.len=1
error: TEMP_DIAGNOSTIC n_ledger[init]: cells.len=1
error: TEMP_DIAGNOSTIC n_ledger[init]: cells.len=1
error: TEMP_DIAGNOSTIC n_ledger[init]: cells.len=1
error: TEMP_DIAGNOSTIC n_ledger[init]: cells.len=1
error: TEMP_DIAGNOSTIC n_ledger[init]: cells.len=1
error: TEMP_DIAGNOSTIC n_ledger[init]: cells.len=1
error: TEMP_DIAGNOSTIC n_ledger[init]: cells.len=1
error: TEMP_DIAGNOSTIC n_ledger[init]: cells.len=1
error: TEMP_DIAGNOSTIC n_ledger[init]: cells.len=1
error: TEMP_DIAGNOSTIC n_ledger[init]: cells.len=1
error: TEMP_DIAGNOSTIC n_ledger[init]: cells.len=1
error: TEMP_DIAGNOSTIC n_ledger[init]: cells.len=1
error: TEMP_DIAGNOSTIC n_ledger[init]: cells.len=1
error: TEMP_DIAGNOSTIC n_ledger[init]: cells.len=1
error: TEMP_DIAGNOSTIC n_ledger[init]: cells.len=1
error: TEMP_DIAGNOSTIC n_ledger[init]: cells.len=1
error: TEMP_DIAGNOSTIC n_ledger[init]: cells.len=1
error: TEMP_DIAGNOSTIC n_ledger[init]: cells.len=1
error: TEMP_DIAGNOSTIC n_ledger[init]: cells.len=1
error: TEMP_DIAGNOSTIC n_ledger[init]: cells.len=1
error: TEMP_DIAGNOSTIC n_ledger[init]: cells.len=1
error: TEMP_DIAGNOSTIC n_ledger[init]: cells.len=1
error: TEMP_DIAGNOSTIC n_ledger[init]: cells.len=1
error: TEMP_DIAGNOSTIC n_ledger[init]: cells.len=1
error: TEMP_DIAGNOSTIC n_ledger[init]: cells.len=1
error: TEMP_DIAGNOSTIC n_ledger[init]: cells.len=1
error: TEMP_DIAGNOSTIC n_ledger[init]: cells.len=1
error: TEMP_DIAGNOSTIC n_ledger[init]: cells.len=1
error: TEMP_DIAGNOSTIC n_ledger[init]: cells.len=1
error: TEMP_DIAGNOSTIC n_ledger[init]: cells.len=1
error: TEMP_DIAGNOSTIC n_ledger[init]: cells.len=1
error: TEMP_DIAGNOSTIC n_ledger[init]: cells.len=1
error: TEMP_DIAGNOSTIC n_ledger[init]: cells.len=1
error: TEMP_DIAGNOSTIC n_ledger[init]: cells.len=1
error: TEMP_DIAGNOSTIC n_ledger[init]: cells.len=1
error: TEMP_DIAGNOSTIC n_ledger[init]: cells.len=1
error: TEMP_DIAGNOSTIC n_ledger[init]: cells.len=1
error: TEMP_DIAGNOSTIC n_ledger[init]: cells.len=1
error: TEMP_DIAGNOSTIC n_ledger[init]: cells.len=1
error: TEMP_DIAGNOSTIC n_ledger[init]: cells.len=1
error: TEMP_DIAGNOSTIC n_ledger[init]: cells.len=1
error: TEMP_DIAGNOSTIC n_ledger[init]: cells.len=1
error: TEMP_DIAGNOSTIC n_ledger[init]: cells.len=1
info: daily conservation accepted: day=79 year=1998 hour=24 water=2.3474006696302964e-14 heat=8.232852591760441e-14 oxygen=5.67487854364165e-14 hydrogen=3.63691747027979e-16 carbon=2.6090436583052487e-13 nitrogen=1.2479900119374493e-14 phosphorus=2.9905233374861055e-12 aluminum=1.1982732505318273e-8 iron=2.956571416506642e-5 calcium=9.572438046159553e-10 magnesium=1e0 sodium=4.405376349963727e-5 potassium=8.38769909029836e-5 sulfur=0e0 chloride=0e0 silicon=1.7447183627592038e-6 sand=1e0 silt=1e0 clay=1e0 rock_additive=0e0 cec=7.25644150911307e-3 aec=9.362884938921805e-3
info: day advanced: scene_weather_hours=1896 final_hour_elapsed_ms=2605
error: TEMP_DIAGNOSTIC n_ledger[init]: cells.len=1
error: TEMP_DIAGNOSTIC n_ledger[init]: cells.len=1
error: TEMP_DIAGNOSTIC n_ledger[init]: cells.len=1
error: TEMP_DIAGNOSTIC n_ledger[init]: cells.len=1
error: TEMP_DIAGNOSTIC n_ledger[init]: cells.len=1
error: TEMP_DIAGNOSTIC n_ledger[init]: cells.len=1
error: TEMP_DIAGNOSTIC n_ledger[init]: cells.len=1
error: TEMP_DIAGNOSTIC n_ledger[init]: cells.len=1
error: TEMP_DIAGNOSTIC n_ledger[init]: cells.len=1
error: TEMP_DIAGNOSTIC n_ledger[init]: cells.len=1
error: TEMP_DIAGNOSTIC n_ledger[init]: cells.len=1
error: TEMP_DIAGNOSTIC n_ledger[init]: cells.len=1
error: TEMP_DIAGNOSTIC n_ledger[init]: cells.len=1
error: TEMP_DIAGNOSTIC n_ledger[init]: cells.len=1
error: TEMP_DIAGNOSTIC n_ledger[init]: cells.len=1
error: TEMP_DIAGNOSTIC n_ledger[init]: cells.len=1
error: TEMP_DIAGNOSTIC n_ledger[init]: cells.len=1
error: TEMP_DIAGNOSTIC n_ledger[init]: cells.len=1
error: TEMP_DIAGNOSTIC n_ledger[init]: cells.len=1
error: TEMP_DIAGNOSTIC n_ledger[init]: cells.len=1
error: TEMP_DIAGNOSTIC n_ledger[init]: cells.len=1
error: TEMP_DIAGNOSTIC n_ledger[init]: cells.len=1
error: TEMP_DIAGNOSTIC n_ledger[init]: cells.len=1
error: TEMP_DIAGNOSTIC n_ledger[init]: cells.len=1
error: TEMP_DIAGNOSTIC n_ledger[init]: cells.len=1
error: TEMP_DIAGNOSTIC n_ledger[init]: cells.len=1
error: TEMP_DIAGNOSTIC n_ledger[init]: cells.len=1
error: TEMP_DIAGNOSTIC n_ledger[init]: cells.len=1
error: TEMP_DIAGNOSTIC n_ledger[init]: cells.len=1
error: TEMP_DIAGNOSTIC n_ledger[init]: cells.len=1
error: TEMP_DIAGNOSTIC n_ledger[init]: cells.len=1
error: TEMP_DIAGNOSTIC n_ledger[init]: cells.len=1
error: TEMP_DIAGNOSTIC n_ledger[init]: cells.len=1
error: TEMP_DIAGNOSTIC n_ledger[init]: cells.len=1
error: TEMP_DIAGNOSTIC n_ledger[init]: cells.len=1
error: TEMP_DIAGNOSTIC n_ledger[init]: cells.len=1
error: TEMP_DIAGNOSTIC n_ledger[init]: cells.len=1
error: TEMP_DIAGNOSTIC n_ledger[init]: cells.len=1
error: TEMP_DIAGNOSTIC n_ledger[init]: cells.len=1
error: TEMP_DIAGNOSTIC n_ledger[init]: cells.len=1
error: TEMP_DIAGNOSTIC n_ledger[init]: cells.len=1
error: TEMP_DIAGNOSTIC n_ledger[init]: cells.len=1
error: TEMP_DIAGNOSTIC n_ledger[init]: cells.len=1
error: TEMP_DIAGNOSTIC n_ledger[init]: cells.len=1
error: TEMP_DIAGNOSTIC n_ledger[init]: cells.len=1
error: TEMP_DIAGNOSTIC n_ledger[init]: cells.len=1
error: TEMP_DIAGNOSTIC n_ledger[init]: cells.len=1
error: TEMP_DIAGNOSTIC n_ledger[init]: cells.len=1
info: daily conservation accepted: day=80 year=1998 hour=24 water=2.2241598332501897e-14 heat=9.365479865524864e-14 oxygen=5.6629582518530466e-14 hydrogen=2.0019100534680154e-16 carbon=3.4518472622435605e-13 nitrogen=1.3100934832387888e-14 phosphorus=2.7763981711185458e-12 aluminum=1.1077960983487552e-8 iron=2.8240818634079335e-5 calcium=4.785991993665686e-10 magnesium=1e0 sodium=4.2919788786673294e-5 potassium=8.166953966215664e-5 sulfur=0e0 chloride=0e0 silicon=1.6785530210465771e-6 sand=1e0 silt=1e0 clay=1e0 rock_additive=0e0 cec=7.133104851068573e-3 aec=9.260822380320752e-3
info: day advanced: scene_weather_hours=1920 final_hour_elapsed_ms=3396
error: TEMP_DIAGNOSTIC n_ledger[init]: cells.len=1
error: TEMP_DIAGNOSTIC n_ledger[init]: cells.len=1
error: TEMP_DIAGNOSTIC n_ledger[init]: cells.len=1
error: TEMP_DIAGNOSTIC n_ledger[init]: cells.len=1
error: TEMP_DIAGNOSTIC n_ledger[init]: cells.len=1
error: TEMP_DIAGNOSTIC n_ledger[init]: cells.len=1
error: TEMP_DIAGNOSTIC n_ledger[init]: cells.len=1
error: TEMP_DIAGNOSTIC n_ledger[init]: cells.len=1
error: TEMP_DIAGNOSTIC n_ledger[init]: cells.len=1
error: TEMP_DIAGNOSTIC n_ledger[init]: cells.len=1
error: TEMP_DIAGNOSTIC n_ledger[init]: cells.len=1
error: TEMP_DIAGNOSTIC n_ledger[init]: cells.len=1
error: TEMP_DIAGNOSTIC n_ledger[init]: cells.len=1
error: TEMP_DIAGNOSTIC n_ledger[init]: cells.len=1
error: TEMP_DIAGNOSTIC n_ledger[init]: cells.len=1
error: TEMP_DIAGNOSTIC n_ledger[init]: cells.len=1
error: TEMP_DIAGNOSTIC n_ledger[init]: cells.len=1
error: TEMP_DIAGNOSTIC n_ledger[init]: cells.len=1
error: TEMP_DIAGNOSTIC n_ledger[init]: cells.len=1
error: TEMP_DIAGNOSTIC n_ledger[init]: cells.len=1
error: TEMP_DIAGNOSTIC n_ledger[init]: cells.len=1
error: TEMP_DIAGNOSTIC n_ledger[init]: cells.len=1
error: TEMP_DIAGNOSTIC n_ledger[init]: cells.len=1
error: TEMP_DIAGNOSTIC n_ledger[init]: cells.len=1
error: TEMP_DIAGNOSTIC n_ledger[init]: cells.len=1
error: TEMP_DIAGNOSTIC n_ledger[init]: cells.len=1
error: TEMP_DIAGNOSTIC n_ledger[init]: cells.len=1
error: TEMP_DIAGNOSTIC n_ledger[init]: cells.len=1
error: TEMP_DIAGNOSTIC n_ledger[init]: cells.len=1
error: TEMP_DIAGNOSTIC n_ledger[init]: cells.len=1
error: TEMP_DIAGNOSTIC n_ledger[init]: cells.len=1
error: TEMP_DIAGNOSTIC n_ledger[init]: cells.len=1
error: TEMP_DIAGNOSTIC n_ledger[init]: cells.len=1
error: TEMP_DIAGNOSTIC n_ledger[init]: cells.len=1
error: TEMP_DIAGNOSTIC n_ledger[init]: cells.len=1
error: TEMP_DIAGNOSTIC n_ledger[init]: cells.len=1
error: TEMP_DIAGNOSTIC n_ledger[init]: cells.len=1
error: TEMP_DIAGNOSTIC n_ledger[init]: cells.len=1
error: TEMP_DIAGNOSTIC n_ledger[init]: cells.len=1
error: TEMP_DIAGNOSTIC n_ledger[init]: cells.len=1
error: TEMP_DIAGNOSTIC n_ledger[init]: cells.len=1
error: TEMP_DIAGNOSTIC n_ledger[init]: cells.len=1
error: TEMP_DIAGNOSTIC n_ledger[init]: cells.len=1
error: TEMP_DIAGNOSTIC n_ledger[init]: cells.len=1
error: TEMP_DIAGNOSTIC n_ledger[init]: cells.len=1
error: TEMP_DIAGNOSTIC n_ledger[init]: cells.len=1
error: TEMP_DIAGNOSTIC n_ledger[init]: cells.len=1
error: TEMP_DIAGNOSTIC n_ledger[init]: cells.len=1
info: daily conservation accepted: day=81 year=1998 hour=24 water=2.6475030274327045e-14 heat=9.594481210657832e-14 oxygen=5.634249509757359e-14 hydrogen=4.209785290894722e-16 carbon=2.853359364334744e-13 nitrogen=1.184399035921713e-14 phosphorus=2.8455935557403215e-12 aluminum=1.1755745767789175e-8 iron=2.9563454507610196e-5 calcium=1.0767949851441676e-9 magnesium=1e0 sodium=4.071421609224554e-5 potassium=7.946190742602896e-5 sulfur=0e0 chloride=0e0 silicon=1.6946867723848688e-6 sand=1e0 silt=1e0 clay=1e0 rock_additive=0e0 cec=1.4062070859653941e-2 aec=9.162053827066235e-3
info: day advanced: scene_weather_hours=1944 final_hour_elapsed_ms=244
error: TEMP_DIAGNOSTIC n_ledger[init]: cells.len=1
error: TEMP_DIAGNOSTIC n_ledger[init]: cells.len=1
error: TEMP_DIAGNOSTIC n_ledger[init]: cells.len=1
error: TEMP_DIAGNOSTIC n_ledger[init]: cells.len=1
error: TEMP_DIAGNOSTIC n_ledger[init]: cells.len=1
error: TEMP_DIAGNOSTIC n_ledger[init]: cells.len=1
error: TEMP_DIAGNOSTIC n_ledger[init]: cells.len=1
error: TEMP_DIAGNOSTIC n_ledger[init]: cells.len=1
error: TEMP_DIAGNOSTIC n_ledger[init]: cells.len=1
error: TEMP_DIAGNOSTIC n_ledger[init]: cells.len=1
error: TEMP_DIAGNOSTIC n_ledger[init]: cells.len=1
error: TEMP_DIAGNOSTIC n_ledger[init]: cells.len=1
error: TEMP_DIAGNOSTIC n_ledger[init]: cells.len=1
error: TEMP_DIAGNOSTIC n_ledger[init]: cells.len=1
error: TEMP_DIAGNOSTIC n_ledger[init]: cells.len=1
error: TEMP_DIAGNOSTIC n_ledger[init]: cells.len=1
error: TEMP_DIAGNOSTIC n_ledger[init]: cells.len=1
error: TEMP_DIAGNOSTIC n_ledger[init]: cells.len=1
error: TEMP_DIAGNOSTIC n_ledger[init]: cells.len=1
error: TEMP_DIAGNOSTIC n_ledger[init]: cells.len=1
error: TEMP_DIAGNOSTIC n_ledger[init]: cells.len=1
error: TEMP_DIAGNOSTIC n_ledger[init]: cells.len=1
error: TEMP_DIAGNOSTIC n_ledger[init]: cells.len=1
error: TEMP_DIAGNOSTIC n_ledger[init]: cells.len=1
error: TEMP_DIAGNOSTIC n_ledger[init]: cells.len=1
error: TEMP_DIAGNOSTIC n_ledger[init]: cells.len=1
error: TEMP_DIAGNOSTIC n_ledger[init]: cells.len=1
error: TEMP_DIAGNOSTIC n_ledger[init]: cells.len=1
error: TEMP_DIAGNOSTIC n_ledger[init]: cells.len=1
error: TEMP_DIAGNOSTIC n_ledger[init]: cells.len=1
error: TEMP_DIAGNOSTIC n_ledger[init]: cells.len=1
error: TEMP_DIAGNOSTIC n_ledger[init]: cells.len=1
error: TEMP_DIAGNOSTIC n_ledger[init]: cells.len=1
error: TEMP_DIAGNOSTIC n_ledger[init]: cells.len=1
error: TEMP_DIAGNOSTIC n_ledger[init]: cells.len=1
error: TEMP_DIAGNOSTIC n_ledger[init]: cells.len=1
error: TEMP_DIAGNOSTIC n_ledger[init]: cells.len=1
error: TEMP_DIAGNOSTIC n_ledger[init]: cells.len=1
error: TEMP_DIAGNOSTIC n_ledger[init]: cells.len=1
error: TEMP_DIAGNOSTIC n_ledger[init]: cells.len=1
error: TEMP_DIAGNOSTIC n_ledger[init]: cells.len=1
error: TEMP_DIAGNOSTIC n_ledger[init]: cells.len=1
error: TEMP_DIAGNOSTIC n_ledger[init]: cells.len=1
error: TEMP_DIAGNOSTIC n_ledger[init]: cells.len=1
error: TEMP_DIAGNOSTIC n_ledger[init]: cells.len=1
error: TEMP_DIAGNOSTIC n_ledger[init]: cells.len=1
error: TEMP_DIAGNOSTIC n_ledger[init]: cells.len=1
error: TEMP_DIAGNOSTIC n_ledger[init]: cells.len=1
info: daily conservation accepted: day=82 year=1998 hour=24 water=2.774784856336766e-14 heat=9.738019034903572e-14 oxygen=5.624647475279801e-14 hydrogen=4.643457492286033e-16 carbon=3.537717308090271e-13 nitrogen=1.433529753315722e-14 phosphorus=2.916548916554277e-12 aluminum=1.2659524756210838e-8 iron=3.088594756254189e-5 calcium=1.3160155767688255e-9 magnesium=1e0 sodium=4.2791502855356216e-5 potassium=7.934320169192986e-5 sulfur=0e0 chloride=0e0 silicon=1.7644002080547714e-6 sand=1e0 silt=1e0 clay=1e0 rock_additive=0e0 cec=6.9785192454476066e-3 aec=9.045936395759718e-3
info: day advanced: scene_weather_hours=1968 final_hour_elapsed_ms=204
error: TEMP_DIAGNOSTIC n_ledger[init]: cells.len=1
error: TEMP_DIAGNOSTIC n_ledger[init]: cells.len=1
error: TEMP_DIAGNOSTIC n_ledger[init]: cells.len=1
error: TEMP_DIAGNOSTIC n_ledger[init]: cells.len=1
error: TEMP_DIAGNOSTIC n_ledger[init]: cells.len=1
error: TEMP_DIAGNOSTIC n_ledger[init]: cells.len=1
error: TEMP_DIAGNOSTIC n_ledger[init]: cells.len=1
error: TEMP_DIAGNOSTIC n_ledger[init]: cells.len=1
error: TEMP_DIAGNOSTIC n_ledger[init]: cells.len=1
error: TEMP_DIAGNOSTIC n_ledger[init]: cells.len=1
error: TEMP_DIAGNOSTIC n_ledger[init]: cells.len=1
error: TEMP_DIAGNOSTIC n_ledger[init]: cells.len=1
error: TEMP_DIAGNOSTIC n_ledger[init]: cells.len=1
error: TEMP_DIAGNOSTIC n_ledger[init]: cells.len=1
error: TEMP_DIAGNOSTIC n_ledger[init]: cells.len=1
error: TEMP_DIAGNOSTIC n_ledger[init]: cells.len=1
error: TEMP_DIAGNOSTIC n_ledger[init]: cells.len=1
error: TEMP_DIAGNOSTIC n_ledger[init]: cells.len=1
error: TEMP_DIAGNOSTIC n_ledger[init]: cells.len=1
error: TEMP_DIAGNOSTIC n_ledger[init]: cells.len=1
error: TEMP_DIAGNOSTIC n_ledger[init]: cells.len=1
error: TEMP_DIAGNOSTIC n_ledger[init]: cells.len=1
error: TEMP_DIAGNOSTIC n_ledger[init]: cells.len=1
error: TEMP_DIAGNOSTIC n_ledger[init]: cells.len=1
error: TEMP_DIAGNOSTIC n_ledger[init]: cells.len=1
error: TEMP_DIAGNOSTIC n_ledger[init]: cells.len=1
error: TEMP_DIAGNOSTIC n_ledger[init]: cells.len=1
error: TEMP_DIAGNOSTIC n_ledger[init]: cells.len=1
error: TEMP_DIAGNOSTIC n_ledger[init]: cells.len=1
error: TEMP_DIAGNOSTIC n_ledger[init]: cells.len=1
error: TEMP_DIAGNOSTIC n_ledger[init]: cells.len=1
error: TEMP_DIAGNOSTIC n_ledger[init]: cells.len=1
error: TEMP_DIAGNOSTIC n_ledger[init]: cells.len=1
error: TEMP_DIAGNOSTIC n_ledger[init]: cells.len=1
error: TEMP_DIAGNOSTIC n_ledger[init]: cells.len=1
error: TEMP_DIAGNOSTIC n_ledger[init]: cells.len=1
error: TEMP_DIAGNOSTIC n_ledger[init]: cells.len=1
error: TEMP_DIAGNOSTIC n_ledger[init]: cells.len=1
error: TEMP_DIAGNOSTIC n_ledger[init]: cells.len=1
error: TEMP_DIAGNOSTIC n_ledger[init]: cells.len=1
error: TEMP_DIAGNOSTIC n_ledger[init]: cells.len=1
error: TEMP_DIAGNOSTIC n_ledger[init]: cells.len=1
error: TEMP_DIAGNOSTIC n_ledger[init]: cells.len=1
error: TEMP_DIAGNOSTIC n_ledger[init]: cells.len=1
error: TEMP_DIAGNOSTIC n_ledger[init]: cells.len=1
error: TEMP_DIAGNOSTIC n_ledger[init]: cells.len=1
error: TEMP_DIAGNOSTIC n_ledger[init]: cells.len=1
error: TEMP_DIAGNOSTIC n_ledger[init]: cells.len=1
info: daily conservation accepted: day=83 year=1998 hour=24 water=2.7735154791561045e-14 heat=1.035789317246025e-13 oxygen=5.62238815799138e-14 hydrogen=7.469526576866729e-16 carbon=3.9297693720396174e-13 nitrogen=1.4335177027449503e-14 phosphorus=2.703055024327978e-12 aluminum=1.2206980604939307e-8 iron=2.9561249954044052e-5 calcium=1.5552236460276368e-9 magnesium=1e0 sodium=3.95301000045899e-5 potassium=7.715603969685982e-5 sulfur=0e0 chloride=0e0 silicon=1.727033916474893e-6 sand=1e0 silt=1e0 clay=1e0 rock_additive=0e0 cec=6.902688273519023e-3 aec=8.890535284311909e-3
info: day advanced: scene_weather_hours=1992 final_hour_elapsed_ms=540
error: TEMP_DIAGNOSTIC n_ledger[init]: cells.len=1
error: TEMP_DIAGNOSTIC n_ledger[init]: cells.len=1
error: TEMP_DIAGNOSTIC n_ledger[init]: cells.len=1
error: TEMP_DIAGNOSTIC n_ledger[init]: cells.len=1
error: TEMP_DIAGNOSTIC n_ledger[init]: cells.len=1
error: TEMP_DIAGNOSTIC n_ledger[init]: cells.len=1
error: TEMP_DIAGNOSTIC n_ledger[init]: cells.len=1
error: TEMP_DIAGNOSTIC n_ledger[init]: cells.len=1
error: TEMP_DIAGNOSTIC n_ledger[init]: cells.len=1
error: TEMP_DIAGNOSTIC n_ledger[init]: cells.len=1
error: TEMP_DIAGNOSTIC n_ledger[init]: cells.len=1
error: TEMP_DIAGNOSTIC n_ledger[init]: cells.len=1
error: TEMP_DIAGNOSTIC n_ledger[init]: cells.len=1
error: TEMP_DIAGNOSTIC n_ledger[init]: cells.len=1
error: TEMP_DIAGNOSTIC n_ledger[init]: cells.len=1
error: TEMP_DIAGNOSTIC n_ledger[init]: cells.len=1
error: TEMP_DIAGNOSTIC n_ledger[init]: cells.len=1
error: TEMP_DIAGNOSTIC n_ledger[init]: cells.len=1
error: TEMP_DIAGNOSTIC n_ledger[init]: cells.len=1
error: TEMP_DIAGNOSTIC n_ledger[init]: cells.len=1
error: TEMP_DIAGNOSTIC n_ledger[init]: cells.len=1
error: TEMP_DIAGNOSTIC n_ledger[init]: cells.len=1
error: TEMP_DIAGNOSTIC n_ledger[init]: cells.len=1
error: TEMP_DIAGNOSTIC n_ledger[init]: cells.len=1
error: TEMP_DIAGNOSTIC n_ledger[init]: cells.len=1
error: TEMP_DIAGNOSTIC n_ledger[init]: cells.len=1
error: TEMP_DIAGNOSTIC n_ledger[init]: cells.len=1
error: TEMP_DIAGNOSTIC n_ledger[init]: cells.len=1
error: TEMP_DIAGNOSTIC n_ledger[init]: cells.len=1
error: TEMP_DIAGNOSTIC n_ledger[init]: cells.len=1
error: TEMP_DIAGNOSTIC n_ledger[init]: cells.len=1
error: TEMP_DIAGNOSTIC n_ledger[init]: cells.len=1
error: TEMP_DIAGNOSTIC n_ledger[init]: cells.len=1
error: TEMP_DIAGNOSTIC n_ledger[init]: cells.len=1
error: TEMP_DIAGNOSTIC n_ledger[init]: cells.len=1
error: TEMP_DIAGNOSTIC n_ledger[init]: cells.len=1
error: TEMP_DIAGNOSTIC n_ledger[init]: cells.len=1
error: TEMP_DIAGNOSTIC n_ledger[init]: cells.len=1
error: TEMP_DIAGNOSTIC n_ledger[init]: cells.len=1
error: TEMP_DIAGNOSTIC n_ledger[init]: cells.len=1
error: TEMP_DIAGNOSTIC n_ledger[init]: cells.len=1
error: TEMP_DIAGNOSTIC n_ledger[init]: cells.len=1
error: TEMP_DIAGNOSTIC n_ledger[init]: cells.len=1
error: TEMP_DIAGNOSTIC n_ledger[init]: cells.len=1
error: TEMP_DIAGNOSTIC n_ledger[init]: cells.len=1
error: TEMP_DIAGNOSTIC n_ledger[init]: cells.len=1
error: TEMP_DIAGNOSTIC n_ledger[init]: cells.len=1
error: TEMP_DIAGNOSTIC n_ledger[init]: cells.len=1
info: daily conservation accepted: day=84 year=1998 hour=24 water=2.64263511759792e-14 heat=1.138719098862238e-13 oxygen=5.5918193324326845e-14 hydrogen=4.576746503217888e-16 carbon=4.454605380678585e-13 nitrogen=1.557743226541751e-14 phosphorus=2.7030523246807523e-12 aluminum=1.2659078119151808e-8 iron=3.0443644357743554e-5 calcium=1.6748546178875093e-9 magnesium=1e0 sodium=4.166686194610915e-5 potassium=8.341193437535555e-5 sulfur=0e0 chloride=0e0 silicon=1.8079884969298178e-6 sand=1e0 silt=1e0 clay=1e0 rock_additive=0e0 cec=6.803082646824343e-3 aec=5.8446154197392755e-3
info: day advanced: scene_weather_hours=2016 final_hour_elapsed_ms=215
error: TEMP_DIAGNOSTIC n_ledger[init]: cells.len=1
error: TEMP_DIAGNOSTIC n_ledger[init]: cells.len=1
error: TEMP_DIAGNOSTIC n_ledger[init]: cells.len=1
error: TEMP_DIAGNOSTIC n_ledger[init]: cells.len=1
error: TEMP_DIAGNOSTIC n_ledger[init]: cells.len=1
error: TEMP_DIAGNOSTIC n_ledger[init]: cells.len=1
error: TEMP_DIAGNOSTIC n_ledger[init]: cells.len=1
error: TEMP_DIAGNOSTIC n_ledger[init]: cells.len=1
error: TEMP_DIAGNOSTIC n_ledger[init]: cells.len=1
error: TEMP_DIAGNOSTIC n_ledger[init]: cells.len=1
error: TEMP_DIAGNOSTIC n_ledger[init]: cells.len=1
error: TEMP_DIAGNOSTIC n_ledger[init]: cells.len=1
error: TEMP_DIAGNOSTIC n_ledger[init]: cells.len=1
error: TEMP_DIAGNOSTIC n_ledger[init]: cells.len=1
error: TEMP_DIAGNOSTIC n_ledger[init]: cells.len=1
error: TEMP_DIAGNOSTIC n_ledger[init]: cells.len=1
error: TEMP_DIAGNOSTIC n_ledger[init]: cells.len=1
error: TEMP_DIAGNOSTIC n_ledger[init]: cells.len=1
error: TEMP_DIAGNOSTIC n_ledger[init]: cells.len=1
error: TEMP_DIAGNOSTIC n_ledger[init]: cells.len=1
error: TEMP_DIAGNOSTIC n_ledger[init]: cells.len=1
error: TEMP_DIAGNOSTIC n_ledger[init]: cells.len=1
error: TEMP_DIAGNOSTIC n_ledger[init]: cells.len=1
error: TEMP_DIAGNOSTIC n_ledger[init]: cells.len=1
error: TEMP_DIAGNOSTIC n_ledger[init]: cells.len=1
error: TEMP_DIAGNOSTIC n_ledger[init]: cells.len=1
error: TEMP_DIAGNOSTIC n_ledger[init]: cells.len=1
error: TEMP_DIAGNOSTIC n_ledger[init]: cells.len=1
error: TEMP_DIAGNOSTIC n_ledger[init]: cells.len=1
error: TEMP_DIAGNOSTIC n_ledger[init]: cells.len=1
error: TEMP_DIAGNOSTIC n_ledger[init]: cells.len=1
error: TEMP_DIAGNOSTIC n_ledger[init]: cells.len=1
error: TEMP_DIAGNOSTIC n_ledger[init]: cells.len=1
error: TEMP_DIAGNOSTIC n_ledger[init]: cells.len=1
error: TEMP_DIAGNOSTIC n_ledger[init]: cells.len=1
error: TEMP_DIAGNOSTIC n_ledger[init]: cells.len=1
error: TEMP_DIAGNOSTIC n_ledger[init]: cells.len=1
error: TEMP_DIAGNOSTIC n_ledger[init]: cells.len=1
error: TEMP_DIAGNOSTIC n_ledger[init]: cells.len=1
error: TEMP_DIAGNOSTIC n_ledger[init]: cells.len=1
error: TEMP_DIAGNOSTIC n_ledger[init]: cells.len=1
error: TEMP_DIAGNOSTIC n_ledger[init]: cells.len=1
error: TEMP_DIAGNOSTIC n_ledger[init]: cells.len=1
error: TEMP_DIAGNOSTIC n_ledger[init]: cells.len=1
error: TEMP_DIAGNOSTIC n_ledger[init]: cells.len=1
error: TEMP_DIAGNOSTIC n_ledger[init]: cells.len=1
error: TEMP_DIAGNOSTIC n_ledger[init]: cells.len=1
error: TEMP_DIAGNOSTIC n_ledger[init]: cells.len=1
info: daily conservation accepted: day=85 year=1998 hour=24 water=2.5575849106247724e-14 heat=9.668616805547838e-14 oxygen=5.6199343198583074e-14 hydrogen=2.494760157062015e-16 carbon=3.022144585874483e-13 nitrogen=1.478749645243479e-14 phosphorus=3.056556659030292e-12 aluminum=1.3337160408789585e-8 iron=3.176708398633475e-5 calcium=1.9141009809920134e-9 magnesium=1e0 sodium=4.272485843054488e-5 potassium=7.922245230794905e-5 sulfur=0e0 chloride=0e0 silicon=1.833247909832854e-6 sand=1e0 silt=1e0 clay=1e0 rock_additive=0e0 cec=0e0 aec=5.7786505947947e-3
info: day advanced: scene_weather_hours=2040 final_hour_elapsed_ms=199
error: TEMP_DIAGNOSTIC n_ledger[init]: cells.len=1
error: TEMP_DIAGNOSTIC n_ledger[init]: cells.len=1
error: TEMP_DIAGNOSTIC n_ledger[init]: cells.len=1
error: TEMP_DIAGNOSTIC n_ledger[init]: cells.len=1
error: TEMP_DIAGNOSTIC n_ledger[init]: cells.len=1
error: TEMP_DIAGNOSTIC n_ledger[init]: cells.len=1
error: TEMP_DIAGNOSTIC n_ledger[init]: cells.len=1
error: TEMP_DIAGNOSTIC n_ledger[init]: cells.len=1
error: TEMP_DIAGNOSTIC n_ledger[init]: cells.len=1
error: TEMP_DIAGNOSTIC n_ledger[init]: cells.len=1
error: TEMP_DIAGNOSTIC n_ledger[init]: cells.len=1
error: TEMP_DIAGNOSTIC n_ledger[init]: cells.len=1
error: TEMP_DIAGNOSTIC n_ledger[init]: cells.len=1
warning: aqueous extensive transport accepted best conservative state: pore=macropore reason=anderson-rejected iteration=28 best_scaled_residual=1.6478044419837798e0 publication_scaled_residual=3.1961228053733043e3 maximum_conservation_absolute=1.6543612251060553e-24 maximum_conservation_relative=1.410660305390282e-16
error: TEMP_DIAGNOSTIC n_ledger[init]: cells.len=1
error: TEMP_DIAGNOSTIC n_ledger[init]: cells.len=1
error: TEMP_DIAGNOSTIC n_ledger[init]: cells.len=1
error: TEMP_DIAGNOSTIC n_ledger[init]: cells.len=1
error: TEMP_DIAGNOSTIC n_ledger[init]: cells.len=1
error: TEMP_DIAGNOSTIC n_ledger[init]: cells.len=1
error: TEMP_DIAGNOSTIC n_ledger[init]: cells.len=1
error: TEMP_DIAGNOSTIC n_ledger[init]: cells.len=1
error: TEMP_DIAGNOSTIC n_ledger[init]: cells.len=1
error: TEMP_DIAGNOSTIC n_ledger[init]: cells.len=1
error: TEMP_DIAGNOSTIC n_ledger[init]: cells.len=1
error: TEMP_DIAGNOSTIC n_ledger[init]: cells.len=1
warning: aqueous extensive transport accepted best conservative state: pore=macropore reason=anderson-rejected iteration=30 best_scaled_residual=1.5559261939477189e1 publication_scaled_residual=8.270416045422167e3 maximum_conservation_absolute=1.3234889800848443e-23 maximum_conservation_relative=1.1514284557890347e-16
error: TEMP_DIAGNOSTIC n_ledger[init]: cells.len=1
error: TEMP_DIAGNOSTIC n_ledger[init]: cells.len=1
error: TEMP_DIAGNOSTIC n_ledger[init]: cells.len=1
error: TEMP_DIAGNOSTIC n_ledger[init]: cells.len=1
error: TEMP_DIAGNOSTIC n_ledger[init]: cells.len=1
error: TEMP_DIAGNOSTIC n_ledger[init]: cells.len=1
error: TEMP_DIAGNOSTIC n_ledger[init]: cells.len=1
error: TEMP_DIAGNOSTIC n_ledger[init]: cells.len=1
error: TEMP_DIAGNOSTIC n_ledger[init]: cells.len=1
error: TEMP_DIAGNOSTIC n_ledger[init]: cells.len=1
error: TEMP_DIAGNOSTIC n_ledger[init]: cells.len=1
error: TEMP_DIAGNOSTIC n_ledger[init]: cells.len=1
error: TEMP_DIAGNOSTIC n_ledger[init]: cells.len=1
error: TEMP_DIAGNOSTIC n_ledger[init]: cells.len=1
error: TEMP_DIAGNOSTIC n_ledger[init]: cells.len=1
error: TEMP_DIAGNOSTIC n_ledger[init]: cells.len=1
error: TEMP_DIAGNOSTIC n_ledger[init]: cells.len=1
error: TEMP_DIAGNOSTIC n_ledger[init]: cells.len=1
error: TEMP_DIAGNOSTIC n_ledger[init]: cells.len=1
error: TEMP_DIAGNOSTIC n_ledger[init]: cells.len=1
error: TEMP_DIAGNOSTIC n_ledger[init]: cells.len=1
error: TEMP_DIAGNOSTIC n_ledger[init]: cells.len=1
error: TEMP_DIAGNOSTIC n_ledger[init]: cells.len=1
info: daily conservation accepted: day=86 year=1998 hour=24 water=2.4072801311974554e-14 heat=8.812049577921046e-14 oxygen=5.625424068963087e-14 hydrogen=4.4205259021175924e-16 carbon=4.645323078032652e-13 nitrogen=1.5354429183606748e-14 phosphorus=3.0522647934539856e-12 aluminum=1.3560989379926978e-8 iron=3.1759245404675014e-5 calcium=2.229297364810327e-9 magnesium=7.267533183138611e-1 sodium=3.116731817073602e-5 potassium=6.070580855836996e-5 sulfur=0e0 chloride=0e0 silicon=1.60718593499956e-6 sand=1e0 silt=1e0 clay=1e0 rock_additive=0e0 cec=6.674488332681527e-3 aec=8.569133267874677e-3
info: day advanced: scene_weather_hours=2064 final_hour_elapsed_ms=240
error: TEMP_DIAGNOSTIC n_ledger[init]: cells.len=1
error: TEMP_DIAGNOSTIC n_ledger[init]: cells.len=1
error: TEMP_DIAGNOSTIC n_ledger[init]: cells.len=1
error: TEMP_DIAGNOSTIC n_ledger[init]: cells.len=1
error: TEMP_DIAGNOSTIC n_ledger[init]: cells.len=1
error: TEMP_DIAGNOSTIC n_ledger[init]: cells.len=1
error: TEMP_DIAGNOSTIC n_ledger[init]: cells.len=1
error: TEMP_DIAGNOSTIC n_ledger[init]: cells.len=1
error: TEMP_DIAGNOSTIC n_ledger[init]: cells.len=1
error: TEMP_DIAGNOSTIC n_ledger[init]: cells.len=1
error: TEMP_DIAGNOSTIC n_ledger[init]: cells.len=1
error: TEMP_DIAGNOSTIC n_ledger[init]: cells.len=1
error: TEMP_DIAGNOSTIC n_ledger[init]: cells.len=1
error: TEMP_DIAGNOSTIC n_ledger[init]: cells.len=1
error: TEMP_DIAGNOSTIC n_ledger[init]: cells.len=1
error: TEMP_DIAGNOSTIC n_ledger[init]: cells.len=1
error: TEMP_DIAGNOSTIC n_ledger[init]: cells.len=1
error: TEMP_DIAGNOSTIC n_ledger[init]: cells.len=1
error: TEMP_DIAGNOSTIC n_ledger[init]: cells.len=1
error: TEMP_DIAGNOSTIC n_ledger[init]: cells.len=1
error: TEMP_DIAGNOSTIC n_ledger[init]: cells.len=1
error: TEMP_DIAGNOSTIC n_ledger[init]: cells.len=1
error: TEMP_DIAGNOSTIC n_ledger[init]: cells.len=1
error: TEMP_DIAGNOSTIC n_ledger[init]: cells.len=1
error: TEMP_DIAGNOSTIC n_ledger[init]: cells.len=1
error: TEMP_DIAGNOSTIC n_ledger[init]: cells.len=1
error: TEMP_DIAGNOSTIC n_ledger[init]: cells.len=1
error: TEMP_DIAGNOSTIC n_ledger[init]: cells.len=1
error: TEMP_DIAGNOSTIC n_ledger[init]: cells.len=1
error: TEMP_DIAGNOSTIC n_ledger[init]: cells.len=1
error: TEMP_DIAGNOSTIC n_ledger[init]: cells.len=1
error: TEMP_DIAGNOSTIC n_ledger[init]: cells.len=1
error: TEMP_DIAGNOSTIC n_ledger[init]: cells.len=1
error: TEMP_DIAGNOSTIC n_ledger[init]: cells.len=1
error: TEMP_DIAGNOSTIC n_ledger[init]: cells.len=1
error: TEMP_DIAGNOSTIC n_ledger[init]: cells.len=1
error: TEMP_DIAGNOSTIC n_ledger[init]: cells.len=1
error: TEMP_DIAGNOSTIC n_ledger[init]: cells.len=1
error: TEMP_DIAGNOSTIC n_ledger[init]: cells.len=1
error: TEMP_DIAGNOSTIC n_ledger[init]: cells.len=1
error: TEMP_DIAGNOSTIC n_ledger[init]: cells.len=1
error: TEMP_DIAGNOSTIC n_ledger[init]: cells.len=1
error: TEMP_DIAGNOSTIC n_ledger[init]: cells.len=1
error: TEMP_DIAGNOSTIC n_ledger[init]: cells.len=1
error: TEMP_DIAGNOSTIC n_ledger[init]: cells.len=1
error: TEMP_DIAGNOSTIC n_ledger[init]: cells.len=1
error: TEMP_DIAGNOSTIC n_ledger[init]: cells.len=1
error: TEMP_DIAGNOSTIC n_ledger[init]: cells.len=1
info: daily conservation accepted: day=87 year=1998 hour=24 water=2.1914090458073065e-14 heat=1.0753966068211747e-13 oxygen=5.6361422776105405e-14 hydrogen=4.3972568986890604e-16 carbon=3.39626667569434e-13 nitrogen=1.5318957732211364e-14 phosphorus=3.0743520948281252e-12 aluminum=1.399052671732219e-8 iron=3.302317468837752e-5 calcium=2.0462080751505273e-9 magnesium=1.3050642318083583e-1 sodium=7.948109924029962e-6 potassium=1.5358358714316366e-5 sulfur=0e0 chloride=0e0 silicon=7.40481711481305e-7 sand=1e0 silt=1e0 clay=1e0 rock_additive=0e0 cec=6.574723270924827e-3 aec=5.657083508275694e-3
info: day advanced: scene_weather_hours=2088 final_hour_elapsed_ms=266
error: TEMP_DIAGNOSTIC n_ledger[init]: cells.len=1
error: TEMP_DIAGNOSTIC n_ledger[init]: cells.len=1
error: TEMP_DIAGNOSTIC n_ledger[init]: cells.len=1
error: TEMP_DIAGNOSTIC n_ledger[init]: cells.len=1
error: TEMP_DIAGNOSTIC n_ledger[init]: cells.len=1
error: TEMP_DIAGNOSTIC n_ledger[init]: cells.len=1
error: TEMP_DIAGNOSTIC n_ledger[init]: cells.len=1
error: TEMP_DIAGNOSTIC n_ledger[init]: cells.len=1
error: TEMP_DIAGNOSTIC n_ledger[init]: cells.len=1
error: TEMP_DIAGNOSTIC n_ledger[init]: cells.len=1
error: TEMP_DIAGNOSTIC n_ledger[init]: cells.len=1
error: TEMP_DIAGNOSTIC n_ledger[init]: cells.len=1
error: TEMP_DIAGNOSTIC n_ledger[init]: cells.len=1
error: TEMP_DIAGNOSTIC n_ledger[init]: cells.len=1
error: TEMP_DIAGNOSTIC n_ledger[init]: cells.len=1
error: TEMP_DIAGNOSTIC n_ledger[init]: cells.len=1
error: TEMP_DIAGNOSTIC n_ledger[init]: cells.len=1
error: TEMP_DIAGNOSTIC n_ledger[init]: cells.len=1
error: TEMP_DIAGNOSTIC n_ledger[init]: cells.len=1
error: TEMP_DIAGNOSTIC n_ledger[init]: cells.len=1
error: TEMP_DIAGNOSTIC n_ledger[init]: cells.len=1
error: TEMP_DIAGNOSTIC n_ledger[init]: cells.len=1
error: TEMP_DIAGNOSTIC n_ledger[init]: cells.len=1
error: TEMP_DIAGNOSTIC n_ledger[init]: cells.len=1
error: TEMP_DIAGNOSTIC n_ledger[init]: cells.len=1
error: TEMP_DIAGNOSTIC n_ledger[init]: cells.len=1
error: TEMP_DIAGNOSTIC n_ledger[init]: cells.len=1
error: TEMP_DIAGNOSTIC n_ledger[init]: cells.len=1
error: TEMP_DIAGNOSTIC n_ledger[init]: cells.len=1
error: TEMP_DIAGNOSTIC n_ledger[init]: cells.len=1
error: TEMP_DIAGNOSTIC n_ledger[init]: cells.len=1
error: TEMP_DIAGNOSTIC n_ledger[init]: cells.len=1
error: TEMP_DIAGNOSTIC n_ledger[init]: cells.len=1
error: TEMP_DIAGNOSTIC n_ledger[init]: cells.len=1
error: TEMP_DIAGNOSTIC n_ledger[init]: cells.len=1
error: TEMP_DIAGNOSTIC n_ledger[init]: cells.len=1
error: TEMP_DIAGNOSTIC n_ledger[init]: cells.len=1
error: TEMP_DIAGNOSTIC n_ledger[init]: cells.len=1
error: TEMP_DIAGNOSTIC n_ledger[init]: cells.len=1
error: TEMP_DIAGNOSTIC n_ledger[init]: cells.len=1
error: TEMP_DIAGNOSTIC n_ledger[init]: cells.len=1
error: TEMP_DIAGNOSTIC n_ledger[init]: cells.len=1
error: TEMP_DIAGNOSTIC n_ledger[init]: cells.len=1
error: TEMP_DIAGNOSTIC n_ledger[init]: cells.len=1
error: TEMP_DIAGNOSTIC n_ledger[init]: cells.len=1
error: TEMP_DIAGNOSTIC n_ledger[init]: cells.len=1
error: TEMP_DIAGNOSTIC n_ledger[init]: cells.len=1
error: TEMP_DIAGNOSTIC n_ledger[init]: cells.len=1
info: daily conservation accepted: day=88 year=1998 hour=24 water=1.7046818163523964e-14 heat=2.285183267852207e-13 oxygen=5.662165228752097e-14 hydrogen=3.20082220501433e-16 carbon=3.099795241743396e-13 nitrogen=1.3438542277562353e-14 phosphorus=2.8796287893699896e-12 aluminum=1.4411382387873117e-8 iron=3.2913059687461586e-5 calcium=1.4888755931052699e-9 magnesium=6.529069958668517e-2 sodium=4.171801900020361e-6 potassium=8.239258860181209e-6 sulfur=0e0 chloride=0e0 silicon=5.955269383086845e-7 sand=1e0 silt=1e0 clay=1e0 rock_additive=0e0 cec=1.2925376148641825e-2 aec=8.367471454719777e-3
info: day advanced: scene_weather_hours=2112 final_hour_elapsed_ms=2547
error: TEMP_DIAGNOSTIC n_ledger[init]: cells.len=1
error: TEMP_DIAGNOSTIC n_ledger[init]: cells.len=1
error: TEMP_DIAGNOSTIC n_ledger[init]: cells.len=1
error: TEMP_DIAGNOSTIC n_ledger[init]: cells.len=1
error: TEMP_DIAGNOSTIC n_ledger[init]: cells.len=1
error: TEMP_DIAGNOSTIC n_ledger[init]: cells.len=1
error: TEMP_DIAGNOSTIC n_ledger[init]: cells.len=1
error: TEMP_DIAGNOSTIC n_ledger[init]: cells.len=1
error: TEMP_DIAGNOSTIC n_ledger[init]: cells.len=1
error: TEMP_DIAGNOSTIC n_ledger[init]: cells.len=1
error: TEMP_DIAGNOSTIC n_ledger[init]: cells.len=1
error: TEMP_DIAGNOSTIC n_ledger[init]: cells.len=1
error: TEMP_DIAGNOSTIC n_ledger[init]: cells.len=1
error: TEMP_DIAGNOSTIC n_ledger[init]: cells.len=1
error: TEMP_DIAGNOSTIC n_ledger[init]: cells.len=1
error: TEMP_DIAGNOSTIC n_ledger[init]: cells.len=1
error: TEMP_DIAGNOSTIC n_ledger[init]: cells.len=1
error: TEMP_DIAGNOSTIC n_ledger[init]: cells.len=1
error: TEMP_DIAGNOSTIC n_ledger[init]: cells.len=1
error: TEMP_DIAGNOSTIC n_ledger[init]: cells.len=1
error: TEMP_DIAGNOSTIC n_ledger[init]: cells.len=1
error: TEMP_DIAGNOSTIC n_ledger[init]: cells.len=1
error: TEMP_DIAGNOSTIC n_ledger[init]: cells.len=1
error: TEMP_DIAGNOSTIC n_ledger[init]: cells.len=1
error: TEMP_DIAGNOSTIC n_ledger[init]: cells.len=1
error: TEMP_DIAGNOSTIC n_ledger[init]: cells.len=1
error: TEMP_DIAGNOSTIC n_ledger[init]: cells.len=1
error: TEMP_DIAGNOSTIC n_ledger[init]: cells.len=1
error: TEMP_DIAGNOSTIC n_ledger[init]: cells.len=1
error: TEMP_DIAGNOSTIC n_ledger[init]: cells.len=1
error: TEMP_DIAGNOSTIC n_ledger[init]: cells.len=1
error: TEMP_DIAGNOSTIC n_ledger[init]: cells.len=1
error: TEMP_DIAGNOSTIC n_ledger[init]: cells.len=1
error: TEMP_DIAGNOSTIC n_ledger[init]: cells.len=1
error: TEMP_DIAGNOSTIC n_ledger[init]: cells.len=1
error: TEMP_DIAGNOSTIC n_ledger[init]: cells.len=1
error: TEMP_DIAGNOSTIC n_ledger[init]: cells.len=1
error: TEMP_DIAGNOSTIC n_ledger[init]: cells.len=1
error: TEMP_DIAGNOSTIC n_ledger[init]: cells.len=1
error: TEMP_DIAGNOSTIC n_ledger[init]: cells.len=1
error: TEMP_DIAGNOSTIC n_ledger[init]: cells.len=1
error: TEMP_DIAGNOSTIC n_ledger[init]: cells.len=1
error: TEMP_DIAGNOSTIC n_ledger[init]: cells.len=1
error: TEMP_DIAGNOSTIC n_ledger[init]: cells.len=1
error: TEMP_DIAGNOSTIC n_ledger[init]: cells.len=1
error: TEMP_DIAGNOSTIC n_ledger[init]: cells.len=1
error: TEMP_DIAGNOSTIC n_ledger[init]: cells.len=1
error: TEMP_DIAGNOSTIC n_ledger[init]: cells.len=1
info: daily conservation accepted: day=89 year=1998 hour=24 water=1.4688477827028648e-14 heat=3.2267076703377594e-13 oxygen=5.638819122133108e-14 hydrogen=3.670368623158071e-16 carbon=3.877747688741806e-13 nitrogen=1.5861878709810183e-14 phosphorus=2.9663236903142085e-12 aluminum=1.3714820655266155e-8 iron=3.282517812856426e-5 calcium=1.3221365820919443e-9 magnesium=4.8886430680180566e-2 sodium=3.2059781776059583e-6 potassium=6.1316871315135875e-6 sulfur=0e0 chloride=0e0 silicon=5.169463591115899e-7 sand=1e0 silt=1e0 clay=1e0 rock_additive=0e0 cec=1.2701247798367692e-2 aec=8.258952575545757e-3
info: day advanced: scene_weather_hours=2136 final_hour_elapsed_ms=257
error: TEMP_DIAGNOSTIC n_ledger[init]: cells.len=1
error: TEMP_DIAGNOSTIC n_ledger[init]: cells.len=1
error: TEMP_DIAGNOSTIC n_ledger[init]: cells.len=1
error: TEMP_DIAGNOSTIC n_ledger[init]: cells.len=1
error: TEMP_DIAGNOSTIC n_ledger[init]: cells.len=1
error: TEMP_DIAGNOSTIC n_ledger[init]: cells.len=1
error: TEMP_DIAGNOSTIC n_ledger[init]: cells.len=1
error: TEMP_DIAGNOSTIC n_ledger[init]: cells.len=1
error: TEMP_DIAGNOSTIC n_ledger[init]: cells.len=1
error: TEMP_DIAGNOSTIC n_ledger[init]: cells.len=1
error: TEMP_DIAGNOSTIC n_ledger[init]: cells.len=1
error: TEMP_DIAGNOSTIC n_ledger[init]: cells.len=1
error: TEMP_DIAGNOSTIC n_ledger[init]: cells.len=1
error: TEMP_DIAGNOSTIC n_ledger[init]: cells.len=1
error: TEMP_DIAGNOSTIC n_ledger[init]: cells.len=1
error: TEMP_DIAGNOSTIC n_ledger[init]: cells.len=1
error: TEMP_DIAGNOSTIC n_ledger[init]: cells.len=1
error: TEMP_DIAGNOSTIC n_ledger[init]: cells.len=1
error: TEMP_DIAGNOSTIC n_ledger[init]: cells.len=1
error: TEMP_DIAGNOSTIC n_ledger[init]: cells.len=1
error: TEMP_DIAGNOSTIC n_ledger[init]: cells.len=1
error: TEMP_DIAGNOSTIC n_ledger[init]: cells.len=1
error: TEMP_DIAGNOSTIC n_ledger[init]: cells.len=1
error: TEMP_DIAGNOSTIC n_ledger[init]: cells.len=1
error: TEMP_DIAGNOSTIC n_ledger[init]: cells.len=1
error: TEMP_DIAGNOSTIC n_ledger[init]: cells.len=1
error: TEMP_DIAGNOSTIC n_ledger[init]: cells.len=1
error: TEMP_DIAGNOSTIC n_ledger[init]: cells.len=1
error: TEMP_DIAGNOSTIC n_ledger[init]: cells.len=1
error: TEMP_DIAGNOSTIC n_ledger[init]: cells.len=1
error: TEMP_DIAGNOSTIC n_ledger[init]: cells.len=1
error: TEMP_DIAGNOSTIC n_ledger[init]: cells.len=1
error: TEMP_DIAGNOSTIC n_ledger[init]: cells.len=1
error: TEMP_DIAGNOSTIC n_ledger[init]: cells.len=1
error: TEMP_DIAGNOSTIC n_ledger[init]: cells.len=1
error: TEMP_DIAGNOSTIC n_ledger[init]: cells.len=1
error: TEMP_DIAGNOSTIC n_ledger[init]: cells.len=1
error: TEMP_DIAGNOSTIC n_ledger[init]: cells.len=1
error: TEMP_DIAGNOSTIC n_ledger[init]: cells.len=1
error: TEMP_DIAGNOSTIC n_ledger[init]: cells.len=1
error: TEMP_DIAGNOSTIC n_ledger[init]: cells.len=1
error: TEMP_DIAGNOSTIC n_ledger[init]: cells.len=1
error: TEMP_DIAGNOSTIC n_ledger[init]: cells.len=1
error: TEMP_DIAGNOSTIC n_ledger[init]: cells.len=1
error: TEMP_DIAGNOSTIC n_ledger[init]: cells.len=1
error: TEMP_DIAGNOSTIC n_ledger[init]: cells.len=1
error: TEMP_DIAGNOSTIC n_ledger[init]: cells.len=1
error: TEMP_DIAGNOSTIC n_ledger[init]: cells.len=1
info: daily conservation accepted: day=90 year=1998 hour=24 water=1.4974299153670105e-14 heat=3.044337832572805e-13 oxygen=5.599923257883029e-14 hydrogen=3.5617607371771983e-16 carbon=2.791316341496135e-13 nitrogen=1.7636076528481186e-14 phosphorus=2.3562599774072627e-12 aluminum=1.3030549557160364e-8 iron=3.4081021193429364e-5 calcium=1.3342791274895824e-9 magnesium=4.6459828292745316e-2 sodium=3.117995142554772e-6 potassium=5.9656444973840795e-6 sulfur=0e0 chloride=0e0 silicon=3.6564959692267687e-7 sand=1e0 silt=0e0 clay=1e0 rock_additive=0e0 cec=6.280975514009519e-3 aec=1.0879959200153e-2
info: day advanced: scene_weather_hours=2160 final_hour_elapsed_ms=3967
error: TEMP_DIAGNOSTIC n_ledger[init]: cells.len=1
error: TEMP_DIAGNOSTIC n_ledger[init]: cells.len=1
error: TEMP_DIAGNOSTIC n_ledger[init]: cells.len=1
error: TEMP_DIAGNOSTIC n_ledger[init]: cells.len=1
error: TEMP_DIAGNOSTIC n_ledger[init]: cells.len=1
error: TEMP_DIAGNOSTIC n_ledger[init]: cells.len=1
error: TEMP_DIAGNOSTIC n_ledger[init]: cells.len=1
error: TEMP_DIAGNOSTIC n_ledger[init]: cells.len=1
error: TEMP_DIAGNOSTIC n_ledger[init]: cells.len=1
error: TEMP_DIAGNOSTIC n_ledger[init]: cells.len=1
error: TEMP_DIAGNOSTIC n_ledger[init]: cells.len=1
error: TEMP_DIAGNOSTIC n_ledger[init]: cells.len=1
error: TEMP_DIAGNOSTIC n_ledger[init]: cells.len=1
error: TEMP_DIAGNOSTIC n_ledger[init]: cells.len=1
error: TEMP_DIAGNOSTIC n_ledger[init]: cells.len=1
error: TEMP_DIAGNOSTIC n_ledger[init]: cells.len=1
error: TEMP_DIAGNOSTIC n_ledger[init]: cells.len=1
error: TEMP_DIAGNOSTIC n_ledger[init]: cells.len=1
error: TEMP_DIAGNOSTIC n_ledger[init]: cells.len=1
error: TEMP_DIAGNOSTIC n_ledger[init]: cells.len=1
error: TEMP_DIAGNOSTIC n_ledger[init]: cells.len=1
error: TEMP_DIAGNOSTIC n_ledger[init]: cells.len=1
error: TEMP_DIAGNOSTIC n_ledger[init]: cells.len=1
error: TEMP_DIAGNOSTIC n_ledger[init]: cells.len=1
error: TEMP_DIAGNOSTIC n_ledger[init]: cells.len=1
error: TEMP_DIAGNOSTIC n_ledger[init]: cells.len=1
error: TEMP_DIAGNOSTIC n_ledger[init]: cells.len=1
error: TEMP_DIAGNOSTIC n_ledger[init]: cells.len=1
error: TEMP_DIAGNOSTIC n_ledger[init]: cells.len=1
error: TEMP_DIAGNOSTIC n_ledger[init]: cells.len=1
error: TEMP_DIAGNOSTIC n_ledger[init]: cells.len=1
error: TEMP_DIAGNOSTIC n_ledger[init]: cells.len=1
error: TEMP_DIAGNOSTIC n_ledger[init]: cells.len=1
error: TEMP_DIAGNOSTIC n_ledger[init]: cells.len=1
error: TEMP_DIAGNOSTIC n_ledger[init]: cells.len=1
error: TEMP_DIAGNOSTIC n_ledger[init]: cells.len=1
error: TEMP_DIAGNOSTIC n_ledger[init]: cells.len=1
error: TEMP_DIAGNOSTIC n_ledger[init]: cells.len=1
error: TEMP_DIAGNOSTIC n_ledger[init]: cells.len=1
error: TEMP_DIAGNOSTIC n_ledger[init]: cells.len=1
error: TEMP_DIAGNOSTIC n_ledger[init]: cells.len=1
error: TEMP_DIAGNOSTIC n_ledger[init]: cells.len=1
error: TEMP_DIAGNOSTIC n_ledger[init]: cells.len=1
error: TEMP_DIAGNOSTIC n_ledger[init]: cells.len=1
error: TEMP_DIAGNOSTIC n_ledger[init]: cells.len=1
error: TEMP_DIAGNOSTIC n_ledger[init]: cells.len=1
error: TEMP_DIAGNOSTIC n_ledger[init]: cells.len=1
error: TEMP_DIAGNOSTIC n_ledger[init]: cells.len=1
info: daily conservation accepted: day=91 year=1998 hour=24 water=1.402580119741872e-14 heat=2.9205912095288493e-13 oxygen=5.5767406627859764e-14 hydrogen=5.7253988999333e-16 carbon=3.4379234131137834e-13 nitrogen=1.7474833375901357e-14 phosphorus=2.6898815286360306e-12 aluminum=1.3477533744804225e-8 iron=3.316005101802142e-5 calcium=1.3446351002558e-9 magnesium=4.532700354227293e-2 sodium=3.116066412186598e-6 potassium=5.964606737079568e-6 sulfur=0e0 chloride=0e0 silicon=3.449193837054661e-7 sand=1e0 silt=1e0 clay=1e0 rock_additive=0e0 cec=1.2385998016305005e-2 aec=5.348152171642259e-3
info: day advanced: scene_weather_hours=2184 final_hour_elapsed_ms=1640
error: TEMP_DIAGNOSTIC n_ledger[init]: cells.len=1
error: TEMP_DIAGNOSTIC n_ledger[init]: cells.len=1
error: TEMP_DIAGNOSTIC n_ledger[init]: cells.len=1
error: TEMP_DIAGNOSTIC n_ledger[init]: cells.len=1
error: TEMP_DIAGNOSTIC n_ledger[init]: cells.len=1
error: TEMP_DIAGNOSTIC n_ledger[init]: cells.len=1
error: TEMP_DIAGNOSTIC n_ledger[init]: cells.len=1
error: TEMP_DIAGNOSTIC n_ledger[init]: cells.len=1
error: TEMP_DIAGNOSTIC n_ledger[init]: cells.len=1
error: TEMP_DIAGNOSTIC n_ledger[init]: cells.len=1
error: TEMP_DIAGNOSTIC n_ledger[init]: cells.len=1
error: TEMP_DIAGNOSTIC n_ledger[init]: cells.len=1
error: TEMP_DIAGNOSTIC n_ledger[init]: cells.len=1
error: TEMP_DIAGNOSTIC n_ledger[init]: cells.len=1
error: TEMP_DIAGNOSTIC n_ledger[init]: cells.len=1
error: TEMP_DIAGNOSTIC n_ledger[init]: cells.len=1
error: TEMP_DIAGNOSTIC n_ledger[init]: cells.len=1
error: TEMP_DIAGNOSTIC n_ledger[init]: cells.len=1
error: TEMP_DIAGNOSTIC n_ledger[init]: cells.len=1
error: TEMP_DIAGNOSTIC n_ledger[init]: cells.len=1
error: TEMP_DIAGNOSTIC n_ledger[init]: cells.len=1
error: TEMP_DIAGNOSTIC n_ledger[init]: cells.len=1
error: TEMP_DIAGNOSTIC n_ledger[init]: cells.len=1
error: TEMP_DIAGNOSTIC n_ledger[init]: cells.len=1
error: TEMP_DIAGNOSTIC n_ledger[init]: cells.len=1
error: TEMP_DIAGNOSTIC n_ledger[init]: cells.len=1
error: TEMP_DIAGNOSTIC n_ledger[init]: cells.len=1
error: TEMP_DIAGNOSTIC n_ledger[init]: cells.len=1
error: TEMP_DIAGNOSTIC n_ledger[init]: cells.len=1
error: TEMP_DIAGNOSTIC n_ledger[init]: cells.len=1
error: TEMP_DIAGNOSTIC n_ledger[init]: cells.len=1
error: TEMP_DIAGNOSTIC n_ledger[init]: cells.len=1
error: TEMP_DIAGNOSTIC n_ledger[init]: cells.len=1
error: TEMP_DIAGNOSTIC n_ledger[init]: cells.len=1
error: TEMP_DIAGNOSTIC n_ledger[init]: cells.len=1
error: TEMP_DIAGNOSTIC n_ledger[init]: cells.len=1
error: TEMP_DIAGNOSTIC n_ledger[init]: cells.len=1
error: TEMP_DIAGNOSTIC n_ledger[init]: cells.len=1
error: TEMP_DIAGNOSTIC n_ledger[init]: cells.len=1
error: TEMP_DIAGNOSTIC n_ledger[init]: cells.len=1
error: TEMP_DIAGNOSTIC n_ledger[init]: cells.len=1
error: TEMP_DIAGNOSTIC n_ledger[init]: cells.len=1
error: TEMP_DIAGNOSTIC n_ledger[init]: cells.len=1
error: TEMP_DIAGNOSTIC n_ledger[init]: cells.len=1
error: TEMP_DIAGNOSTIC n_ledger[init]: cells.len=1
error: TEMP_DIAGNOSTIC n_ledger[init]: cells.len=1
error: TEMP_DIAGNOSTIC n_ledger[init]: cells.len=1
error: TEMP_DIAGNOSTIC n_ledger[init]: cells.len=1
info: daily conservation accepted: day=92 year=1998 hour=24 water=1.4460870460986404e-14 heat=2.8614755121065243e-13 oxygen=5.56895287137486e-14 hydrogen=2.683967467319159e-16 carbon=3.948250130370567e-13 nitrogen=1.7370727695187107e-14 phosphorus=2.5530762715638123e-12 aluminum=1.301887419489058e-8 iron=2.9695874308301812e-5 calcium=1.3092422311737946e-9 magnesium=4.089853054927262e-2 sodium=2.9416155950855214e-6 potassium=5.466714305886011e-6 sulfur=0e0 chloride=0e0 silicon=3.224214759946609e-7 sand=1e0 silt=1e0 clay=1e0 rock_additive=0e0 cec=1.2263766796809504e-2 aec=7.927169133585186e-3
info: day advanced: scene_weather_hours=2208 final_hour_elapsed_ms=1693
error: TEMP_DIAGNOSTIC n_ledger[init]: cells.len=1
error: TEMP_DIAGNOSTIC n_ledger[init]: cells.len=1
error: TEMP_DIAGNOSTIC n_ledger[init]: cells.len=1
error: TEMP_DIAGNOSTIC n_ledger[init]: cells.len=1
error: TEMP_DIAGNOSTIC n_ledger[init]: cells.len=1
error: TEMP_DIAGNOSTIC n_ledger[init]: cells.len=1
error: TEMP_DIAGNOSTIC n_ledger[init]: cells.len=1
error: TEMP_DIAGNOSTIC n_ledger[init]: cells.len=1
error: TEMP_DIAGNOSTIC n_ledger[init]: cells.len=1
error: TEMP_DIAGNOSTIC n_ledger[init]: cells.len=1
error: TEMP_DIAGNOSTIC n_ledger[init]: cells.len=1
error: TEMP_DIAGNOSTIC n_ledger[init]: cells.len=1
error: TEMP_DIAGNOSTIC n_ledger[init]: cells.len=1
error: TEMP_DIAGNOSTIC n_ledger[init]: cells.len=1
error: TEMP_DIAGNOSTIC n_ledger[init]: cells.len=1
error: TEMP_DIAGNOSTIC n_ledger[init]: cells.len=1
error: TEMP_DIAGNOSTIC n_ledger[init]: cells.len=1
error: TEMP_DIAGNOSTIC n_ledger[init]: cells.len=1
error: TEMP_DIAGNOSTIC n_ledger[init]: cells.len=1
error: TEMP_DIAGNOSTIC n_ledger[init]: cells.len=1
error: TEMP_DIAGNOSTIC n_ledger[init]: cells.len=1
error: TEMP_DIAGNOSTIC n_ledger[init]: cells.len=1
error: TEMP_DIAGNOSTIC n_ledger[init]: cells.len=1
error: TEMP_DIAGNOSTIC n_ledger[init]: cells.len=1
error: TEMP_DIAGNOSTIC n_ledger[init]: cells.len=1
error: TEMP_DIAGNOSTIC n_ledger[init]: cells.len=1
error: TEMP_DIAGNOSTIC n_ledger[init]: cells.len=1
error: TEMP_DIAGNOSTIC n_ledger[init]: cells.len=1
error: TEMP_DIAGNOSTIC n_ledger[init]: cells.len=1
error: TEMP_DIAGNOSTIC n_ledger[init]: cells.len=1
error: TEMP_DIAGNOSTIC n_ledger[init]: cells.len=1
error: TEMP_DIAGNOSTIC n_ledger[init]: cells.len=1
error: TEMP_DIAGNOSTIC n_ledger[init]: cells.len=1
error: TEMP_DIAGNOSTIC n_ledger[init]: cells.len=1
error: TEMP_DIAGNOSTIC n_ledger[init]: cells.len=1
error: TEMP_DIAGNOSTIC n_ledger[init]: cells.len=1
error: TEMP_DIAGNOSTIC n_ledger[init]: cells.len=1
error: TEMP_DIAGNOSTIC n_ledger[init]: cells.len=1
error: TEMP_DIAGNOSTIC n_ledger[init]: cells.len=1
error: TEMP_DIAGNOSTIC n_ledger[init]: cells.len=1
error: TEMP_DIAGNOSTIC n_ledger[init]: cells.len=1
error: TEMP_DIAGNOSTIC n_ledger[init]: cells.len=1
error: TEMP_DIAGNOSTIC n_ledger[init]: cells.len=1
error: TEMP_DIAGNOSTIC n_ledger[init]: cells.len=1
error: TEMP_DIAGNOSTIC n_ledger[init]: cells.len=1
error: TEMP_DIAGNOSTIC n_ledger[init]: cells.len=1
error: TEMP_DIAGNOSTIC n_ledger[init]: cells.len=1
error: TEMP_DIAGNOSTIC n_ledger[init]: cells.len=1
info: daily conservation accepted: day=93 year=1998 hour=24 water=1.570446072151353e-14 heat=2.888302369596779e-13 oxygen=5.56028832023382e-14 hydrogen=3.237694635477229e-16 carbon=3.143856999041287e-13 nitrogen=1.6713287683021767e-14 phosphorus=2.552654019989222e-12 aluminum=1.099204558792538e-8 iron=2.679695737121234e-5 calcium=9.70036707686697e-10 magnesium=3.6901450913456715e-2 sodium=2.508009626478722e-6 potassium=4.802873788597131e-6 sulfur=0e0 chloride=0e0 silicon=2.734111556966017e-7 sand=1e0 silt=1e0 clay=1e0 rock_additive=0e0 cec=6.062759029011249e-3 aec=7.848106439943592e-3
info: day advanced: scene_weather_hours=2232 final_hour_elapsed_ms=1695
error: TEMP_DIAGNOSTIC n_ledger[init]: cells.len=1
error: TEMP_DIAGNOSTIC n_ledger[init]: cells.len=1
error: TEMP_DIAGNOSTIC n_ledger[init]: cells.len=1
error: TEMP_DIAGNOSTIC n_ledger[init]: cells.len=1
error: TEMP_DIAGNOSTIC n_ledger[init]: cells.len=1
error: TEMP_DIAGNOSTIC n_ledger[init]: cells.len=1
error: TEMP_DIAGNOSTIC n_ledger[init]: cells.len=1
error: TEMP_DIAGNOSTIC n_ledger[init]: cells.len=1
error: TEMP_DIAGNOSTIC n_ledger[init]: cells.len=1
error: TEMP_DIAGNOSTIC n_ledger[init]: cells.len=1
error: TEMP_DIAGNOSTIC n_ledger[init]: cells.len=1
error: TEMP_DIAGNOSTIC n_ledger[init]: cells.len=1
error: TEMP_DIAGNOSTIC n_ledger[init]: cells.len=1
error: TEMP_DIAGNOSTIC n_ledger[init]: cells.len=1
error: TEMP_DIAGNOSTIC n_ledger[init]: cells.len=1
error: TEMP_DIAGNOSTIC n_ledger[init]: cells.len=1
error: TEMP_DIAGNOSTIC n_ledger[init]: cells.len=1
error: TEMP_DIAGNOSTIC n_ledger[init]: cells.len=1
error: TEMP_DIAGNOSTIC n_ledger[init]: cells.len=1
error: TEMP_DIAGNOSTIC n_ledger[init]: cells.len=1
error: TEMP_DIAGNOSTIC n_ledger[init]: cells.len=1
error: TEMP_DIAGNOSTIC n_ledger[init]: cells.len=1
error: TEMP_DIAGNOSTIC n_ledger[init]: cells.len=1
error: TEMP_DIAGNOSTIC n_ledger[init]: cells.len=1
error: TEMP_DIAGNOSTIC n_ledger[init]: cells.len=1
error: TEMP_DIAGNOSTIC n_ledger[init]: cells.len=1
error: TEMP_DIAGNOSTIC n_ledger[init]: cells.len=1
error: TEMP_DIAGNOSTIC n_ledger[init]: cells.len=1
error: TEMP_DIAGNOSTIC n_ledger[init]: cells.len=1
error: TEMP_DIAGNOSTIC n_ledger[init]: cells.len=1
error: TEMP_DIAGNOSTIC n_ledger[init]: cells.len=1
error: TEMP_DIAGNOSTIC n_ledger[init]: cells.len=1
error: TEMP_DIAGNOSTIC n_ledger[init]: cells.len=1
error: TEMP_DIAGNOSTIC n_ledger[init]: cells.len=1
error: TEMP_DIAGNOSTIC n_ledger[init]: cells.len=1
error: TEMP_DIAGNOSTIC n_ledger[init]: cells.len=1
error: TEMP_DIAGNOSTIC n_ledger[init]: cells.len=1
error: TEMP_DIAGNOSTIC n_ledger[init]: cells.len=1
error: TEMP_DIAGNOSTIC n_ledger[init]: cells.len=1
error: TEMP_DIAGNOSTIC n_ledger[init]: cells.len=1
error: TEMP_DIAGNOSTIC n_ledger[init]: cells.len=1
error: TEMP_DIAGNOSTIC n_ledger[init]: cells.len=1
error: TEMP_DIAGNOSTIC n_ledger[init]: cells.len=1
error: TEMP_DIAGNOSTIC n_ledger[init]: cells.len=1
error: TEMP_DIAGNOSTIC n_ledger[init]: cells.len=1
error: TEMP_DIAGNOSTIC n_ledger[init]: cells.len=1
error: TEMP_DIAGNOSTIC n_ledger[init]: cells.len=1
error: TEMP_DIAGNOSTIC n_ledger[init]: cells.len=1
info: daily conservation accepted: day=94 year=1998 hour=24 water=1.6427817484117798e-14 heat=2.9385365333923114e-13 oxygen=5.551662890784308e-14 hydrogen=5.8150021883612265e-16 carbon=3.908151090913959e-13 nitrogen=1.8440695300373064e-14 phosphorus=2.6195700930036264e-12 aluminum=1.1215082616707764e-8 iron=2.7562350465852107e-5 calcium=9.698634298985459e-10 magnesium=3.812567982495039e-2 sodium=2.593430251780306e-6 potassium=4.966546643866273e-6 sulfur=0e0 chloride=0e0 silicon=2.816375011676654e-7 sand=1e0 silt=0e0 clay=1e0 rock_additive=0e0 cec=1.1952842301855959e-2 aec=5.156923572781112e-3
info: day advanced: scene_weather_hours=2256 final_hour_elapsed_ms=1551
error: TEMP_DIAGNOSTIC n_ledger[init]: cells.len=1
error: TEMP_DIAGNOSTIC n_ledger[init]: cells.len=1
error: TEMP_DIAGNOSTIC n_ledger[init]: cells.len=1
error: TEMP_DIAGNOSTIC n_ledger[init]: cells.len=1
error: TEMP_DIAGNOSTIC n_ledger[init]: cells.len=1
error: TEMP_DIAGNOSTIC n_ledger[init]: cells.len=1
error: TEMP_DIAGNOSTIC n_ledger[init]: cells.len=1
error: TEMP_DIAGNOSTIC n_ledger[init]: cells.len=1
error: TEMP_DIAGNOSTIC n_ledger[init]: cells.len=1
error: TEMP_DIAGNOSTIC n_ledger[init]: cells.len=1
error: TEMP_DIAGNOSTIC n_ledger[init]: cells.len=1
error: TEMP_DIAGNOSTIC n_ledger[init]: cells.len=1
error: TEMP_DIAGNOSTIC n_ledger[init]: cells.len=1
error: TEMP_DIAGNOSTIC n_ledger[init]: cells.len=1
error: TEMP_DIAGNOSTIC n_ledger[init]: cells.len=1
error: TEMP_DIAGNOSTIC n_ledger[init]: cells.len=1
error: TEMP_DIAGNOSTIC n_ledger[init]: cells.len=1
error: TEMP_DIAGNOSTIC n_ledger[init]: cells.len=1
error: TEMP_DIAGNOSTIC n_ledger[init]: cells.len=1
error: TEMP_DIAGNOSTIC n_ledger[init]: cells.len=1
error: TEMP_DIAGNOSTIC n_ledger[init]: cells.len=1
error: TEMP_DIAGNOSTIC n_ledger[init]: cells.len=1
error: TEMP_DIAGNOSTIC n_ledger[init]: cells.len=1
error: TEMP_DIAGNOSTIC n_ledger[init]: cells.len=1
error: TEMP_DIAGNOSTIC n_ledger[init]: cells.len=1
error: TEMP_DIAGNOSTIC n_ledger[init]: cells.len=1
error: TEMP_DIAGNOSTIC n_ledger[init]: cells.len=1
error: TEMP_DIAGNOSTIC n_ledger[init]: cells.len=1
error: TEMP_DIAGNOSTIC n_ledger[init]: cells.len=1
error: TEMP_DIAGNOSTIC n_ledger[init]: cells.len=1
error: TEMP_DIAGNOSTIC n_ledger[init]: cells.len=1
error: TEMP_DIAGNOSTIC n_ledger[init]: cells.len=1
error: TEMP_DIAGNOSTIC n_ledger[init]: cells.len=1
error: TEMP_DIAGNOSTIC n_ledger[init]: cells.len=1
error: TEMP_DIAGNOSTIC n_ledger[init]: cells.len=1
error: TEMP_DIAGNOSTIC n_ledger[init]: cells.len=1
error: TEMP_DIAGNOSTIC n_ledger[init]: cells.len=1
error: TEMP_DIAGNOSTIC n_ledger[init]: cells.len=1
error: TEMP_DIAGNOSTIC n_ledger[init]: cells.len=1
error: TEMP_DIAGNOSTIC n_ledger[init]: cells.len=1
error: TEMP_DIAGNOSTIC n_ledger[init]: cells.len=1
error: TEMP_DIAGNOSTIC n_ledger[init]: cells.len=1
error: TEMP_DIAGNOSTIC n_ledger[init]: cells.len=1
error: TEMP_DIAGNOSTIC n_ledger[init]: cells.len=1
error: TEMP_DIAGNOSTIC n_ledger[init]: cells.len=1
error: TEMP_DIAGNOSTIC n_ledger[init]: cells.len=1
error: TEMP_DIAGNOSTIC n_ledger[init]: cells.len=1
error: TEMP_DIAGNOSTIC n_ledger[init]: cells.len=1
info: daily conservation accepted: day=95 year=1998 hour=24 water=1.7547734571798746e-14 heat=2.972868477025629e-13 oxygen=5.5511581937204237e-14 hydrogen=5.1032254537610355e-16 carbon=2.848080614916688e-13 nitrogen=1.7783665600370068e-14 phosphorus=2.7535799433388995e-12 aluminum=1.1428562774188443e-8 iron=2.748369726895442e-5 calcium=9.573455968689703e-10 magnesium=3.5363730419973705e-2 sodium=2.59171908713626e-6 potassium=4.7987060032118465e-6 sulfur=0e0 chloride=0e0 silicon=2.75051866864322e-7 sand=1e0 silt=1e0 clay=1e0 rock_additive=0e0 cec=0e0 aec=7.653823922186123e-3
info: day advanced: scene_weather_hours=2280 final_hour_elapsed_ms=1707
error: TEMP_DIAGNOSTIC n_ledger[init]: cells.len=1
error: TEMP_DIAGNOSTIC n_ledger[init]: cells.len=1
error: TEMP_DIAGNOSTIC n_ledger[init]: cells.len=1
error: TEMP_DIAGNOSTIC n_ledger[init]: cells.len=1
error: TEMP_DIAGNOSTIC n_ledger[init]: cells.len=1
error: TEMP_DIAGNOSTIC n_ledger[init]: cells.len=1
error: TEMP_DIAGNOSTIC n_ledger[init]: cells.len=1
error: TEMP_DIAGNOSTIC n_ledger[init]: cells.len=1
error: TEMP_DIAGNOSTIC n_ledger[init]: cells.len=1
error: TEMP_DIAGNOSTIC n_ledger[init]: cells.len=1
error: TEMP_DIAGNOSTIC n_ledger[init]: cells.len=1
error: TEMP_DIAGNOSTIC n_ledger[init]: cells.len=1
error: TEMP_DIAGNOSTIC n_ledger[init]: cells.len=1
error: TEMP_DIAGNOSTIC n_ledger[init]: cells.len=1
error: TEMP_DIAGNOSTIC n_ledger[init]: cells.len=1
error: TEMP_DIAGNOSTIC n_ledger[init]: cells.len=1
error: TEMP_DIAGNOSTIC n_ledger[init]: cells.len=1
error: TEMP_DIAGNOSTIC n_ledger[init]: cells.len=1
error: TEMP_DIAGNOSTIC n_ledger[init]: cells.len=1
error: TEMP_DIAGNOSTIC n_ledger[init]: cells.len=1
error: TEMP_DIAGNOSTIC n_ledger[init]: cells.len=1
error: TEMP_DIAGNOSTIC n_ledger[init]: cells.len=1
error: TEMP_DIAGNOSTIC n_ledger[init]: cells.len=1
error: TEMP_DIAGNOSTIC n_ledger[init]: cells.len=1
error: TEMP_DIAGNOSTIC n_ledger[init]: cells.len=1
error: TEMP_DIAGNOSTIC n_ledger[init]: cells.len=1
error: TEMP_DIAGNOSTIC n_ledger[init]: cells.len=1
error: TEMP_DIAGNOSTIC n_ledger[init]: cells.len=1
error: TEMP_DIAGNOSTIC n_ledger[init]: cells.len=1
error: TEMP_DIAGNOSTIC n_ledger[init]: cells.len=1
error: TEMP_DIAGNOSTIC n_ledger[init]: cells.len=1
error: TEMP_DIAGNOSTIC n_ledger[init]: cells.len=1
error: TEMP_DIAGNOSTIC n_ledger[init]: cells.len=1
error: TEMP_DIAGNOSTIC n_ledger[init]: cells.len=1
error: TEMP_DIAGNOSTIC n_ledger[init]: cells.len=1
error: TEMP_DIAGNOSTIC n_ledger[init]: cells.len=1
error: TEMP_DIAGNOSTIC n_ledger[init]: cells.len=1
error: TEMP_DIAGNOSTIC n_ledger[init]: cells.len=1
error: TEMP_DIAGNOSTIC n_ledger[init]: cells.len=1
error: TEMP_DIAGNOSTIC n_ledger[init]: cells.len=1
error: TEMP_DIAGNOSTIC n_ledger[init]: cells.len=1
error: TEMP_DIAGNOSTIC n_ledger[init]: cells.len=1
error: TEMP_DIAGNOSTIC n_ledger[init]: cells.len=1
error: TEMP_DIAGNOSTIC n_ledger[init]: cells.len=1
error: TEMP_DIAGNOSTIC n_ledger[init]: cells.len=1
error: TEMP_DIAGNOSTIC n_ledger[init]: cells.len=1
error: TEMP_DIAGNOSTIC n_ledger[init]: cells.len=1
error: TEMP_DIAGNOSTIC n_ledger[init]: cells.len=1
info: daily conservation accepted: day=96 year=1998 hour=24 water=1.8032504229185872e-14 heat=3.031566314025458e-13 oxygen=5.5512221015248876e-14 hydrogen=5.870600706949255e-16 carbon=3.986980669034513e-13 nitrogen=1.5363091554632993e-14 phosphorus=2.68604413041326e-12 aluminum=1.163125897836491e-8 iron=2.7853684606797507e-5 calcium=9.312006171784874e-10 magnesium=3.830153370419442e-2 sodium=2.7618527927547225e-6 potassium=5.126731118227723e-6 sulfur=0e0 chloride=0e0 silicon=2.7610465111718714e-7 sand=1e0 silt=0e0 clay=1e0 rock_additive=0e0 cec=5.841014876334763e-3 aec=5.036395829234704e-3
info: day advanced: scene_weather_hours=2304 final_hour_elapsed_ms=1755
error: TEMP_DIAGNOSTIC n_ledger[init]: cells.len=1
error: TEMP_DIAGNOSTIC n_ledger[init]: cells.len=1
error: TEMP_DIAGNOSTIC n_ledger[init]: cells.len=1
error: TEMP_DIAGNOSTIC n_ledger[init]: cells.len=1
error: TEMP_DIAGNOSTIC n_ledger[init]: cells.len=1
error: TEMP_DIAGNOSTIC n_ledger[init]: cells.len=1
error: TEMP_DIAGNOSTIC n_ledger[init]: cells.len=1
error: TEMP_DIAGNOSTIC n_ledger[init]: cells.len=1
error: TEMP_DIAGNOSTIC n_ledger[init]: cells.len=1
error: TEMP_DIAGNOSTIC n_ledger[init]: cells.len=1
error: TEMP_DIAGNOSTIC n_ledger[init]: cells.len=1
error: TEMP_DIAGNOSTIC n_ledger[init]: cells.len=1
error: TEMP_DIAGNOSTIC n_ledger[init]: cells.len=1
error: TEMP_DIAGNOSTIC n_ledger[init]: cells.len=1
error: TEMP_DIAGNOSTIC n_ledger[init]: cells.len=1
error: TEMP_DIAGNOSTIC n_ledger[init]: cells.len=1
error: TEMP_DIAGNOSTIC n_ledger[init]: cells.len=1
error: TEMP_DIAGNOSTIC n_ledger[init]: cells.len=1
error: TEMP_DIAGNOSTIC n_ledger[init]: cells.len=1
error: TEMP_DIAGNOSTIC n_ledger[init]: cells.len=1
error: TEMP_DIAGNOSTIC n_ledger[init]: cells.len=1
error: TEMP_DIAGNOSTIC n_ledger[init]: cells.len=1
error: TEMP_DIAGNOSTIC n_ledger[init]: cells.len=1
error: TEMP_DIAGNOSTIC n_ledger[init]: cells.len=1
error: TEMP_DIAGNOSTIC n_ledger[init]: cells.len=1
error: TEMP_DIAGNOSTIC n_ledger[init]: cells.len=1
error: TEMP_DIAGNOSTIC n_ledger[init]: cells.len=1
error: TEMP_DIAGNOSTIC n_ledger[init]: cells.len=1
error: TEMP_DIAGNOSTIC n_ledger[init]: cells.len=1
error: TEMP_DIAGNOSTIC n_ledger[init]: cells.len=1
error: TEMP_DIAGNOSTIC n_ledger[init]: cells.len=1
error: TEMP_DIAGNOSTIC n_ledger[init]: cells.len=1
error: TEMP_DIAGNOSTIC n_ledger[init]: cells.len=1
error: TEMP_DIAGNOSTIC n_ledger[init]: cells.len=1
error: TEMP_DIAGNOSTIC n_ledger[init]: cells.len=1
error: TEMP_DIAGNOSTIC n_ledger[init]: cells.len=1
error: TEMP_DIAGNOSTIC n_ledger[init]: cells.len=1
error: TEMP_DIAGNOSTIC n_ledger[init]: cells.len=1
error: TEMP_DIAGNOSTIC n_ledger[init]: cells.len=1
error: TEMP_DIAGNOSTIC n_ledger[init]: cells.len=1
error: TEMP_DIAGNOSTIC n_ledger[init]: cells.len=1
error: TEMP_DIAGNOSTIC n_ledger[init]: cells.len=1
error: TEMP_DIAGNOSTIC n_ledger[init]: cells.len=1
error: TEMP_DIAGNOSTIC n_ledger[init]: cells.len=1
error: TEMP_DIAGNOSTIC n_ledger[init]: cells.len=1
error: TEMP_DIAGNOSTIC n_ledger[init]: cells.len=1
error: TEMP_DIAGNOSTIC n_ledger[init]: cells.len=1
error: TEMP_DIAGNOSTIC n_ledger[init]: cells.len=1
info: daily conservation accepted: day=97 year=1998 hour=24 water=1.8069075384732788e-14 heat=3.043161119827321e-13 oxygen=5.545172878974476e-14 hydrogen=5.567682153307901e-16 carbon=3.4491099097625127e-13 nitrogen=1.590371116874451e-14 phosphorus=2.819888099730136e-12 aluminum=1.1835251178358802e-8 iron=2.74600560772103e-5 calcium=7.240340438304743e-10 magnesium=3.519819220191807e-2 sodium=2.672601072516332e-6 potassium=4.9580192722388364e-6 sulfur=0e0 chloride=0e0 silicon=2.512346919302087e-7 sand=1e0 silt=1e0 clay=1e0 rock_additive=0e0 cec=5.767064654201397e-3 aec=4.982095593959209e-3
info: day advanced: scene_weather_hours=2328 final_hour_elapsed_ms=1409
error: TEMP_DIAGNOSTIC n_ledger[init]: cells.len=1
error: TEMP_DIAGNOSTIC n_ledger[init]: cells.len=1
error: TEMP_DIAGNOSTIC n_ledger[init]: cells.len=1
error: TEMP_DIAGNOSTIC n_ledger[init]: cells.len=1
error: TEMP_DIAGNOSTIC n_ledger[init]: cells.len=1
error: TEMP_DIAGNOSTIC n_ledger[init]: cells.len=1
error: TEMP_DIAGNOSTIC n_ledger[init]: cells.len=1
error: TEMP_DIAGNOSTIC n_ledger[init]: cells.len=1
error: TEMP_DIAGNOSTIC n_ledger[init]: cells.len=1
error: TEMP_DIAGNOSTIC n_ledger[init]: cells.len=1
error: TEMP_DIAGNOSTIC n_ledger[init]: cells.len=1
error: TEMP_DIAGNOSTIC n_ledger[init]: cells.len=1
error: TEMP_DIAGNOSTIC n_ledger[init]: cells.len=1
error: TEMP_DIAGNOSTIC n_ledger[init]: cells.len=1
error: TEMP_DIAGNOSTIC n_ledger[init]: cells.len=1
error: TEMP_DIAGNOSTIC n_ledger[init]: cells.len=1
error: TEMP_DIAGNOSTIC n_ledger[init]: cells.len=1
error: TEMP_DIAGNOSTIC n_ledger[init]: cells.len=1
error: TEMP_DIAGNOSTIC n_ledger[init]: cells.len=1
error: TEMP_DIAGNOSTIC n_ledger[init]: cells.len=1
error: TEMP_DIAGNOSTIC n_ledger[init]: cells.len=1
error: TEMP_DIAGNOSTIC n_ledger[init]: cells.len=1
error: TEMP_DIAGNOSTIC n_ledger[init]: cells.len=1
error: TEMP_DIAGNOSTIC n_ledger[init]: cells.len=1
error: TEMP_DIAGNOSTIC n_ledger[init]: cells.len=1
error: TEMP_DIAGNOSTIC n_ledger[init]: cells.len=1
error: TEMP_DIAGNOSTIC n_ledger[init]: cells.len=1
error: TEMP_DIAGNOSTIC n_ledger[init]: cells.len=1
error: TEMP_DIAGNOSTIC n_ledger[init]: cells.len=1
error: TEMP_DIAGNOSTIC n_ledger[init]: cells.len=1
error: TEMP_DIAGNOSTIC n_ledger[init]: cells.len=1
error: TEMP_DIAGNOSTIC n_ledger[init]: cells.len=1
error: TEMP_DIAGNOSTIC n_ledger[init]: cells.len=1
error: TEMP_DIAGNOSTIC n_ledger[init]: cells.len=1
error: TEMP_DIAGNOSTIC n_ledger[init]: cells.len=1
error: TEMP_DIAGNOSTIC n_ledger[init]: cells.len=1
error: TEMP_DIAGNOSTIC n_ledger[init]: cells.len=1
error: TEMP_DIAGNOSTIC n_ledger[init]: cells.len=1
error: TEMP_DIAGNOSTIC n_ledger[init]: cells.len=1
error: TEMP_DIAGNOSTIC n_ledger[init]: cells.len=1
error: TEMP_DIAGNOSTIC n_ledger[init]: cells.len=1
error: TEMP_DIAGNOSTIC n_ledger[init]: cells.len=1
error: TEMP_DIAGNOSTIC n_ledger[init]: cells.len=1
error: TEMP_DIAGNOSTIC n_ledger[init]: cells.len=1
error: TEMP_DIAGNOSTIC n_ledger[init]: cells.len=1
error: TEMP_DIAGNOSTIC n_ledger[init]: cells.len=1
error: TEMP_DIAGNOSTIC n_ledger[init]: cells.len=1
error: TEMP_DIAGNOSTIC n_ledger[init]: cells.len=1
info: daily conservation accepted: day=98 year=1998 hour=24 water=1.896518360502903e-14 heat=3.049775992113693e-13 oxygen=5.546899660792578e-14 hydrogen=4.857354473583372e-16 carbon=4.05930541695451e-13 nitrogen=1.5266414491420067e-14 phosphorus=2.685104265486362e-12 aluminum=1.1594794823221463e-8 iron=2.7839593267323836e-5 calcium=7.046679362044854e-10 magnesium=3.1057123002732064e-2 sodium=2.410999329190601e-6 potassium=4.293569861198453e-6 sulfur=0e0 chloride=0e0 silicon=2.326235910918254e-7 sand=1e0 silt=1e0 clay=1e0 rock_additive=0e0 cec=0e0 aec=7.402266944251677e-3
info: day advanced: scene_weather_hours=2352 final_hour_elapsed_ms=1611
error: TEMP_DIAGNOSTIC n_ledger[init]: cells.len=1
error: TEMP_DIAGNOSTIC n_ledger[init]: cells.len=1
error: TEMP_DIAGNOSTIC n_ledger[init]: cells.len=1
error: TEMP_DIAGNOSTIC n_ledger[init]: cells.len=1
error: TEMP_DIAGNOSTIC n_ledger[init]: cells.len=1
error: TEMP_DIAGNOSTIC n_ledger[init]: cells.len=1
error: TEMP_DIAGNOSTIC n_ledger[init]: cells.len=1
error: TEMP_DIAGNOSTIC n_ledger[init]: cells.len=1
error: TEMP_DIAGNOSTIC n_ledger[init]: cells.len=1
error: TEMP_DIAGNOSTIC n_ledger[init]: cells.len=1
error: TEMP_DIAGNOSTIC n_ledger[init]: cells.len=1
error: TEMP_DIAGNOSTIC n_ledger[init]: cells.len=1
error: TEMP_DIAGNOSTIC n_ledger[init]: cells.len=1
error: TEMP_DIAGNOSTIC n_ledger[init]: cells.len=1
error: TEMP_DIAGNOSTIC n_ledger[init]: cells.len=1
error: TEMP_DIAGNOSTIC n_ledger[init]: cells.len=1
error: TEMP_DIAGNOSTIC n_ledger[init]: cells.len=1
error: TEMP_DIAGNOSTIC n_ledger[init]: cells.len=1
error: TEMP_DIAGNOSTIC n_ledger[init]: cells.len=1
error: TEMP_DIAGNOSTIC n_ledger[init]: cells.len=1
error: TEMP_DIAGNOSTIC n_ledger[init]: cells.len=1
error: TEMP_DIAGNOSTIC n_ledger[init]: cells.len=1
error: TEMP_DIAGNOSTIC n_ledger[init]: cells.len=1
error: TEMP_DIAGNOSTIC n_ledger[init]: cells.len=1
error: TEMP_DIAGNOSTIC n_ledger[init]: cells.len=1
error: TEMP_DIAGNOSTIC n_ledger[init]: cells.len=1
error: TEMP_DIAGNOSTIC n_ledger[init]: cells.len=1
error: TEMP_DIAGNOSTIC n_ledger[init]: cells.len=1
error: TEMP_DIAGNOSTIC n_ledger[init]: cells.len=1
error: TEMP_DIAGNOSTIC n_ledger[init]: cells.len=1
error: TEMP_DIAGNOSTIC n_ledger[init]: cells.len=1
error: TEMP_DIAGNOSTIC n_ledger[init]: cells.len=1
error: TEMP_DIAGNOSTIC n_ledger[init]: cells.len=1
error: TEMP_DIAGNOSTIC n_ledger[init]: cells.len=1
error: TEMP_DIAGNOSTIC n_ledger[init]: cells.len=1
error: TEMP_DIAGNOSTIC n_ledger[init]: cells.len=1
error: TEMP_DIAGNOSTIC n_ledger[init]: cells.len=1
error: TEMP_DIAGNOSTIC n_ledger[init]: cells.len=1
error: TEMP_DIAGNOSTIC n_ledger[init]: cells.len=1
error: TEMP_DIAGNOSTIC n_ledger[init]: cells.len=1
error: TEMP_DIAGNOSTIC n_ledger[init]: cells.len=1
error: TEMP_DIAGNOSTIC n_ledger[init]: cells.len=1
error: TEMP_DIAGNOSTIC n_ledger[init]: cells.len=1
error: TEMP_DIAGNOSTIC n_ledger[init]: cells.len=1
error: TEMP_DIAGNOSTIC n_ledger[init]: cells.len=1
error: TEMP_DIAGNOSTIC n_ledger[init]: cells.len=1
error: TEMP_DIAGNOSTIC n_ledger[init]: cells.len=1
error: TEMP_DIAGNOSTIC n_ledger[init]: cells.len=1
info: daily conservation accepted: day=99 year=1998 hour=24 water=1.917157370088768e-14 heat=3.079963408201523e-13 oxygen=5.5358672416658606e-14 hydrogen=6.081750587904519e-16 carbon=3.022793422893887e-13 nitrogen=1.638958565006405e-14 phosphorus=2.550299704553406e-12 aluminum=1.2029661618048038e-8 iron=2.8219097804389643e-5 calcium=8.094538298849534e-10 magnesium=3.069214260249123e-2 sodium=2.408099930236554e-6 potassium=4.619604938453826e-6 sulfur=0e0 chloride=0e0 silicon=2.3797083094142055e-7 sand=1e0 silt=1e0 clay=1e0 rock_additive=0e0 cec=0e0 aec=4.883259575766824e-3
info: day advanced: scene_weather_hours=2376 final_hour_elapsed_ms=1481
error: TEMP_DIAGNOSTIC n_ledger[init]: cells.len=1
error: TEMP_DIAGNOSTIC n_ledger[init]: cells.len=1
error: TEMP_DIAGNOSTIC n_ledger[init]: cells.len=1
error: TEMP_DIAGNOSTIC n_ledger[init]: cells.len=1
error: TEMP_DIAGNOSTIC n_ledger[init]: cells.len=1
error: TEMP_DIAGNOSTIC n_ledger[init]: cells.len=1
error: TEMP_DIAGNOSTIC n_ledger[init]: cells.len=1
error: TEMP_DIAGNOSTIC n_ledger[init]: cells.len=1
error: TEMP_DIAGNOSTIC n_ledger[init]: cells.len=1
error: TEMP_DIAGNOSTIC n_ledger[init]: cells.len=1
error: TEMP_DIAGNOSTIC n_ledger[init]: cells.len=1
error: TEMP_DIAGNOSTIC n_ledger[init]: cells.len=1
error: TEMP_DIAGNOSTIC n_ledger[init]: cells.len=1
error: TEMP_DIAGNOSTIC n_ledger[init]: cells.len=1
error: TEMP_DIAGNOSTIC n_ledger[init]: cells.len=1
error: TEMP_DIAGNOSTIC n_ledger[init]: cells.len=1
error: TEMP_DIAGNOSTIC n_ledger[init]: cells.len=1
error: TEMP_DIAGNOSTIC n_ledger[init]: cells.len=1
error: TEMP_DIAGNOSTIC n_ledger[init]: cells.len=1
error: TEMP_DIAGNOSTIC n_ledger[init]: cells.len=1
error: TEMP_DIAGNOSTIC n_ledger[init]: cells.len=1
error: TEMP_DIAGNOSTIC n_ledger[init]: cells.len=1
error: TEMP_DIAGNOSTIC n_ledger[init]: cells.len=1
error: TEMP_DIAGNOSTIC n_ledger[init]: cells.len=1
error: TEMP_DIAGNOSTIC n_ledger[init]: cells.len=1
error: TEMP_DIAGNOSTIC n_ledger[init]: cells.len=1
error: TEMP_DIAGNOSTIC n_ledger[init]: cells.len=1
error: TEMP_DIAGNOSTIC n_ledger[init]: cells.len=1
error: TEMP_DIAGNOSTIC n_ledger[init]: cells.len=1
error: TEMP_DIAGNOSTIC n_ledger[init]: cells.len=1
error: TEMP_DIAGNOSTIC n_ledger[init]: cells.len=1
error: TEMP_DIAGNOSTIC n_ledger[init]: cells.len=1
error: TEMP_DIAGNOSTIC n_ledger[init]: cells.len=1
error: TEMP_DIAGNOSTIC n_ledger[init]: cells.len=1
error: TEMP_DIAGNOSTIC n_ledger[init]: cells.len=1
error: TEMP_DIAGNOSTIC n_ledger[init]: cells.len=1
error: TEMP_DIAGNOSTIC n_ledger[init]: cells.len=1
error: TEMP_DIAGNOSTIC n_ledger[init]: cells.len=1
error: TEMP_DIAGNOSTIC n_ledger[init]: cells.len=1
error: TEMP_DIAGNOSTIC n_ledger[init]: cells.len=1
error: TEMP_DIAGNOSTIC n_ledger[init]: cells.len=1
error: TEMP_DIAGNOSTIC n_ledger[init]: cells.len=1
error: TEMP_DIAGNOSTIC n_ledger[init]: cells.len=1
error: TEMP_DIAGNOSTIC n_ledger[init]: cells.len=1
error: TEMP_DIAGNOSTIC n_ledger[init]: cells.len=1
error: TEMP_DIAGNOSTIC n_ledger[init]: cells.len=1
error: TEMP_DIAGNOSTIC n_ledger[init]: cells.len=1
error: TEMP_DIAGNOSTIC n_ledger[init]: cells.len=1
info: daily conservation accepted: day=100 year=1998 hour=24 water=2.0386873115285714e-14 heat=3.1206413410887104e-13 oxygen=5.532449535252143e-14 hydrogen=7.153136168774309e-16 carbon=2.625565248767814e-13 nitrogen=1.692156865081128e-14 phosphorus=2.4154766015257175e-12 aluminum=1.2242089536393353e-8 iron=2.8597687531975756e-5 calcium=8.570154572249377e-10 magnesium=3.265764646515537e-2 sodium=2.6626191245025413e-6 potassium=4.944296709400688e-6 sulfur=0e0 chloride=0e0 silicon=2.438353695671723e-7 sand=1e0 silt=1e0 clay=1e0 rock_additive=0e0 cec=0e0 aec=2.413136511886583e-3
info: day advanced: scene_weather_hours=2400 final_hour_elapsed_ms=8980
error: TEMP_DIAGNOSTIC n_ledger[init]: cells.len=1
error: TEMP_DIAGNOSTIC n_ledger[init]: cells.len=1
error: TEMP_DIAGNOSTIC n_ledger[init]: cells.len=1
error: TEMP_DIAGNOSTIC n_ledger[init]: cells.len=1
error: TEMP_DIAGNOSTIC n_ledger[init]: cells.len=1
error: TEMP_DIAGNOSTIC n_ledger[init]: cells.len=1
error: TEMP_DIAGNOSTIC n_ledger[init]: cells.len=1
error: TEMP_DIAGNOSTIC n_ledger[init]: cells.len=1
error: TEMP_DIAGNOSTIC n_ledger[init]: cells.len=1
error: TEMP_DIAGNOSTIC n_ledger[init]: cells.len=1
error: TEMP_DIAGNOSTIC n_ledger[init]: cells.len=1
error: TEMP_DIAGNOSTIC n_ledger[init]: cells.len=1
error: TEMP_DIAGNOSTIC n_ledger[init]: cells.len=1
error: TEMP_DIAGNOSTIC n_ledger[init]: cells.len=1
error: TEMP_DIAGNOSTIC n_ledger[init]: cells.len=1
